mfcc_1,mfcc_2,mfcc_3,mfcc_4,mfcc_5,mfcc_6,mfcc_7,mfcc_8,mfcc_9,mfcc_10,mfcc_11,mfcc_12,mfcc_13,mfcc_14,mfcc_15,mfcc_16,mfcc_17,mfcc_18,mfcc_19,mfcc_20,mfcc_21,mfcc_22,mfcc_23,mfcc_24,mfcc_25,mfcc_26,mfcc_27,mfcc_28,mfcc_29,mfcc_30,mfcc_31,mfcc_32,mfcc_33,mfcc_34,mfcc_35,mfcc_36,mfcc_37,mfcc_38,mfcc_39,mfcc_40,emotion,speaker,file
-200.83511,187.59068,-46.909164,13.98585,-8.581333,-14.00349,-34.798542,-14.126348,-18.310392,-14.740278,-7.069857,-16.885096,-17.021473,-15.051767,0.81531924,-12.605898,-11.663738,-7.699064,-8.545579,-11.291151,-11.724694,-5.403174,-8.297847,-6.540333,-11.761229,-6.288508,-7.631553,-8.6992035,-1.5127856,-4.5202737,-6.078875,-5.964791,-5.9662714,-7.4888287,-3.829648,-3.5927434,-3.0588276,-4.054615,-3.2583892,-1.7703142,angry,Daivik,Daivik_angry_001.wav
-200.17223,192.5597,-48.28623,19.372532,-14.091955,-14.096694,-27.145311,-20.151655,-16.530745,-16.248598,-7.81147,-19.300236,-16.48907,-14.027745,-1.3806139,-10.298577,-13.324586,-6.7650332,-10.487938,-10.353713,-9.686356,-4.2899404,-6.3004446,-9.428567,-12.387811,-8.258777,-6.4067845,-6.1854196,-1.845097,-5.8447123,-3.8841147,-3.045094,-5.7022023,-4.7703395,-6.0546823,-5.387882,-3.8341944,-5.016861,-3.3168972,-0.1620429,angry,Daivik,Daivik_angry_002.wav
-204.73213,179.93623,-45.036987,11.423793,-10.859771,-13.230566,-30.254093,-13.797566,-15.717711,-15.988208,-9.0060215,-18.83645,-15.513984,-13.060326,0.568612,-9.85917,-13.899284,-6.2969656,-5.67097,-11.006326,-11.381787,-6.092392,-7.481639,-9.086493,-13.249936,-6.1332264,-5.918818,-5.990807,-3.2637427,-4.7814207,-1.7483414,-4.529767,-7.0137753,-6.7835402,-5.028381,-4.824876,-4.17446,-5.7478743,-5.017598,-0.9384532,angry,Daivik,Daivik_angry_003.wav
-203.88647,182.5665,-53.809887,21.795868,-11.89188,-12.837615,-36.41308,-14.53028,-17.8354,-14.692353,-8.900886,-22.63845,-14.588212,-14.1092205,-0.27039033,-10.598349,-13.367338,-5.369153,-5.975452,-9.365351,-10.413511,-3.36161,-5.393771,-8.2207,-11.844244,-8.816549,-8.521978,-7.4049945,-2.138699,-5.1263647,-4.9634786,-5.8243685,-7.212433,-3.9936316,-2.1919074,-3.5948045,-1.0251362,-3.9487748,-4.454107,-1.4672048,angry,Daivik,Daivik_angry_004.wav
-197.7489,169.90811,-37.573093,23.42901,8.521782,-20.30423,-34.210453,-7.5415583,-19.199518,-23.837053,-12.629553,-21.47845,-16.33767,-12.191376,-4.99847,-10.10167,-11.391807,-3.8538,-3.2156732,-11.028864,-12.802576,-7.2418475,-6.2772484,-9.704755,-13.005517,-7.360486,-8.373577,-5.4196625,-1.8690982,-4.527572,-1.4971673,-5.132363,-7.8378243,-6.457831,-5.151744,-4.3757596,-4.660147,-6.536913,-5.3782177,-1.4842367,angry,Daivik,Daivik_angry_005.wav
-162.97038,183.02681,-45.533096,26.25885,-15.537083,-9.693016,-37.20843,-15.07035,-16.82256,-16.101942,-10.897059,-18.845009,-12.549858,-17.762268,0.8299769,-13.897352,-12.5137005,-5.500055,-9.985175,-7.7971735,-12.177687,-7.0034766,-8.039354,-8.283784,-9.91647,-7.7700725,-7.407727,-6.0556602,-1.7628676,-3.8305335,-2.8464806,-4.778997,-7.280785,-7.2414412,-5.0971746,-4.7997475,-4.7446356,-5.4189067,-3.5793557,-1.0688424,calm,Daivik,Daivik_calm_001.wav
-175.18068,178.61122,-36.190228,24.205887,-11.336504,-11.889509,-33.2804,-18.620268,-16.15381,-12.172366,-10.372144,-23.689907,-14.939327,-17.266518,1.4305348,-9.891613,-11.760657,-3.4137447,-11.411667,-10.332999,-10.337653,-3.6965683,-6.6152067,-9.502221,-12.32423,-9.96307,-8.008825,-7.2584233,-2.366237,-5.490412,-4.5995855,-5.7077436,-7.609979,-4.5769534,-5.1671524,-6.259688,-3.889793,-5.728785,-3.8157928,-0.44453025,calm,Daivik,Daivik_calm_002.wav
-207.66837,174.88794,-40.95977,16.07,-10.075255,-15.421695,-29.922398,-17.667053,-15.769062,-10.126431,-11.446933,-23.20881,-14.438541,-15.569625,-0.8847851,-12.107412,-10.9564085,-3.402838,-9.477813,-7.814984,-10.431306,-3.4901137,-6.6581855,-10.712721,-11.5705805,-8.541524,-6.411591,-6.8592577,-2.4540675,-4.541353,-5.0136633,-5.7631006,-6.8786893,-5.6048994,-5.2123923,-5.118452,-2.5725417,-4.1616473,-3.7552657,1.4711622,calm,Daivik,Daivik_calm_003.wav
-180.55966,178.09633,-42.774662,22.00217,-12.800364,-13.224912,-30.514612,-20.29594,-17.428867,-8.609817,-10.208645,-23.974636,-14.231295,-14.269068,-0.5857907,-13.082189,-11.022723,-3.199151,-9.000053,-8.044395,-8.877359,-4.6726685,-7.1736555,-7.1046023,-10.052862,-8.64466,-7.771456,-4.9565387,-0.54724663,-3.5395055,-3.351579,-4.6042385,-4.660396,-4.680661,-3.737451,-4.2616134,-2.0734854,-3.094496,-3.7812002,-1.8174303,calm,Daivik,Daivik_calm_004.wav
-180.42694,179.29475,-48.124207,21.228977,-16.970274,-10.690054,-29.438087,-18.105179,-20.427273,-10.62654,-11.073308,-21.837523,-13.106484,-12.862865,0.34667438,-16.394669,-10.553118,-3.4072328,-9.289234,-7.04634,-8.88069,-4.5319386,-7.930716,-6.055938,-8.745932,-8.08085,-8.369268,-5.28571,-1.5818547,-5.1531034,-2.9995866,-6.409605,-5.136597,-5.1604767,-4.120918,-3.3793383,-1.383785,-4.9198,-5.499538,-1.7419379,calm,Daivik,Daivik_calm_005.wav
-195.2686,173.76384,-40.36852,13.884204,-12.745881,-15.936529,-25.05206,-18.970669,-21.441671,-10.625574,-9.781872,-15.839149,-13.474082,-18.26691,0.29655552,-10.422663,-14.886807,-3.1694834,-6.0964956,-6.9343843,-6.1194954,-3.8078313,-7.2998056,-8.58335,-10.489044,-9.67677,-6.7187257,-4.2405586,-3.4697766,-5.346387,-4.0154,-3.513251,-5.200711,-6.730309,-5.0373163,-4.924094,-2.6227388,-6.8794484,-4.39166,0.56024575,disgust,Daivik,Daivik_disgust_001.wav
-206.7192,178.72388,-38.31398,10.981661,-14.389439,-13.418361,-20.824896,-22.901287,-18.5985,-11.309014,-8.402798,-16.598507,-17.135492,-13.18268,-3.1819701,-8.733275,-12.636688,-6.0617642,-4.6011744,-10.184853,-7.2552376,-3.462638,-8.259924,-9.5640335,-9.972557,-9.475986,-8.065931,-3.417332,-2.4929595,-2.0809717,-3.5606313,-4.793967,-3.307104,-7.0483675,-4.3511953,-4.6552715,-3.8302817,-5.2701597,-5.5427265,-2.0673308,disgust,Daivik,Daivik_disgust_002.wav
-202.96187,171.16522,-33.149372,5.597149,-11.29287,-1.1010209,-30.703766,-20.339449,-24.071085,-12.547129,-6.8200035,-18.016043,-14.949695,-19.43863,2.5958424,-9.895237,-14.244432,-2.9165816,-7.4100885,-8.596421,-7.428808,-5.160069,-8.776526,-7.1218805,-11.833843,-7.429566,-6.2534013,-5.9890804,-0.2877814,-3.5837724,-3.9334993,-4.282278,-3.5954697,-5.8899813,-4.7779922,-5.368848,-4.000152,-5.5205846,-4.1861725,-1.8323439,disgust,Daivik,Daivik_disgust_003.wav
-223.73056,169.41422,-39.970463,22.940811,-4.734045,-15.597321,-30.969475,-18.620348,-10.851046,-16.705524,-10.884311,-18.096764,-16.806753,-17.26838,-1.7595606,-7.772236,-13.905567,-0.51491445,-7.271617,-11.650638,-8.611332,-5.1858897,-6.2696857,-10.026526,-13.04438,-9.757632,-4.5998893,-7.1143265,-1.9709792,-1.0381176,-5.215509,-3.6054482,-7.001472,-6.4134207,-3.5805025,-3.3720272,-3.5420527,-6.4873366,-3.4899044,0.30222073,disgust,Daivik,Daivik_disgust_004.wav
-185.28358,180.86261,-37.28156,19.959345,-10.673538,-14.016712,-29.362072,-17.731071,-18.615215,-18.585655,-6.424018,-19.066757,-16.663488,-11.629011,-1.4340984,-11.477212,-13.801902,-2.3741846,-5.6208763,-9.640135,-10.723103,-6.2520313,-6.3002934,-9.054596,-10.097819,-10.570385,-8.442178,-5.156384,-3.4810147,-5.186331,-4.6474366,-4.5220747,-7.909005,-6.163272,-5.282291,-5.015376,-3.7247329,-7.4052424,-4.0027122,-0.98918504,disgust,Daivik,Daivik_disgust_005.wav
-174.59183,185.3257,-40.0208,25.830666,-3.6672611,-12.1845045,-33.933468,-19.649342,-14.673646,-21.35772,-12.141248,-20.88952,-14.993108,-11.686478,-2.2642608,-10.334418,-14.231409,-4.0855803,-6.7475247,-11.276907,-10.218152,-5.2703886,-7.8594694,-8.130704,-9.84281,-9.233789,-6.991269,-6.953829,-2.4266427,-5.8610783,-6.90395,-5.227758,-8.652552,-5.5344157,-4.2764096,-3.847013,-2.1781497,-5.5893965,-4.098097,-2.1476276,fearful,Daivik,Daivik_fearful_001.wav
-212.55597,190.98187,-33.64654,17.554974,-8.3577795,-14.467791,-29.738434,-21.497671,-18.712015,-19.599756,-12.4033,-21.475616,-10.93535,-10.252036,-5.121438,-12.472173,-14.946734,-5.0917244,-8.601577,-11.869337,-11.392527,-3.5306695,-5.5315847,-7.343854,-8.541369,-9.082396,-6.6530724,-6.453131,-1.8007553,-5.1169543,-5.1680264,-4.5306344,-7.495336,-3.4145699,-4.8038964,-5.627479,-3.6720645,-6.3174815,-5.1472826,-1.9738095,fearful,Daivik,Daivik_fearful_002.wav
-170.35445,179.99953,-44.982765,22.685951,-14.516524,-14.382434,-29.924606,-20.930717,-10.763239,-11.363244,-10.086033,-22.277975,-14.053183,-13.143777,-2.0018585,-10.805303,-12.10925,-3.038649,-8.429001,-7.7794876,-7.835541,-4.3390946,-6.288088,-8.67299,-11.956696,-8.8010645,-7.185292,-6.232757,-1.0882196,-5.2153907,-4.6724544,-4.609245,-5.2030325,-4.665584,-3.7879474,-3.094353,-3.4917974,-3.5814579,-4.4215317,-0.802488,fearful,Daivik,Daivik_fearful_003.wav
-193.92749,182.19565,-43.163754,24.582537,-12.564957,-9.237786,-32.07626,-24.780802,-14.29645,-15.728982,-13.025082,-21.537184,-13.641275,-13.059026,-1.9090918,-10.509443,-11.462675,-2.9902449,-7.6891465,-8.387023,-7.6005282,-4.7642603,-7.228751,-5.7284546,-8.963603,-9.2573185,-6.1748915,-4.585608,-1.9065741,-6.046808,-6.6077247,-6.791626,-6.796812,-4.9951706,-5.467711,-3.7553945,-2.6079037,-4.6781645,-2.2798676,-0.33113518,fearful,Daivik,Daivik_fearful_004.wav
-187.48624,187.2465,-47.410797,22.297884,-12.697637,-8.569656,-30.279678,-23.518442,-12.2126875,-13.623793,-9.982946,-21.097353,-15.134978,-11.404023,-2.154263,-11.227421,-11.2638645,-4.292917,-7.765699,-8.082071,-7.688357,-7.0839024,-6.730868,-5.564043,-10.628115,-8.175748,-8.66106,-4.6096025,-0.5655949,-4.9224615,-3.6012392,-5.340151,-5.2165055,-4.6418376,-4.127556,-4.1282773,-3.9750597,-5.901505,-4.6025696,0.12174972,fearful,Daivik,Daivik_fearful_005.wav
-164.49576,185.24533,-53.323853,21.405375,-14.412553,-4.6658816,-32.79042,-21.960508,-14.387945,-15.909694,-11.027362,-22.46052,-9.830336,-13.387806,-4.035516,-11.986419,-11.416693,-2.9664025,-9.269669,-8.495383,-10.240376,-5.701194,-3.874249,-6.557682,-10.507946,-8.918263,-9.1058235,-5.0159664,-1.8972598,-3.935255,-3.169973,-6.4575896,-5.4908013,-4.802071,-3.0553496,-3.2225618,-3.448765,-3.275311,-4.5416694,-2.3575356,fearful,Daivik,Daivik_fearful_006.wav
-183.105,183.60075,-30.576702,13.086493,-7.3960037,-11.626595,-38.961964,-21.781866,-21.214056,-21.415045,-14.33537,-20.58385,-16.054167,-13.630482,-0.23421332,-12.155854,-12.886528,-4.4847016,-6.5347924,-10.933355,-10.853204,-3.689589,-6.898167,-8.36313,-10.344392,-7.287654,-5.8485975,-4.1255107,-2.63661,-7.1205926,-6.4031777,-6.5393105,-6.6957355,-5.951474,-4.4952607,-5.6101193,-5.7778296,-5.1714525,-2.5088413,-0.88661885,happy,Daivik,Daivik_happy_001.wav
-208.14853,174.82912,-24.05495,11.605493,-3.2960205,-12.520657,-35.400204,-19.484898,-22.622301,-21.142054,-14.27323,-21.068394,-12.911191,-11.261518,-1.7509037,-11.209917,-11.988935,-3.0001361,-7.9461164,-12.235696,-9.360364,-3.3634531,-7.2611027,-9.799793,-10.399451,-7.797379,-7.199503,-7.212139,-3.3437397,-5.2753143,-4.553576,-4.9801493,-6.770871,-3.707638,-4.242878,-5.1740837,-3.3045437,-4.1239395,-2.9496255,-2.5691338,happy,Daivik,Daivik_happy_002.wav
-188.45723,178.30197,-46.334538,21.289827,-8.921537,-11.123132,-30.162199,-20.393297,-13.229677,-16.64482,-12.544995,-19.031124,-16.317766,-12.7957,-0.9340167,-12.40909,-13.097493,-1.8892503,-4.8234324,-10.055095,-10.285901,-3.1747365,-7.751577,-8.199656,-9.934637,-8.297759,-6.5816402,-6.205725,0.88877445,-3.8733892,-3.9388974,-4.6851716,-6.4257245,-4.632988,-5.2873073,-3.5020294,-3.8597467,-6.142927,-4.7020698,-2.2538502,happy,Daivik,Daivik_happy_003.wav
-184.2723,178.86108,-37.306202,17.821682,-13.132831,-8.903212,-34.771103,-20.106525,-19.132158,-16.739353,-11.559493,-22.44721,-11.548423,-12.664914,-2.2389696,-10.772733,-11.254483,-2.568641,-6.506463,-11.500322,-10.309528,-3.0405414,-8.530103,-9.814073,-10.264247,-8.844421,-7.2907147,-6.374025,-3.669111,-5.2717915,-5.002861,-5.809198,-6.12665,-4.5546765,-4.2807293,-3.9783404,-1.896969,-4.5154104,-3.1854892,-0.3671354,happy,Daivik,Daivik_happy_004.wav
-201.69437,174.37637,-36.432487,13.834302,-7.4064956,-10.125138,-29.690159,-21.133907,-18.166496,-17.465754,-14.262672,-19.222652,-12.982765,-10.908098,-3.0187094,-10.474171,-12.830362,-1.6647917,-5.1518006,-11.148877,-6.8308163,-4.8565626,-7.680413,-8.867793,-10.882658,-7.7330046,-6.124208,-5.9894,-3.5406613,-3.836797,-5.5366797,-6.2808466,-4.6320167,-5.2803636,-5.4659944,-5.7557235,-3.6642256,-5.585788,-4.7276235,-2.4203615,happy,Daivik,Daivik_happy_005.wav
-190.8966,188.22455,-47.96172,17.865396,-11.17958,-16.02251,-28.605629,-20.40173,-21.836153,-17.455645,-4.5361423,-19.60853,-13.989574,-14.993861,-5.0904217,-8.077595,-14.100524,-7.318851,-9.013638,-8.227901,-11.156528,-5.7366714,-1.6015689,-9.322324,-11.459358,-6.7036843,-7.471124,-6.8810716,-3.211139,-5.1695147,-4.9752073,-3.046069,-5.0660686,-4.5251284,-4.9394174,-7.505146,-4.461431,-4.9176564,-5.620708,-1.5981661,neutral,Daivik,Daivik_neutral_001.wav
-199.1259,178.73328,-45.750828,19.103653,-6.556234,-15.271924,-29.279524,-21.073147,-18.810581,-15.455741,-7.019283,-18.353586,-10.273337,-11.284438,-4.0526047,-10.006808,-13.708244,-7.052779,-7.5040393,-9.095772,-13.392161,-1.3083607,-0.06632207,-8.4819355,-11.725661,-9.313816,-7.006173,-7.140934,-4.227471,-6.569102,-4.02348,-4.996287,-7.0494456,-5.4927893,-7.5942273,-7.9587674,-7.475694,-5.9207797,-7.3056483,-4.4505677,neutral,Daivik,Daivik_neutral_002.wav
-244.35172,176.86197,-43.58672,12.274347,-0.0031846708,-12.346445,-25.257967,-20.791365,-18.788994,-18.776754,-11.76617,-20.456347,-15.485246,-13.464252,-3.7671206,-10.707089,-12.3098135,-2.5288904,-8.972073,-7.397956,-8.800268,-3.7625427,-3.015998,-10.408796,-10.913576,-7.417541,-5.9053435,-8.374917,-4.1893177,-7.185922,-6.173017,-3.8295784,-8.231867,-4.077134,-4.5624413,-5.1050878,-3.7334874,-3.128368,0.04757723,1.4645079,neutral,Daivik,Daivik_neutral_003.wav
-231.40387,180.66124,-35.67097,17.83155,1.5415597,-19.133472,-28.268995,-16.48008,-21.932447,-18.233604,-11.612123,-22.737026,-13.765018,-13.731288,-4.687495,-8.877226,-11.7201185,-4.855807,-6.738541,-6.9924955,-11.247312,-4.9021206,-4.811797,-11.735682,-11.366094,-6.9985,-6.2976346,-5.528963,-1.315707,-4.260795,-3.4915802,-4.281149,-7.736228,-5.458546,-5.799167,-7.0971336,-6.6504073,-6.576466,-4.844844,-1.6549616,neutral,Daivik,Daivik_neutral_004.wav
-222.65623,185.5679,-38.87221,13.861289,-0.0512713,-16.923426,-26.092344,-23.698622,-22.84416,-19.098543,-13.179591,-20.209127,-14.139956,-15.209229,-4.4892197,-7.904847,-13.178903,-3.271057,-8.566827,-9.189188,-9.603086,-6.324879,-4.648368,-11.370844,-9.585005,-6.803859,-6.5971255,-4.303075,-3.1960907,-4.289762,-2.0908036,-3.0792024,-7.388504,-4.390088,-5.3956947,-7.9522543,-4.407064,-6.1622643,-4.351471,-0.5267568,neutral,Daivik,Daivik_neutral_005.wav
-171.40016,182.1215,-43.079315,20.440575,-6.8963566,-11.617163,-27.623148,-17.819021,-15.320479,-14.853649,-9.591459,-21.027336,-12.324288,-15.693171,-2.524649,-11.242325,-15.877961,-4.51142,-9.758497,-8.878694,-10.025572,-3.9150004,-8.158624,-10.775122,-10.195736,-8.673097,-5.7112775,-5.6298685,0.3527432,-6.7329626,-4.867657,-4.1367836,-6.398936,-2.416232,-6.095323,-2.8887231,-5.515448,-6.717525,-3.9096746,-3.5596426,sad,Daivik,Daivik_sad_001.wav
-186.91118,186.07422,-44.4227,19.491507,-7.4709067,-13.4451065,-31.120571,-17.033524,-18.022299,-16.532444,-11.467429,-21.788757,-11.1056,-14.586187,-0.49349302,-11.25025,-15.756613,-4.8534303,-9.609882,-11.295655,-10.417355,-1.2553631,-7.0109315,-9.13984,-10.802509,-9.71912,-5.7255225,-7.3879895,-2.0200846,-4.3563404,-4.6652517,-6.598356,-6.295971,-4.7827845,-8.40646,-5.6941557,-5.694432,-5.721342,-5.583242,-3.5358891,sad,Daivik,Daivik_sad_002.wav
-168.60542,185.69756,-41.982555,22.962645,-12.312899,-11.704985,-30.248194,-15.854549,-17.054943,-19.964022,-12.27095,-21.484024,-12.664542,-13.073992,-1.8215668,-12.729308,-14.729841,-4.625216,-8.764855,-10.388336,-10.086971,-3.5820484,-7.684452,-9.41047,-9.470265,-9.144694,-7.3892875,-6.8460145,-1.2437027,-5.5016003,-7.4483542,-4.9527564,-6.611212,-4.4837837,-5.303164,-4.1625085,-3.5075479,-6.5990252,-4.261364,-2.6515703,sad,Daivik,Daivik_sad_003.wav
-172.78241,189.30261,-38.682087,18.597914,-4.0799704,-16.2084,-32.35997,-20.013374,-18.01553,-20.235031,-12.306528,-19.497782,-12.895154,-12.724608,-3.601147,-11.127528,-15.169968,-4.185476,-7.5854173,-10.079166,-12.626212,-4.933904,-6.808985,-11.811918,-9.214276,-10.51969,-7.5483756,-6.8019867,-2.9283876,-5.9067636,-5.4101534,-3.3890343,-7.4738536,-2.9252768,-4.472322,-3.652606,-3.648032,-6.4353666,-3.7993596,-3.4141521,sad,Daivik,Daivik_sad_004.wav
-177.77266,188.75214,-38.137604,20.24223,-7.6776347,-14.299021,-30.66223,-18.833563,-17.77502,-16.742289,-13.3519125,-23.646744,-13.078385,-15.292952,-2.6761377,-13.203491,-15.875618,-3.803961,-10.362103,-9.973582,-9.973631,-3.7995682,-6.5602565,-8.229402,-8.364169,-9.423543,-4.986662,-5.903906,-1.2429664,-3.3977792,-7.7170215,-5.7807803,-6.8808117,-4.379883,-5.033617,-6.3277144,-3.9893422,-6.149598,-4.6590133,-2.1568992,sad,Daivik,Daivik_sad_005.wav
-191.15733,173.54837,-35.235527,24.070702,-6.71961,-16.24794,-28.957178,-19.50692,-23.565516,-8.9321785,-11.941259,-23.183449,-15.072185,-18.950447,2.5795674,-9.832347,-11.885962,-4.8865924,-9.017909,-10.736695,-10.466404,-1.039935,-11.40164,-10.431635,-11.35908,-11.698863,-7.957856,-6.967755,0.3084946,-4.8392797,-4.826132,-4.0519266,-5.6180716,-4.971326,-5.9493937,-5.636469,-5.053474,-5.746633,-4.3083453,-0.2701652,surprised,Daivik,Daivik_surprised_001.wav
-191.48616,177.82016,-41.08965,16.037262,-4.4351807,-19.322863,-24.571823,-19.173428,-16.768604,-14.403835,-9.790956,-17.61148,-19.555439,-13.0571995,-2.1566575,-10.341376,-11.694074,-6.648859,-8.6269045,-9.699695,-10.419204,-6.8067775,-7.4240184,-9.8995695,-10.978173,-10.311487,-8.409632,-4.232838,-2.6789205,-2.834486,-0.58749187,-4.2884865,-5.3221216,-3.42365,-3.494272,-3.3842363,-3.3170469,-4.707393,-2.9261055,-0.79764616,surprised,Daivik,Daivik_surprised_002.wav
-201.4192,184.4839,-48.48976,19.079832,-9.502457,-16.6901,-25.825693,-19.561192,-17.465672,-12.463935,-8.826623,-21.444126,-15.158874,-13.5202875,-0.8092593,-8.74515,-13.86383,-7.217121,-10.3287525,-8.006777,-7.0274143,-3.1626673,-7.0747614,-11.584957,-10.874767,-8.658807,-7.876187,-6.3829184,-3.3252306,-4.9753036,-4.9814563,-5.262888,-4.4473867,-3.724005,-4.7372174,-3.724966,-3.9415004,-6.1744423,-3.7359252,-0.4167541,surprised,Daivik,Daivik_surprised_003.wav
-183.38924,185.95479,-47.331112,19.506916,-9.073037,-17.809263,-26.563753,-19.51246,-16.100487,-12.929142,-9.988613,-18.534445,-15.718775,-12.95349,-1.6379063,-11.540659,-12.706407,-4.0056624,-5.740765,-9.253906,-9.238814,-2.515624,-6.354071,-10.174265,-12.494425,-8.718862,-5.880786,-5.618186,-2.364151,-5.1917434,-3.7985916,-5.64705,-7.3575907,-4.4834743,-4.594676,-4.607149,-4.5995655,-5.0147076,-3.05888,-1.2989955,surprised,Daivik,Daivik_surprised_004.wav
-223.224,157.48688,-31.47108,12.35927,5.0080357,-18.95582,-37.096577,-16.927322,-20.11448,-18.136408,-7.528299,-21.729616,-17.577034,-14.152629,-2.5522156,-6.703399,-13.218395,-4.512115,-6.0818014,-6.174517,-7.797398,-5.6981564,-6.0424676,-11.65978,-8.027382,-7.11086,-7.853254,-3.3143687,-0.9883962,-3.9709795,-4.474187,-3.2056906,-6.4322248,-4.8630323,-3.5527396,-4.2415767,-3.2382474,-2.9984877,-0.48317236,2.2006514,surprised,Daivik,Daivik_surprised_005.wav
-227.03972,180.24118,-30.049494,19.843666,20.028233,-15.168449,-25.51542,-14.971912,-8.728172,-15.646031,-13.307284,-16.081577,-15.74417,-8.501939,-13.062216,-13.701803,-7.893584,-9.757202,-12.850592,-7.9998517,-3.8325977,-9.4570675,-7.6610456,-3.7989733,-5.9424367,-7.7663493,-9.910131,-1.7858938,0.4243384,-4.8265944,0.25303826,1.0455589,-3.352869,-5.6784453,-4.3637133,0.64602965,0.09360593,-8.985434,-9.6562805,-1.058865,angry,Gauri,Gauri_angry_001.wav
-230.18283,170.35768,-19.979052,14.437248,19.090862,-14.956617,-30.649765,-16.171215,-6.7214146,-13.010074,-16.856524,-17.045534,-16.415865,-8.660388,-6.770993,-16.51356,-7.6259627,-4.753547,-10.932337,-7.9345956,-7.686853,-7.7919374,-7.0941515,-5.061081,-5.3570848,-8.569107,-7.4843836,-0.9532905,0.021683352,-4.2468715,0.40429592,3.0952435,-2.3569624,-3.3191516,-2.4076872,-1.0661113,-0.859968,-8.42559,-8.629917,-1.558133,angry,Gauri,Gauri_angry_002.wav
-219.91562,179.38155,-26.455694,19.66849,16.92529,-17.724968,-24.840492,-14.285454,-7.944004,-14.36661,-14.400553,-16.083574,-15.86743,-6.787221,-11.175646,-14.667807,-4.527189,-7.568557,-11.571863,-7.384264,-5.1243944,-6.597359,-7.095934,-6.5274076,-9.787182,-10.462425,-9.488464,-2.0464888,0.68163574,-3.196775,1.7246459,1.4827392,-1.1987119,-2.7634196,-4.3082156,0.6975254,-1.0689236,-9.128939,-6.7229633,-1.6108785,angry,Gauri,Gauri_angry_003.wav
-200.03065,179.33159,-34.99134,15.664529,-8.619556,-2.15743,-34.764545,-5.240269,-5.7037377,-22.79946,-10.55383,-19.776028,-14.520965,-1.2362378,-10.9038725,-20.962011,-5.582828,-9.191397,-8.595949,-4.8561716,-9.856908,-7.3888826,-8.957186,-7.184112,-8.231211,-4.5322456,-10.638006,-8.719693,-2.8159354,-4.8318257,6.098753,4.1480246,0.76491916,-2.743227,-3.6448946,-0.69706774,-0.2922873,-7.5467954,-7.224451,0.15459023,angry,Gauri,Gauri_angry_004.wav
-198.9079,176.9542,-32.753323,19.324572,-4.1404314,-9.159745,-32.19715,-6.455413,-8.704641,-18.6888,-6.6518326,-26.885084,-6.9632854,-8.012233,-16.817308,-11.0164795,-11.359152,-5.0699663,-12.628364,-7.8368587,-3.3145769,-10.5038,-9.572785,-9.529166,-8.307223,-6.9544573,-8.436268,-3.1815193,3.7062855,-0.5080894,-1.3419499,3.313373,-1.0419743,-3.4119003,-0.97876,-0.6812962,-3.5524886,-9.405751,-5.579735,-1.292195,angry,Gauri,Gauri_angry_005.wav
-193.94875,192.35165,-37.98202,26.595705,4.0288086,-6.5074377,-24.952219,-16.81246,-7.5980825,-12.689391,-13.552223,-16.761494,-11.734961,-14.673248,-7.021495,-11.311207,-9.771158,-8.425944,-13.135561,-7.657628,-6.492781,-5.140819,-8.470654,-5.1737747,-4.297925,-8.127862,-9.139237,-4.337161,-1.108473,-8.930069,-2.1210885,0.45033202,-1.7086835,0.17865545,-3.8499563,-0.00774109,-1.0321836,-8.746682,-7.841166,-0.13312703,calm,Gauri,Gauri_calm_001.wav
-187.81091,174.76108,-28.690413,22.48388,4.71973,-6.4806232,-32.02312,-14.007581,-8.611226,-17.16362,-16.281023,-15.936057,-11.400413,-10.619591,-6.3640857,-14.63976,-6.270474,-12.40375,-12.949441,-2.9557984,-8.631993,-3.6678874,-10.200476,-6.2209425,-5.147227,-11.858208,-8.001234,-4.2186074,-1.2015586,-8.007232,-3.942588,3.170884,1.762203,0.8950958,-4.258578,-2.170353,0.33330524,-10.919584,-7.053136,0.041052252,calm,Gauri,Gauri_calm_002.wav
-195.7334,186.36743,-32.139996,15.161044,0.7921032,-8.830863,-19.774736,-9.582838,-11.75797,-20.710127,-18.316368,-13.273874,-3.0501382,-10.828482,-9.79415,-18.48412,-13.313019,0.55718553,-9.612383,-5.7770305,-7.6837845,-12.331866,-3.8596659,-2.49212,-2.5379374,-8.678026,-15.472336,-8.041776,-3.5708754,-6.286878,-0.7831216,0.6761958,-1.7835878,-2.714379,-3.6066363,2.6965327,0.83634627,-7.4212914,-7.5270143,-3.9865763,calm,Gauri,Gauri_calm_003.wav
-194.73676,170.81189,-22.89549,17.365913,8.249703,-10.163238,-23.690805,-8.384769,-9.947072,-23.672428,-15.385394,-12.360135,-13.667731,-6.21523,-9.1106,-25.570242,-7.3874907,-2.6686366,-8.88164,-6.4436245,-10.465282,-6.009945,-7.1344857,-2.7620502,-4.7834835,-8.1181,-8.022193,-8.346921,-0.6453641,-2.9991033,-1.0230117,2.3552976,-3.7025595,-5.888995,-3.3507397,0.90927154,0.5031531,-6.529281,-7.7013206,-3.2558935,calm,Gauri,Gauri_calm_004.wav
-202.25526,178.85553,-29.368502,16.648384,11.241806,-11.937985,-20.481426,-9.423092,-10.735683,-22.660694,-17.925135,-12.305001,-8.761749,-5.795665,-11.040547,-23.661392,-9.376982,-1.7448025,-8.514353,-7.7886953,-8.642049,-7.902249,-6.836694,-0.77320045,-3.2517807,-8.689997,-10.330563,-7.0802865,0.6685993,-1.6999753,1.7228038,3.562577,-4.678644,-6.05463,-2.9011183,2.8564613,2.0798812,-7.9045496,-9.3880205,-4.46347,calm,Gauri,Gauri_calm_005.wav
-165.94264,190.26366,-37.244133,23.1526,4.5422406,-8.975226,-35.017975,-18.15925,-6.8639283,-9.638928,-9.95228,-16.027609,-11.60206,-16.678356,-6.9762225,-12.553329,-8.697379,-8.1479,-18.540468,-6.6238284,-5.453107,-3.5188756,-5.6029487,-7.5207734,-2.9332738,-8.120862,-9.131848,-2.3763597,-0.18674658,-7.500643,-4.013297,-0.30353427,-2.498206,-1.4125872,-3.5989828,-0.17957036,-1.1759675,-8.002343,-7.062207,-1.2149379,disgust,Gauri,Gauri_disgust_001.wav
-188.5646,188.42859,-31.701971,23.59471,6.7322893,-8.375229,-37.07945,-16.35511,-6.898348,-9.284775,-11.35116,-16.257915,-13.976568,-14.95773,-4.1112294,-14.337523,-10.446805,-7.574536,-17.54672,-4.79025,-3.8732572,-6.3447356,-7.1523714,-8.523341,-5.508053,-11.304912,-12.0275345,-0.04320653,-1.4030669,-8.58033,-1.8138274,2.1320534,-0.7648481,-2.1115274,-2.1856542,-0.2726655,0.22279927,-10.788395,-7.5057926,-1.9046078,disgust,Gauri,Gauri_disgust_002.wav
-210.33243,195.30998,-31.903147,25.409517,5.775406,-10.401107,-38.39402,-19.917988,-8.851078,-10.214256,-8.476574,-18.748419,-11.249296,-12.577689,-7.4209366,-9.471679,-12.545602,-6.1963267,-15.691203,-9.246633,-2.2350004,-8.4367695,-6.4066877,-8.827738,-8.13891,-8.810096,-10.549553,0.56421417,-0.6169064,-6.5700912,-1.5706776,0.7353695,0.35994792,-0.5971175,-1.5864279,-1.0150307,-0.73669493,-10.205297,-7.1314464,-0.43485078,disgust,Gauri,Gauri_disgust_003.wav
-223.31314,167.28247,-16.021387,16.185614,12.525135,-4.339278,-28.101603,-13.407072,-10.860519,-16.452982,-14.525928,-16.151466,-15.351896,-8.195382,-6.9449053,-19.742188,-6.233433,-5.7146707,-11.20798,-6.2181554,-6.5483136,-6.966612,-12.672611,-8.00642,-6.356412,-10.154435,-11.240537,-6.184657,-1.7795438,-5.417243,-1.5080541,2.8032775,-0.9093202,-2.1905527,-2.4160564,-1.5907592,1.202597,-8.745356,-8.333112,-0.27020013,disgust,Gauri,Gauri_disgust_004.wav
-228.10329,169.64287,-18.541637,17.096392,6.443958,-13.287996,-35.490383,-14.417352,-12.467817,-18.751701,-8.291437,-19.392607,-14.5573435,-5.4022255,-13.63788,-11.785369,-8.414322,-8.755068,-10.467625,-12.680887,-6.7505794,-7.715717,-10.037246,-5.0955887,-2.901231,-9.1273575,-7.9930677,-1.6577306,-5.0131497,-6.9236155,-2.1405656,3.6391294,0.95718336,-3.8829627,-1.8432955,-1.1375692,-0.5415851,-5.19684,-5.1945624,-0.51054215,disgust,Gauri,Gauri_disgust_005.wav
-201.65689,185.7149,-31.779234,23.551264,12.430542,-17.33805,-28.542044,-18.185205,-7.350109,-14.616606,-11.711087,-18.687485,-17.09324,-8.818429,-12.491773,-13.458075,-6.658758,-7.9988112,-10.277997,-5.5485125,-3.763852,-4.1831594,-6.9466305,-5.1276064,-3.8708148,-9.895345,-6.7918243,3.5861464,1.1690891,-5.9024787,-2.2599456,0.996173,-2.7045603,-7.556054,-7.006816,-1.6710774,-4.2667313,-10.767944,-7.2149434,-1.305084,fearful,Gauri,Gauri_fearful_001.wav
-199.38763,174.26437,-25.890198,20.312662,19.137842,-14.91226,-27.697351,-18.057108,-7.525276,-11.770253,-11.523795,-17.150396,-16.1798,-8.928372,-14.461498,-11.345405,-6.4556737,-12.752244,-10.522809,-6.9463243,-4.4849896,-3.99492,-4.8745184,-4.509786,-5.2272434,-7.6624117,-7.998373,3.70125,1.5671886,-5.992489,0.6358316,-0.42234364,-3.6972885,-5.1783485,-5.5095167,-1.599073,-4.0520396,-11.153439,-8.73794,-1.2015383,fearful,Gauri,Gauri_fearful_002.wav
-201.36844,181.48448,-29.434282,30.240482,11.559166,-11.817069,-30.566519,-19.000776,-7.772657,-13.943881,-10.55969,-25.036499,-15.416825,-9.16195,-17.28458,-8.29203,-5.2504926,-11.574811,-12.536665,-7.868032,-4.6083646,-4.0165267,-5.256618,-4.2117476,-2.9982305,-10.250282,-8.411471,3.6187642,0.9499148,-3.8744318,0.60716814,3.0800211,-1.1367325,-7.0562334,-5.486695,-1.9016477,-4.568265,-11.579855,-8.713798,-0.7587786,fearful,Gauri,Gauri_fearful_003.wav
-218.04343,172.26662,-26.332325,21.389835,14.313601,-13.754874,-31.844404,-15.549717,-10.929986,-15.57275,-10.131551,-17.938059,-17.114937,-6.7358885,-12.915178,-15.301832,-6.2003393,-8.917438,-11.60872,-9.70655,-4.3490543,-6.84521,-8.469099,-5.135176,-4.7044296,-8.009285,-10.307334,1.5343863,-0.41903505,-2.8408535,3.112792,0.4236211,-1.591104,-5.381563,-4.637046,-2.126883,-1.8241401,-8.904574,-8.458247,-2.6375637,fearful,Gauri,Gauri_fearful_004.wav
-206.28629,174.21832,-28.244473,23.586864,11.967397,-14.6504545,-30.438387,-11.05338,-14.922853,-13.7652855,-10.64799,-23.868803,-13.23451,-14.014364,-15.554452,-11.642693,-9.990315,-8.411742,-9.391352,-7.5597076,-4.228418,-5.180521,-8.689536,-6.1174994,-1.0273986,-5.550914,-8.255933,-3.6526887,-4.366602,-3.1246774,1.812244,2.9456093,-1.3003607,-6.536033,-5.9377527,-1.3169805,-0.30630988,-7.479152,-6.562113,0.60321146,fearful,Gauri,Gauri_fearful_005.wav
-184.78604,174.15323,-32.455948,22.300226,5.536852,-12.289421,-27.882484,-13.086325,-13.185542,-9.721844,-11.607303,-20.187706,-12.262457,-17.393568,-9.817328,-14.061093,-8.456792,-4.894839,-13.631606,-7.7132387,-5.0962367,-6.2232356,-9.179842,-7.2902837,-3.1482794,-8.352091,-13.41359,-1.5736191,-2.047312,-6.5855465,2.777114,1.449106,-0.3393159,-3.2119715,-4.3897953,2.5900624,-1.1772588,-9.450827,-4.2811337,-1.1287144,fearful,Gauri,Gauri_fearful_006.wav
-195.11589,174.54407,-21.280321,6.0818076,9.292927,-10.339714,-20.194407,-9.228774,-12.482704,-16.02435,-13.290354,-18.125885,-7.5147686,-4.148173,-17.930542,-20.338146,-9.525328,-10.41123,-7.647234,-4.9742393,-8.392421,-6.9310055,-5.2416673,3.1070313,1.6165441,-6.581689,-8.454344,-6.076394,-2.4082224,-4.080203,-2.1526837,-2.9078658,-5.276954,-4.6829476,-5.2774177,1.2720015,2.167865,-9.012205,-10.815601,-4.5129,happy,Gauri,Gauri_happy_001.wav
-183.4822,178.80455,-26.501783,19.836857,2.2179034,-8.533539,-30.720633,-12.9110985,-9.001942,-13.678604,-13.651671,-23.188019,-8.77815,-9.365673,-12.898686,-11.56545,-14.924161,-8.695807,-8.082357,-12.473357,-3.2071726,-6.744251,-8.266549,-3.1746464,-7.360932,-3.8213537,-7.7141767,-3.6995797,1.7923568,-2.7239938,-4.426014,-3.604093,-0.3825781,-4.1088,-2.0513635,0.5095495,-0.36296996,-6.815218,-7.8303146,-1.8504969,happy,Gauri,Gauri_happy_002.wav
-197.65086,184.09383,-32.584827,20.421322,0.796769,-9.504742,-25.877493,-13.641475,-9.276752,-17.471632,-12.3458185,-18.293852,-7.511379,-5.8030148,-16.10196,-13.876136,-13.711446,-8.769198,-6.29435,-10.43011,-5.097633,-8.03051,-5.0963016,-0.52463865,-5.973208,-4.5463786,-11.591072,-3.8541992,2.2495024,-3.695377,-2.847799,-6.113602,-3.14793,-4.191219,-1.9213046,1.2971369,0.03424818,-6.964314,-6.984426,0.6780566,happy,Gauri,Gauri_happy_003.wav
-199.92458,175.93459,-22.539211,15.3904505,9.552035,-11.95946,-28.3309,-15.973925,-8.553002,-14.495094,-18.983055,-19.843866,-8.122918,-11.549149,-4.9439898,-7.7919283,-15.652452,-6.956071,-12.318803,-9.995508,-5.066808,-7.2700496,-5.6636224,-8.909613,-5.93359,-8.377086,-11.327995,-1.6707152,-1.5691873,-5.3081136,-2.8908827,-0.06529477,1.7399096,0.70372754,-0.85870385,1.8794615,-1.9291697,-8.379088,-4.5445423,-2.5196276,happy,Gauri,Gauri_happy_004.wav
-213.83354,172.7548,-21.23333,17.545774,8.528053,-8.091057,-31.191978,-15.984651,-6.535813,-18.507069,-20.227613,-19.30966,-9.170749,-10.471919,-1.7973822,-12.837153,-15.788891,-4.5326123,-15.6062355,-6.716297,-5.3004875,-10.1205435,-5.9703197,-8.992927,-5.6546297,-9.478708,-10.0852375,0.21954237,0.9939545,-1.4792147,0.79935837,3.952725,3.3368835,-0.617214,-1.3454368,0.7432241,-3.7577713,-7.2386603,-6.203533,-3.2999346,happy,Gauri,Gauri_happy_005.wav
-173.00954,191.81674,-49.30033,-0.26620597,3.2201912,-16.43978,-29.552881,-22.50591,-7.4786124,-12.707674,-7.6751027,-10.302846,-14.164994,-4.2364306,1.8509531,-9.723908,-11.437422,-2.3133545,-6.618243,-11.620586,-11.301611,-10.525256,-9.336967,-10.011816,-7.9228497,-2.3991377,-3.5910602,-0.87365013,-2.2693532,-7.9445424,-0.058910523,-1.5017855,-4.7836895,-2.8343167,-6.455568,-4.81267,-4.529995,-5.8425164,-4.736461,-4.553059,neutral,Gauri,Gauri_neutral_001.wav
-179.2733,205.04546,-55.307026,-0.5314559,0.72256404,-16.505764,-29.675423,-23.340912,-7.1823373,-12.037499,-8.44485,-13.839293,-8.282933,-1.7214713,-5.2114873,-11.851676,-11.576617,-1.4283091,-10.237939,-14.732885,-6.4162726,-7.60901,-7.8787622,-7.6184645,-5.926331,-0.6088031,-3.2473998,-3.2411768,-1.3607335,-4.8530817,-3.6936839,-2.4295983,-2.5373707,-4.747054,-6.541294,-5.0645084,-7.137404,-6.843751,-3.8167918,-3.4258597,neutral,Gauri,Gauri_neutral_002.wav
-157.04712,209.37997,-51.349007,5.8296204,-10.335434,-10.493602,-23.903408,-21.602154,-10.967311,-13.971053,-7.525734,-14.059578,-11.102728,-6.012429,-2.02767,-12.336573,-11.558412,-1.8016665,-8.9904785,-12.170904,-8.387315,-7.41313,-7.880014,-4.6054125,-9.449128,-5.223686,-4.1827316,-8.6536045,-0.6821199,-2.5341675,0.41987345,0.30064473,-4.921196,-4.7827954,-9.526402,-6.3108835,-3.5159526,-6.071192,-6.4108663,-5.3580666,neutral,Gauri,Gauri_neutral_003.wav
-170.3368,199.77055,-60.422653,6.7695026,-6.191867,-19.875975,-28.519419,-18.415462,-6.2405205,-16.350433,-0.23860087,-8.29321,-17.428247,-2.5637872,-9.621203,-16.552488,-6.3193483,-6.21053,-8.501292,-10.64341,-7.720815,-5.2814965,-5.936006,-6.9686575,-8.923697,0.8138936,-0.48710114,-2.2827797,-2.8675344,-8.20373,-3.7002277,-7.345476,-7.5265155,-5.251471,-6.2674937,-2.9395428,-3.4887953,-5.1133204,-6.0682464,-4.936124,neutral,Gauri,Gauri_neutral_004.wav
-200.79526,200.47299,-58.611607,4.7888637,-9.173637,-15.0765915,-24.429745,-18.874067,-7.347715,-15.015592,-9.270559,-12.183041,-9.56973,-5.220031,-7.678154,-12.51256,-11.244705,-6.6796556,-7.8716173,-13.560958,-8.494285,-2.7300735,-5.7267294,-4.0800147,-8.194745,-6.8728447,-4.022322,-4.083221,-0.05571793,-1.2647939,-3.627553,-6.6107087,-7.4270844,-8.439699,-6.8203464,-2.1846182,-2.301152,-5.660073,-5.734362,-4.321419,neutral,Gauri,Gauri_neutral_005.wav
-204.7324,190.69942,-33.93778,23.547832,6.4984064,-8.961149,-26.242367,-15.264696,-4.2354617,-13.495086,-13.61925,-13.2533865,-14.191989,-14.838823,-1.9736527,-11.18499,-14.228955,-8.534009,-15.932852,-5.8576202,-2.195361,-9.077342,-7.824457,-5.1107864,-5.7193513,-7.4469957,-5.868343,-2.0594835,-1.6144562,-7.6173887,-4.828281,0.11331879,-2.5961711,-3.8289206,-1.3718735,3.2764447,-2.3721585,-9.497634,-7.375035,-3.7882981,sad,Gauri,Gauri_sad_001.wav
-183.74573,179.85542,-30.494507,26.409111,4.7320347,-10.094776,-28.13331,-18.451593,-5.7690964,-14.963456,-14.789978,-11.718075,-15.623567,-18.181622,-3.260308,-12.297355,-10.820319,-5.9129395,-14.766067,-6.370624,-9.42222,-9.75618,-4.4841914,-4.733817,-3.260133,-8.439616,-8.407496,-1.2009964,0.84448993,-4.1309533,-3.4251196,1.5050503,0.76605046,-2.4770641,-2.6327555,1.7749224,-3.8331215,-9.8619175,-4.6000447,-2.076786,sad,Gauri,Gauri_sad_002.wav
-169.76393,184.84195,-31.33163,21.262985,9.921606,-12.000728,-27.867426,-13.921279,-4.9785204,-13.756025,-15.618739,-13.4769,-12.915238,-14.0228615,-3.4449728,-13.631273,-11.199468,-7.1651077,-15.35187,-5.862404,-6.2446594,-9.379272,-9.155642,-7.0315413,-5.364462,-8.920782,-7.3634777,-1.3353716,0.93471575,-4.5282974,-1.7899095,2.2677903,-1.6739435,-3.94715,-2.0166025,0.46486402,-3.0841966,-8.490253,-7.7980123,-0.6438025,sad,Gauri,Gauri_sad_003.wav
-216.94106,185.43921,-27.33572,17.610632,16.2528,-14.043032,-28.039177,-17.592133,-5.4446044,-14.686399,-16.22604,-14.762465,-13.292192,-9.417846,-6.4454713,-11.285981,-9.830841,-8.81386,-13.325264,-7.1864686,-5.3688593,-9.019596,-9.18832,-7.9249444,-7.465324,-10.8362465,-9.288351,0.3140339,1.6803272,-4.423353,-0.5365212,4.2662926,0.24443729,-4.1952114,-3.021499,1.1586026,-2.1939218,-9.329888,-8.918036,-2.386474,sad,Gauri,Gauri_sad_004.wav
-186.88293,188.32544,-32.962727,21.723757,11.073933,-10.97698,-24.591532,-14.909022,-5.1983666,-14.999159,-11.905902,-18.068104,-15.771518,-10.007915,-10.37982,-12.148194,-6.4853787,-8.003592,-12.747963,-5.8790264,-4.9901376,-5.8759036,-9.760299,-5.486862,-3.8466537,-12.316696,-9.753555,-2.5902581,0.04692121,-4.973524,-2.221995,1.752483,-1.0251812,-1.875654,-5.1682196,-1.0339392,0.29124168,-9.631003,-9.326767,-0.58016306,sad,Gauri,Gauri_sad_005.wav
-224.67143,175.95535,-23.63519,18.616575,10.911759,-14.140109,-30.091755,-15.860675,-10.297515,-12.545488,-8.146486,-18.708494,-12.922747,-6.3777742,-15.587748,-13.228928,-8.924486,-15.842166,-12.344235,-6.6585603,-4.4783435,-5.291566,-5.864791,-2.6780052,-4.222574,-3.4385426,-6.39454,-0.8044527,1.8873669,-7.764188,-3.8693714,-1.8823833,-5.918355,-6.1716223,-4.6816096,-0.86291707,-1.6454881,-9.578112,-6.849263,-1.6711878,surprised,Gauri,Gauri_surprised_001.wav
-201.6137,182.44487,-26.908794,19.709723,11.088286,-17.077486,-24.266607,-14.223763,-9.915576,-13.164587,-9.05072,-18.04183,-14.469765,-9.265533,-17.06656,-13.675912,-8.836615,-10.503038,-8.84244,-6.070503,-5.4534864,-7.7026806,-8.270429,-2.9571877,-1.9489384,-8.249304,-8.051222,-1.8097153,-0.7178694,-3.4146767,-1.5711766,1.1378446,-3.131512,-7.6855574,-6.495834,-1.2311635,-1.2837671,-8.884219,-7.4191713,-2.9170914,surprised,Gauri,Gauri_surprised_002.wav
-198.27022,184.88931,-32.561485,19.339985,7.6529307,-17.168772,-25.040373,-14.491993,-13.648912,-8.360201,-8.233663,-21.64029,-10.840846,-12.796344,-13.182216,-10.08921,-8.857838,-8.221969,-12.238703,-6.628429,-4.687397,-8.316218,-9.765997,-5.4173694,-4.49484,-9.988123,-8.29454,0.89916414,2.0646553,-3.5733445,-0.9367116,0.067485265,-2.1054795,-5.585466,-7.098724,-1.3215474,-2.98226,-9.129651,-6.583695,-0.9874889,surprised,Gauri,Gauri_surprised_003.wav
-231.464,160.55919,-6.8510213,21.485273,16.322683,-12.399599,-33.906685,-16.724041,-18.06573,-20.549503,-6.4558434,-18.487123,-19.283325,-3.2527506,-11.033871,-11.28794,-4.918923,-10.541269,-6.8164396,-7.208554,-8.5921755,-10.440047,-12.339357,-7.023289,-7.333435,-8.925188,-9.247497,-4.370286,0.73269284,-1.6008118,2.2698395,4.1053076,-1.5644716,-3.3376248,-4.685828,-1.67313,1.3104069,-8.314015,-4.4765253,0.20296529,surprised,Gauri,Gauri_surprised_004.wav
-227.86105,135.059,-40.813965,33.911537,-5.0865955,-23.885603,-33.462463,-24.634684,-11.101667,-8.166505,-6.6820016,-18.633078,-18.073158,0.4613249,-4.2019634,-21.44204,-8.04128,-10.43299,-15.27947,-5.5397425,-8.617516,-3.3477066,-4.2524033,-12.321388,-3.475362,-1.5147392,0.55428517,3.213494,-1.9783607,3.4999778,2.6498427,-4.4180107,-3.4994874,-2.6975965,-5.219945,-4.1061463,-3.620376,-10.904664,-8.77799,-6.433724,surprised,Gauri,Gauri_surprised_005.wav
-216.92654,170.92935,-24.642485,16.436499,2.5069604,-14.372425,-22.62406,-4.995131,-22.503716,-16.58189,-9.694059,-22.023144,-13.186216,-10.45088,-13.300019,-14.273297,-5.7126327,-12.374473,-11.282812,-12.448412,-8.501967,1.3025378,4.717563,6.78914,-8.7589035,-10.269599,-11.212904,-9.696447,-4.2701964,-2.806579,-3.4320185,-7.014382,-4.654576,-5.0945497,0.31034556,-2.6538017,-5.800146,-4.4890127,-1.5256616,-0.67376894,angry,Harshita,Harshita_angry_001.wav
-189.18706,165.72827,-33.18453,19.418415,-3.3571506,-15.110978,-21.420954,-5.974728,-25.95314,-15.5504,-6.9092293,-22.082806,-12.852657,-13.982224,-14.209207,-15.302772,-9.657799,-10.5976925,-11.270863,-9.619182,-6.3646274,-2.100745,-0.054217674,1.6649524,-6.6536655,-5.8179502,-8.954665,-7.787238,-4.8934946,-5.756686,-2.7695768,-5.046517,-4.140405,-6.63386,-3.4431317,-0.7825971,-2.6840396,-7.288567,-2.0025082,3.1737134,angry,Harshita,Harshita_angry_002.wav
-184.9588,168.54251,-30.93147,34.202072,-4.6579094,-21.723417,-20.32196,-7.3372326,-23.263998,-20.041351,-5.2987485,-16.077696,-22.1096,1.4773297,-15.305944,-27.787943,-0.40530413,-20.702168,-10.703579,-6.9569845,-11.596228,7.177773,4.212482,4.5937757,-4.6454496,-4.9728184,-7.5996556,-3.80659,-3.6698647,-9.6087,-3.6157985,-7.813233,-2.9838295,-5.1827574,-4.2077665,-2.6307404,-3.2756217,-5.880406,-5.7834034,-2.4538257,angry,Harshita,Harshita_angry_003.wav
-170.57211,170.68741,-33.005123,31.948877,-0.5200136,-19.70277,-27.080479,-8.846733,-19.572712,-20.967999,-0.70781714,-18.94073,-25.390676,3.1460547,-11.473972,-22.291315,-1.5913693,-19.613651,-7.332053,-10.254197,-15.807788,2.4344084,-2.5430026,3.4490945,-2.4931517,-5.408453,-4.8041186,-3.1718905,-3.1855886,-4.5463924,-3.704845,-8.075329,-2.8753378,-5.9462724,-3.2335763,-1.3111986,-2.7365248,-3.6677678,-4.456246,-2.4791715,angry,Harshita,Harshita_angry_004.wav
-189.29367,177.18315,-31.591661,5.4478836,-0.25530753,-7.888513,-23.355057,-6.2558937,-18.930569,-18.906956,-6.705887,-25.061468,-19.361134,-2.388401,-16.576593,-13.655115,-6.7792854,-11.459957,-3.3257995,-16.929518,-11.604185,-2.4929085,-3.3549433,1.6153147,-2.3588803,-2.699891,-9.952986,-6.4470325,-5.958071,-5.2930202,-1.9094256,-6.252449,-1.9106715,-2.946881,-1.0363158,-3.7062833,-4.582747,-2.53243,-1.1668013,-3.3988304,angry,Harshita,Harshita_angry_005.wav
-181.21751,207.33401,-32.15244,10.989328,-4.526358,-15.299143,-9.315782,-6.7051272,-25.720573,-25.936916,-7.282981,-17.346783,-12.331289,-5.2376966,-15.627367,-19.968306,-9.197132,-3.8106368,-6.6680636,-9.886429,-13.105103,-7.6324787,-0.64124346,-2.7792137,-4.4909363,-3.4951408,-7.937547,-7.650725,-4.3837085,-5.5115876,-6.5132427,-7.2358456,-7.153979,-4.203361,-1.7985253,-1.308901,-1.1335596,-5.122622,-4.593232,-3.784031,calm,Harshita,Harshita_calm_001.wav
-174.7617,209.53023,-31.25808,10.586687,-4.1818786,-18.73857,-9.361536,-7.8403997,-24.356756,-23.701124,-8.813445,-17.151836,-11.073666,-5.3410654,-16.609123,-20.440945,-9.587731,-3.3466132,-5.315352,-9.360372,-10.355771,-6.721651,-2.702747,-2.0961704,-4.6132436,-2.5158248,-6.5258055,-7.9141154,-4.0376663,-6.0602508,-5.542137,-7.219521,-7.5705547,-4.092328,-3.2004235,-0.9656119,-1.1173292,-6.263713,-5.981146,-3.025318,calm,Harshita,Harshita_calm_002.wav
-175.74797,208.39154,-30.576628,9.079085,-4.3584404,-16.800861,-10.66423,-5.680204,-23.817242,-21.924355,-9.729667,-16.64428,-8.689768,-6.85659,-17.731855,-18.607231,-8.382535,-2.9360702,-4.465531,-8.909761,-11.070818,-6.5583897,-1.3417282,-3.1599987,-5.7114735,-4.533547,-8.533776,-6.50338,-5.5413623,-2.5644152,-1.9819963,-7.707207,-5.429465,-6.9581485,-2.9603076,-1.6121552,-3.1790347,-6.129953,-5.5449386,-1.860314,calm,Harshita,Harshita_calm_003.wav
-184.55147,206.85556,-34.432594,15.441716,-7.9338202,-15.851736,-12.787576,-4.69026,-24.50884,-23.61678,-7.1173387,-19.01627,-10.841319,-7.5835147,-17.318617,-19.590847,-10.061145,-5.5672665,-5.8384833,-8.773274,-12.032992,-6.11013,-0.77391404,-3.1481814,-4.5364895,-4.0695524,-10.1086855,-5.4671326,-3.9332793,-3.7600286,-1.2707248,-6.589376,-5.706777,-6.721705,-3.7680228,-1.8040891,-2.0129125,-4.925827,-6.4114075,-2.5650997,calm,Harshita,Harshita_calm_004.wav
-177.23701,198.8136,-24.132944,8.719562,-3.3566341,-17.291082,-10.644481,-4.1741786,-25.544037,-23.615297,-10.359523,-19.40632,-10.113984,-6.5726542,-16.263456,-19.215828,-10.272514,-5.6897507,-6.910935,-10.50494,-11.531506,-7.299155,-1.4793115,-1.4762703,-5.9785686,-3.808079,-9.120789,-7.9632354,-4.2940645,-3.6821914,-1.4477874,-6.619995,-7.136589,-5.7639494,-2.3747952,0.07164458,-1.6813077,-6.4828987,-5.4444027,-2.0156517,calm,Harshita,Harshita_calm_005.wav
-197.78163,191.40213,-19.673658,12.463883,0.60886306,-17.340607,-25.815727,-11.822343,-23.930325,-12.572339,-10.648734,-28.059532,-11.896948,-9.721319,-16.124884,-14.46744,-7.12828,-10.602987,-12.311752,-9.114844,-12.9015665,-6.3915553,-1.6919645,-3.638323,-2.7097616,-2.0536792,-2.8740723,-1.5047345,-6.167068,-9.378934,-8.279118,-6.7068887,-0.8025906,-3.422726,-3.4148326,-2.031841,-2.2224822,-2.7202983,-2.148114,-2.4136462,disgust,Harshita,Harshita_disgust_001.wav
-203.1586,191.89203,-22.246267,15.453715,1.5313171,-13.921363,-20.443962,-11.356361,-22.954594,-14.1923685,-11.97301,-27.553062,-14.407469,-10.369854,-11.849408,-14.697014,-8.209877,-11.073127,-14.184625,-7.127287,-11.929081,-6.3473706,-0.12486548,-4.2079873,-3.8820014,-2.7519526,-4.597089,-3.467745,-8.140338,-8.128466,-4.7173414,-5.408413,-1.9476566,-4.985884,-3.7704709,-0.77092195,-1.3361946,-3.813989,-4.8231487,-2.6553867,disgust,Harshita,Harshita_disgust_002.wav
-243.98114,181.30107,-15.470858,2.6910899,7.3707805,-12.3579445,-23.612223,-12.211254,-15.165726,-10.858288,-9.976292,-29.849613,-15.194462,-6.314218,-19.25153,-16.540476,-8.610355,-8.959554,-9.4056,-6.057877,-4.4928346,-4.7516575,-4.0671973,-7.907389,-7.9549913,-5.9388757,-6.911894,-1.513695,-4.3572793,-7.978598,-5.3353033,-5.9667563,-1.2151538,-0.70084405,-3.8535287,-2.8934045,-2.8781285,-1.6276292,-0.7193824,-2.1882317,disgust,Harshita,Harshita_disgust_003.wav
-195.43121,193.8164,-11.049345,2.6590638,-1.590031,-9.923858,-21.342472,-8.240803,-19.615517,-15.128437,-12.328295,-28.73656,-10.043201,-10.093631,-17.449373,-13.37451,-8.211302,-11.175938,-12.282125,-7.9299307,-10.616253,-0.4805448,0.52934784,-8.582551,-8.549202,-8.199895,-5.93581,-2.767704,-1.12221,-5.367886,-7.9466,-4.7919855,-3.88494,-2.7858465,-1.9702139,-1.2030618,-2.125778,-5.9341044,-2.67669,-0.46571735,disgust,Harshita,Harshita_disgust_004.wav
-230.11911,197.71913,-14.256962,6.8487725,7.7555513,-14.6547785,-23.191416,-14.668768,-21.723415,-12.79505,-15.789597,-26.529648,-9.841886,-7.07589,-16.14519,-17.82057,-7.4529967,-11.370298,-15.460451,-7.2570906,-7.7708416,-3.1088345,1.3613957,-3.5342534,-5.7077227,-8.414262,-8.741964,-3.103738,-2.1391516,-3.1872504,-4.957632,-7.0093093,-4.244747,-3.2110724,-2.929398,-1.4714367,-3.363518,-4.4958653,-2.61211,-3.1535108,disgust,Harshita,Harshita_disgust_005.wav
-248.03604,200.31294,-11.29921,10.677671,7.880731,-13.912121,-16.034233,-16.41266,-19.88936,-16.443481,-13.88399,-24.42775,-18.971647,-5.864455,-16.91027,-16.989304,-5.4509783,-9.040957,-9.54657,-13.407184,-9.120879,-4.191838,-4.948837,-2.8508842,-5.6263,-6.4195833,-5.2654657,-1.7853521,-4.3842244,-5.1089873,-3.6052465,-3.5086586,-2.6441977,-3.6300695,-1.224127,-0.5861311,-1.2594653,-5.805471,-3.9687412,-0.51415086,fearful,Harshita,Harshita_fearful_001.wav
-217.27162,206.74133,-15.512827,5.3630466,8.798422,-15.829932,-19.173477,-15.247748,-17.01059,-15.6006,-17.695276,-23.065466,-11.876941,-8.8291235,-12.3990555,-14.685029,-9.076135,-4.798619,-13.607446,-11.274287,-8.302349,-7.597033,-2.8370445,-5.606761,-7.0485806,-6.8122067,-5.205694,-1.7682409,-2.7252944,-3.1900263,-2.5036662,-3.3740697,-4.1418056,-3.0430896,-3.12875,-3.225803,-2.5650506,-3.7966433,-2.5498502,-1.577259,fearful,Harshita,Harshita_fearful_002.wav
-204.78505,202.05832,-20.419453,14.270171,11.028312,-15.866604,-16.55171,-18.356148,-20.542736,-14.900619,-14.676785,-22.700077,-15.2651415,-9.069568,-12.34567,-13.707064,-7.8885927,-7.4588594,-14.358654,-12.286244,-7.3613315,-6.1494656,-1.0592349,-2.129077,-6.7882385,-4.757453,-6.146188,-4.3299856,-4.969925,-6.7948375,-3.3209672,-4.877972,-5.126852,-5.4740334,-4.1602473,-0.04677685,-0.5508019,-5.136846,-5.419918,-0.5823262,fearful,Harshita,Harshita_fearful_003.wav
-199.94244,201.75041,-13.267014,9.2302065,4.263715,-10.1088705,-24.865498,-15.274069,-19.752905,-13.514846,-13.54043,-27.95324,-11.675281,-10.37501,-12.213676,-10.339473,-8.6891575,-7.559535,-11.128896,-11.1261,-10.372537,-9.159209,-5.108437,-5.5423694,-9.146042,-4.123468,-3.415311,-1.129664,-1.148546,-7.183954,-5.3276134,-6.1822653,-5.6700563,-2.519919,-2.2927728,-1.2561175,-1.7568755,-5.1626854,-2.714813,0.5013389,fearful,Harshita,Harshita_fearful_004.wav
-205.83102,205.32233,-19.2271,10.563392,-0.3272427,-12.381345,-24.791487,-16.91518,-16.179646,-10.4395,-14.439534,-29.34182,-11.165409,-11.305925,-13.055362,-11.06843,-10.8870325,-7.572485,-10.387701,-9.562043,-10.728346,-9.742107,-4.2312484,-7.4444337,-9.602022,-3.6512852,-2.4056678,1.529271,0.7367967,-6.2458963,-6.5963387,-6.619672,-5.4239635,-3.0461388,-2.115539,-2.8257704,-2.5718088,-3.7421143,-1.4749042,1.388306,fearful,Harshita,Harshita_fearful_005.wav
-172.1933,170.94812,-41.39253,16.291962,-0.011162163,-14.233193,-27.071247,-7.274032,-16.436811,-24.17689,-2.1514778,-21.319862,-20.78438,-6.162823,-20.826523,-15.988313,-6.4629073,-10.511544,-6.903283,-8.720314,-2.4115076,-1.3858835,-1.0801537,-0.6959964,-8.074635,-6.6237507,-9.188353,-8.76653,-7.6868844,-5.7967887,-5.877528,-6.079124,-2.7904794,-3.0313773,-0.59526217,1.341059,0.274974,-6.965235,-2.1880362,-2.7081268,happy,Harshita,Harshita_happy_001.wav
-180.88098,169.43483,-35.17281,19.12675,-2.7134593,-16.124777,-26.697779,-4.2433977,-15.804203,-22.433836,-3.076948,-20.814444,-19.686277,-8.916391,-17.67899,-18.944101,-6.8772264,-8.129061,-6.942031,-5.4350653,-4.6741805,1.5762389,0.8082787,-5.347388,-13.255816,-11.250292,-8.967833,-6.407133,-6.8888555,-7.929751,-4.721748,-5.8931375,-2.2593217,-1.397448,-2.5023081,-1.192361,-1.834065,-2.8597672,-3.0962226,-5.9954844,happy,Harshita,Harshita_happy_002.wav
-177.8556,176.02408,-35.718616,13.113156,-2.3678522,-18.967052,-22.845236,-0.43987575,-18.030294,-22.024504,-6.73113,-18.241907,-17.916368,-7.2183175,-17.29075,-21.872124,-2.622375,-10.895795,-8.585135,-4.033797,-8.62259,-0.4726108,-0.6521067,-3.2126005,-9.847463,-9.576669,-7.9909067,-7.5351653,-6.5535502,-6.4000173,-6.508071,-6.9188566,-0.8438483,-1.2004942,-1.3701717,-0.44151273,-0.559728,-2.3445096,-4.377773,-6.648408,happy,Harshita,Harshita_happy_003.wav
-220.17139,164.5827,-33.269325,17.574806,-0.48221812,-13.779141,-25.402634,-5.413583,-19.963776,-16.36691,-9.039952,-23.47059,-15.602128,-8.339561,-15.22092,-9.3360195,4.8696046,-5.9801927,-5.3287354,-16.712284,-14.621228,1.6256155,-3.7659328,-3.5297623,-8.109769,-8.457763,-6.315426,-7.094919,-9.250839,-4.6662536,-3.0166934,-4.508851,2.2934961,-4.3471007,-2.3284547,-0.057682313,-3.7344549,-4.012994,-5.5662413,-2.236419,happy,Harshita,Harshita_happy_004.wav
-201.75215,169.23549,-33.206318,22.744997,1.1968763,-21.545792,-26.684608,-4.0240083,-20.18519,-14.715007,-9.964085,-24.379333,-17.451324,-16.005928,-13.811631,-10.350031,4.857466,-0.9269925,-5.2176237,-14.021202,-14.668998,0.35595784,-4.9427905,-4.4232144,-8.996794,-10.6528845,-8.4230385,-6.3563776,-7.7898602,-8.516857,-2.7667804,-4.4289417,0.19134237,-1.5009534,-2.9390402,-1.2223219,-3.8246756,-5.973447,-5.089342,-0.5650107,happy,Harshita,Harshita_happy_005.wav
-234.28136,178.74573,-24.220371,9.128705,8.428541,-16.965982,-16.741177,-14.709194,-22.551996,-17.053596,-4.6142573,-19.779161,-20.984646,-5.00405,-10.621145,-9.841417,-10.146429,-14.037,-8.700498,-13.587256,-9.949183,-3.364405,-3.3979063,-1.8990372,-2.567896,-1.172909,-1.9594965,-3.949185,-7.633924,-7.867676,-4.4630485,-5.617491,-2.6437771,-1.1485319,-3.173893,-2.978371,-3.593146,-4.5353737,-2.2626963,-1.8436941,neutral,Harshita,Harshita_neutral_001.wav
-226.69644,190.93294,-26.725206,14.183962,8.365449,-17.305244,-12.22759,-18.134846,-21.753416,-15.436579,-6.8647957,-19.54234,-19.304354,-5.7068677,-9.135311,-9.089023,-10.535645,-12.438787,-10.562986,-13.389707,-7.248831,-3.131744,-5.035093,-3.1705832,-4.070148,-6.4890428,-5.036013,-3.7687235,-8.041971,-7.20596,-5.7353706,-6.484852,-1.2916843,-1.4895768,-3.8987498,-3.4402506,-4.3312106,-4.4335804,-3.5904586,-1.4441432,neutral,Harshita,Harshita_neutral_002.wav
-196.70755,185.23344,-31.14348,22.478443,3.6661618,-32.351257,-19.138815,-10.908335,-19.763792,-18.784668,-6.6233993,-15.625077,-20.771751,-5.884571,-7.7467775,-14.521558,-8.166694,-9.9070015,-10.782043,-12.234553,-9.64294,-1.4803746,-1.8412982,-4.3843584,-6.1452584,-4.5892725,-3.0409846,-1.2212412,-4.9380774,-8.339078,-6.0839906,-7.6314564,-4.6011124,-1.9531696,-2.553919,-2.571449,-3.917946,-5.6927567,-3.4351776,-1.2107726,neutral,Harshita,Harshita_neutral_003.wav
-203.7902,189.58531,-27.622622,16.702673,7.07043,-33.438923,-18.617659,-8.877501,-25.044558,-18.733486,-6.520609,-15.191132,-16.04649,-5.8333893,-10.931846,-17.124893,-8.078604,-9.715494,-11.355037,-12.56823,-12.095713,-2.1924002,-1.3445395,-2.9785311,-0.948197,-4.041581,-6.5596223,-2.8306172,-5.593429,-6.2536693,-4.7211637,-8.104189,-5.865865,-4.780409,-2.4196408,0.06978252,-3.020036,-6.1917386,-3.4481409,0.1814157,neutral,Harshita,Harshita_neutral_004.wav
-223.94008,191.85841,-33.75918,7.872018,4.7839313,-24.705336,-14.279656,-8.608167,-23.550133,-16.441473,-5.359239,-17.534204,-17.817268,-5.972511,-9.574006,-14.529679,-8.086872,-9.483932,-7.012205,-7.643315,-7.380227,-5.6483335,-8.265834,-5.6883197,-8.521022,-6.289116,-3.1791482,-0.43102866,-0.58820176,-5.6221657,-6.355811,-8.365217,-7.544864,-4.175809,-1.7268239,-2.3865392,-2.1062007,-5.1309876,-5.243069,-1.0363777,neutral,Harshita,Harshita_neutral_005.wav
-202.49828,186.91673,-27.73825,21.101866,3.308062,-26.39565,-23.083181,-5.5140185,-17.662386,-21.919498,-4.8813233,-16.91471,-19.012318,-6.5190783,-14.721195,-18.945389,-7.0496197,-8.424874,-8.947179,-11.298712,-10.043241,-4.0118437,-2.401458,-4.1307783,-10.661422,-6.5543885,-8.7346525,-6.18847,-1.4122361,-2.5632515,-0.7163723,-7.227919,-5.179575,-4.189702,-4.7946763,0.13803768,-2.5482392,-4.8944287,-3.0954585,-2.7128017,sad,Harshita,Harshita_sad_001.wav
-186.03143,197.0398,-31.415148,23.060104,1.0250725,-28.84015,-16.402609,-10.862133,-19.70263,-17.86755,-9.403554,-19.569784,-18.021786,-9.112093,-15.089292,-16.659075,-8.315651,-8.522207,-8.355335,-8.901142,-9.22703,-5.0001965,-1.5154512,-4.1270504,-8.893039,-5.3938475,-8.019951,-7.5220175,-4.0091257,-4.2147884,-3.2287915,-4.7774634,-2.0168002,-3.247367,-3.3517482,-1.2228436,-4.353527,-5.742079,-5.008159,-3.2485867,sad,Harshita,Harshita_sad_002.wav
-197.1039,193.49467,-23.070005,20.214443,4.1726995,-25.100904,-16.542255,-10.595606,-20.169415,-17.785889,-8.458113,-19.951277,-16.06286,-7.885158,-15.47703,-16.746523,-9.558031,-6.4009256,-8.334679,-13.024416,-10.974591,-5.636039,-2.7366679,-5.0469046,-9.053502,-4.13715,-5.415641,-5.969726,-3.0425124,-4.3495927,-3.6466095,-6.033451,-4.6671386,-2.3203585,-2.6320565,-1.6964614,-2.8901403,-3.0739672,-2.4969265,-3.0277686,sad,Harshita,Harshita_sad_003.wav
-188.75667,207.55215,-30.03121,18.598915,2.4689093,-18.288858,-13.748101,-14.128863,-18.735285,-15.685991,-13.110224,-22.75802,-14.037335,-6.348317,-18.41909,-16.006214,-6.128566,-8.370051,-8.604657,-10.585642,-9.018498,-7.225931,-4.5260797,-3.5166283,-8.275396,-4.5514345,-7.428727,-5.0496016,-1.7536364,-5.649167,-2.4051938,-5.703223,-6.21546,-3.362004,-3.4066324,-2.3567674,-1.4070172,-2.7198553,-3.907703,-3.3969305,sad,Harshita,Harshita_sad_004.wav
-197.66794,211.29861,-31.206638,19.54059,3.0456836,-17.054272,-13.552804,-11.344227,-18.193914,-18.075878,-13.594497,-24.665854,-14.912207,-7.2639203,-18.206226,-15.465431,-6.7806396,-9.053685,-11.648977,-12.061726,-9.648003,-6.384974,-1.7328535,-2.326694,-6.7949853,-5.033888,-9.524923,-6.8220353,-3.096124,-5.8925276,-2.80326,-5.704032,-5.485419,-2.2817483,-1.6152805,-0.89636326,-2.588223,-3.3942177,-2.1503906,-2.2001557,sad,Harshita,Harshita_sad_005.wav
-249.64163,170.21477,-9.090115,6.4661984,5.4028263,-10.153444,-19.743795,-17.842224,-15.89803,-8.229321,-9.955912,-27.848726,-22.19667,-8.373624,-17.6342,-18.870964,-4.8981714,-7.72822,-8.004081,-4.3374357,-3.0220075,-2.606373,-5.3911133,-5.1877418,-6.5009403,-5.1809006,-5.816672,-4.3605924,-2.1427076,-4.5356483,-4.838958,-6.1259656,-5.9380193,-3.8971179,-0.7716043,0.44252136,-0.9131634,-2.5117655,-0.6405265,0.53331447,surprised,Harshita,Harshita_surprised_001.wav
-251.74644,169.54016,-8.294936,7.2732043,9.424875,-13.2193985,-21.569782,-14.906813,-15.793798,-8.94387,-9.131255,-28.764872,-21.125029,-6.2809095,-18.074303,-21.098581,-5.8665557,-6.6507893,-9.084446,-4.216371,-2.608628,-4.318489,-4.6446557,-2.361754,-6.016896,-7.3862033,-6.2794266,-5.411802,-3.4811122,-3.6484544,-4.417307,-5.5048537,-4.9372463,-2.5627134,-0.012780645,0.46631828,-2.3591194,-3.9518476,-1.3495611,-0.9360142,surprised,Harshita,Harshita_surprised_002.wav
-215.47986,183.9759,-23.16157,10.499475,2.9914925,-15.135682,-19.502018,-16.75802,-14.415086,-10.078049,-9.683457,-27.213112,-19.631134,-7.867055,-21.392363,-19.31156,-7.160838,-8.196118,-7.069053,-8.422469,-7.070546,-2.3517885,-4.6315784,-4.32612,-5.732744,-8.499472,-6.824213,-4.5791583,-4.9153004,-6.678874,-6.8585467,-4.4399147,-3.5088506,-3.3993728,0.13396147,-0.39367798,-1.7369894,-3.5711193,-3.7328622,-0.6598754,surprised,Harshita,Harshita_surprised_003.wav
-222.24611,184.34212,-16.361048,7.763628,9.673617,-14.567302,-26.77568,-14.473119,-16.806705,-11.635248,-8.0800495,-30.364754,-15.193589,-8.014055,-21.183697,-17.760138,-10.45063,-8.077497,-11.548606,-7.245309,-0.27222803,1.4382857,-1.6292589,-6.759961,-6.1024327,-6.5616636,-5.942496,-5.2196074,-7.411529,-6.4589825,-5.6019225,-3.325431,-4.581534,-4.774564,-0.47603726,0.48190194,-1.7283981,-5.938233,-0.60107076,2.18481,surprised,Harshita,Harshita_surprised_004.wav
-223.07013,188.29979,-22.182613,8.633194,8.378001,-15.666806,-29.364141,-15.729196,-16.654766,-10.2571745,-6.92904,-32.61364,-15.855011,-5.476634,-22.881886,-16.637821,-7.1785893,-10.968027,-10.692299,-5.151335,0.39316836,1.4156773,-3.6745563,-7.125932,-5.8492904,-6.753763,-5.6976533,-5.2564816,-8.001878,-5.5633054,-5.893979,-3.805503,-4.9646883,-5.229705,0.19619006,-1.5083164,-1.4359553,-3.7825706,-1.8004761,1.2921592,surprised,Harshita,Harshita_surprised_005.wav
-147.44913,177.12766,-52.726227,4.6165485,-13.6478615,-12.297102,-30.82745,-17.661703,-27.540098,-6.4270053,-12.816135,-9.162416,-11.06422,-25.208382,10.655473,-17.892351,-20.321371,2.9278588,-5.7784605,-10.26658,-11.121467,-10.293409,-14.72848,-12.320595,-8.09787,-6.998199,-10.690262,-0.41760838,2.0789704,-0.64392716,0.6194667,-7.677066,-1.5489057,-0.533795,2.8117328,4.322116,3.1022444,3.1963086,1.4331648,0.08599264,angry,Manas,Manas_angry_001.wav
-148.11026,178.99615,-49.20839,1.4443457,-11.092716,-14.045805,-30.285505,-14.590033,-27.907879,-10.444056,-11.940561,-8.478349,-11.986916,-28.158276,8.130659,-17.027624,-17.306366,-1.0410233,-8.889403,-10.576214,-11.718569,-3.5008762,-11.586611,-7.215108,-5.1010923,-7.8563814,-10.03287,-8.36575,-8.043087,-6.0339937,-0.81529605,-5.2449393,4.6281824,-0.17277832,0.5368133,5.5511727,-0.7396822,2.111067,0.87217796,-0.90580744,angry,Manas,Manas_angry_002.wav
-191.01027,178.76314,-49.29532,7.6299524,-6.855189,-17.373646,-29.380104,-15.860257,-21.066555,-8.237461,-12.789231,-10.975199,-14.029582,-20.373919,5.5608826,-19.256258,-13.301224,-1.2661724,-10.059485,-9.5334015,-9.955602,-1.5595826,-7.0640993,-6.450605,-6.002066,-5.0179267,-4.881948,-5.213428,-6.5137577,-8.30476,-6.245319,-7.7518454,-3.0149682,-5.519294,-1.6818657,0.4388312,-1.634226,-0.023323867,-1.5638965,-1.2668324,angry,Manas,Manas_angry_003.wav
-167.33012,172.42009,-41.586346,17.904314,3.6582062,-13.5231695,-34.396404,-18.432558,-25.489082,-17.535913,-17.613932,-13.665512,-10.045369,-19.133595,7.3886604,-14.909246,-16.636757,-0.8730079,-9.317364,-12.830517,-15.2245035,-3.0785975,-7.270794,-7.634124,-7.3936157,-7.2929325,0.28026327,-4.4213467,-2.4165413,-3.133916,-7.534671,-7.146073,-3.5626578,-3.7568295,-3.9486864,-1.2199359,-2.7272294,-1.6638213,2.3762271,2.7910788,angry,Manas,Manas_angry_004.wav
-177.55779,175.97499,-46.48345,13.234153,2.365587,-13.675858,-30.604666,-20.046032,-23.438204,-15.597499,-18.336576,-13.992424,-11.725538,-21.133472,4.321412,-12.298613,-16.008535,-1.0920218,-9.249664,-13.829988,-14.900606,-5.0909357,-5.3021207,-8.334589,-9.193985,-6.3706274,-2.3003433,-6.9070926,-4.7801075,-3.01066,-4.2534513,-4.1178694,-0.7001715,-0.3621267,-0.845471,2.318489,0.93946075,-0.53588647,2.4629438,1.9717515,angry,Manas,Manas_angry_005.wav
-193.50417,177.06178,-32.330555,22.908653,2.5680444,-15.886765,-28.847116,-14.050609,-19.555767,-13.121764,-18.296183,-20.283442,-10.858435,-17.76519,-6.382772,-12.302667,-16.46159,-8.436751,-6.1319313,-16.431274,-14.70324,-4.190594,-6.0033126,-5.209412,-7.7403884,-6.450284,-8.262493,-5.1841984,-6.8657904,-9.106088,-6.0756125,-11.5346775,-4.9885163,-6.491326,-6.347334,-1.2666132,-3.713589,-6.5790467,-4.4974346,-1.0988517,calm,Manas,Manas_calm_001.wav
-151.21182,186.89735,-59.712135,32.15629,2.556768,-25.471586,-32.25649,-19.155733,-18.429827,-12.252931,-16.314392,-15.447725,-9.918648,-17.901716,-3.9276054,-11.550509,-16.991636,-7.4500127,-3.638006,-13.963651,-11.532859,-1.9622471,-8.762421,-6.9237704,-3.0039332,-7.7398157,-8.584629,-1.9173031,-5.4119325,-5.4285617,-4.9790936,-7.103161,-5.7569265,-5.589051,-1.6524704,-2.0840108,-4.15095,-5.9981647,-2.4960744,-4.4218245,calm,Manas,Manas_calm_002.wav
-188.02821,190.7434,-41.274254,20.201187,-4.54053,-14.685991,-28.243732,-18.72002,-19.38851,-13.075557,-14.945652,-16.004248,-15.263352,-23.276922,-4.6845574,-16.221825,-15.0237255,-5.8613977,-7.5687385,-12.816542,-11.762262,-2.144599,-9.725187,-5.1532183,-3.8071275,-10.429472,-7.3375344,-5.9713025,-9.516119,-7.732388,-6.2144427,-7.329845,-5.1233277,-4.985149,-3.178844,0.7270667,-2.2420893,-6.2471933,-2.4155123,-3.456431,calm,Manas,Manas_calm_003.wav
-184.33241,180.92805,-46.51254,11.154181,3.397893,-13.600941,-28.170883,-13.783877,-22.990246,-25.20595,-16.893383,-14.240206,-10.192178,-12.866057,-8.018144,-18.753962,-10.0414715,-3.8603444,-5.3055606,-12.314795,-17.073303,-5.9706345,-8.961715,-6.9868426,-5.4709997,-7.8147902,-9.694881,-6.961112,-3.8777275,-3.225894,-1.4288136,-6.64336,-6.5825996,-5.2963357,-3.4764934,-2.049756,-2.9121861,-6.817995,-6.582918,-1.7950753,calm,Manas,Manas_calm_004.wav
-200.22977,187.99239,-43.335228,5.482148,-1.1307569,-21.54708,-21.67749,-15.044319,-21.296429,-18.24231,-18.28931,-14.376642,-5.8165026,-15.600072,-13.318061,-14.375273,-12.998167,-3.7956386,-4.1674137,-12.589394,-13.095075,-7.630537,-8.887129,-7.088381,-3.471395,-7.620927,-8.2977915,-3.9000812,-7.0765743,-4.7839813,-3.0567822,-6.7183356,-5.4295187,-5.524329,-3.9315317,-0.93872404,-2.9710002,-7.9911594,-7.084309,-5.305768,calm,Manas,Manas_calm_005.wav
-203.29935,176.90791,-39.695747,15.760579,-11.019059,-20.036203,-20.088123,-19.113073,-20.3642,-18.292921,-15.433163,-13.564,-13.037117,-11.592208,-6.175034,-13.897705,-5.54744,-4.3836517,-7.836418,-12.794741,-12.755867,-3.2949243,-4.1199746,-7.2110806,-9.836412,-3.116869,-8.839316,-7.0038333,-0.6781537,-5.665528,-0.27362457,-3.8572452,-4.896068,-1.9839251,-4.4542646,-3.1803668,-3.2921135,-5.982976,-3.825237,-2.5948358,disgust,Manas,Manas_disgust_001.wav
-185.92717,181.11435,-40.48134,20.270397,-14.109602,-14.193366,-25.667057,-16.922653,-19.644651,-19.717726,-18.714867,-15.497774,-13.395191,-13.647733,-2.8914258,-17.552626,-4.4215293,-4.4833484,-9.005059,-9.922097,-15.353667,-4.621826,-4.6568537,-7.0632534,-11.944965,-3.0977695,-7.680766,-7.6363544,0.92434716,-5.840941,-2.0500839,-3.888457,-5.105266,-3.254697,-4.694081,-5.985258,-4.128423,-6.1226525,-4.5055914,-2.604035,disgust,Manas,Manas_disgust_002.wav
-192.40056,179.97618,-37.498802,16.015507,-14.343121,-14.652872,-24.355793,-16.433065,-19.399317,-18.086203,-16.697311,-16.921041,-13.855657,-12.342007,-6.612375,-16.697685,-3.4491343,-4.1002917,-6.956934,-11.8706255,-15.548279,-2.8126557,-4.467535,-7.6547294,-12.299301,-3.0820346,-6.6454124,-8.472258,0.8390294,-4.915884,-0.8268368,-2.994306,-7.0446033,-3.6578243,-4.0163684,-4.1342554,-2.846482,-4.969658,-5.0915985,-3.8046832,disgust,Manas,Manas_disgust_003.wav
-194.26953,177.23204,-46.444885,19.850634,-3.2153122,-20.784897,-23.348673,-18.240755,-25.345663,-17.141207,-16.869778,-15.934925,-11.261554,-13.299318,-4.988654,-15.405924,-4.6694975,-2.793964,-9.985009,-11.413165,-13.292626,-6.335109,-4.6844916,-6.192881,-11.303802,-2.9982924,-7.7005835,-9.4646015,-1.7516302,-6.8270392,-1.4451016,-3.5548055,-8.087715,-5.212773,-5.312203,-5.9980283,-3.6147456,-5.6949434,-6.315851,-2.580754,disgust,Manas,Manas_disgust_004.wav
-164.49731,156.7042,-34.12397,19.01435,-0.29544827,-16.10444,-32.710117,-12.713084,-32.73742,-19.805332,-13.8368,-19.665888,-12.490876,-14.324305,-2.6254275,-14.28459,-5.5705147,-5.892896,-3.7560365,-9.637921,-14.198198,-2.7773056,-9.839055,-7.142844,-12.223497,-5.094393,-8.470983,-8.748394,-1.2134345,-6.8322167,-0.59323037,-5.5565195,-4.0508804,-1.7470878,-3.0038435,-0.8852041,-0.7634951,-1.6521314,0.5391002,0.015083553,disgust,Manas,Manas_disgust_005.wav
-191.00734,175.09421,-41.5139,16.942059,-13.524681,-10.954695,-27.496529,-18.42131,-23.076166,-12.985458,-7.689952,-22.420725,-10.807459,-13.958395,-4.820674,-9.033033,-13.016129,-6.109501,-6.29576,-11.922914,-9.825417,-2.2964509,-7.7232876,-7.3474226,-8.479475,-5.984256,-6.24109,-8.290373,-3.2395573,-5.5761166,-4.76822,-5.4382567,-6.269027,-5.6581573,-6.725926,-5.530571,-5.3356895,-5.021616,-3.6673083,-0.6422476,fearful,Manas,Manas_fearful_001.wav
-172.6774,181.31885,-46.782604,19.96029,-9.434921,-12.97593,-30.14537,-15.996612,-16.663855,-14.199749,-16.543411,-15.380621,-15.045111,-14.739143,2.9453268,-16.88295,-6.8194227,-5.584172,-11.478298,-8.372496,-12.9500675,-5.454184,-7.586096,-8.034898,-11.556363,-4.18537,-8.682664,-8.135586,-2.183041,-8.635583,-2.337836,-4.509994,-5.4192953,-5.2059765,-4.3646407,-6.785983,-5.6491885,-4.2491703,-3.148152,0.1638616,fearful,Manas,Manas_fearful_002.wav
-209.38206,175.40877,-45.001324,19.371552,-13.95164,-6.2988343,-31.711845,-10.320247,-17.70415,-14.472283,-13.5072975,-15.192225,-12.770998,-16.116821,1.1922408,-18.47785,-9.4463625,-6.5320573,-7.5206447,-7.7606997,-13.9128475,-3.7531917,-8.827565,-7.1429377,-12.869052,-6.2820015,-8.6201725,-7.7651763,-1.645912,-9.919686,-3.4711373,-6.203868,-4.755551,-5.4124303,-5.4718914,-6.451389,-6.389189,-3.4598856,-0.9107541,0.12670508,fearful,Manas,Manas_fearful_003.wav
-187.81555,164.25426,-34.109886,12.520839,-3.170553,-10.595689,-28.347017,-21.550325,-27.84839,-15.517072,-12.952145,-17.72235,-10.745151,-17.091139,-3.9348245,-6.7178597,-11.130942,-5.959677,-5.6862473,-16.03062,-10.249486,-3.4435945,-11.731513,-6.469976,-7.2237134,-6.959827,-7.934867,-4.344315,-1.7702637,-4.7843013,-0.7984984,-6.202471,-4.4668827,-4.1426525,-6.0916014,-2.6499398,-5.5,-4.6441293,-0.0030292713,0.9549355,fearful,Manas,Manas_fearful_004.wav
-191.94252,174.96695,-36.34235,15.021959,-4.8661437,-16.116192,-35.8317,-25.45404,-24.95496,-12.300937,-13.051118,-19.85007,-7.7563043,-15.190476,-2.038778,-8.284474,-14.574827,-6.0064363,-8.131856,-15.253507,-9.783476,-5.2201734,-9.931744,-6.564426,-9.104506,-5.329771,-6.891809,-7.5207176,-5.1979976,-7.044209,-3.7809927,-5.3653407,-4.3153124,-4.261272,-4.3218236,-5.923095,-5.363067,-2.6706421,-0.5364353,4.312159,fearful,Manas,Manas_fearful_005.wav
-168.12846,179.13666,-47.364594,20.487823,1.082751,-22.135141,-28.908285,-13.486426,-24.842524,-21.798496,-16.589094,-13.8308115,-12.222125,-13.222963,-0.4812501,-17.760965,-13.205349,-1.0368936,-1.8887285,-11.591031,-14.385901,-4.4352274,-11.719541,-9.395527,-8.371439,-10.444172,-8.444315,-4.8133087,-3.9448187,-3.3920865,-0.2959243,-6.982383,-3.3546367,-1.1023796,-0.10212067,2.154537,-0.49449098,-1.8357908,-5.6950526,-1.9138596,happy,Manas,Manas_happy_001.wav
-160.17223,163.6596,-43.863552,20.752172,1.6224169,-14.552545,-37.335644,-8.601554,-31.331808,-20.464428,-14.822612,-13.470868,-11.52492,-19.09366,-0.676157,-20.051893,-11.29866,-5.234773,-1.5288101,-11.150047,-18.828556,-0.5523886,-11.798815,-5.4272017,-3.8310752,-10.105067,-7.7128143,-6.429321,-4.2840376,-0.6370015,5.324023,-1.1268464,-1.3422439,0.08911161,-1.422232,-1.2976211,0.07479646,-4.623878,-1.440337,0.8532602,happy,Manas,Manas_happy_002.wav
-166.81026,164.05708,-50.13488,19.75324,4.1371064,-11.913193,-36.520065,-13.385353,-26.555435,-23.95228,-15.076359,-14.849023,-13.950055,-15.895882,1.3604412,-17.684076,-13.793091,-6.8042684,-2.5441515,-8.743864,-15.632376,-0.75025153,-13.449278,-8.415914,-6.1071115,-12.884872,-6.170595,-5.6784906,-4.6367087,-1.3633137,2.5659952,-0.36285493,-2.5287273,-2.204659,0.16074707,1.9768279,0.84287506,-4.2892475,-2.6210082,-0.22936197,happy,Manas,Manas_happy_003.wav
-264.9199,148.71399,-15.08359,8.505125,3.7766063,-11.360592,-23.028952,-12.390867,-19.883844,-16.166388,-12.183277,-24.488327,-13.1673765,-11.057467,-9.56263,-11.214581,-10.1699095,-2.4851952,-5.6300397,-14.486565,-14.6735325,-8.908225,-12.833842,-9.572602,-5.5337763,-7.494896,-4.9299464,-2.209131,-0.27891913,1.5211291,1.8570439,-3.1385045,-4.072501,0.02797932,-1.0300463,1.249933,1.1843858,-7.076362,-6.160669,-1.7408646,happy,Manas,Manas_happy_004.wav
-191.5594,154.4111,-37.61631,32.36281,15.434313,-8.702539,-39.321033,-5.6303563,-20.59473,-22.500353,-15.135595,-12.053886,-7.263196,-20.094318,1.083713,-16.64793,-14.550786,0.6187991,-5.043359,-14.16184,-17.531017,-3.847032,-16.437302,-15.987474,-6.1494484,-10.375231,-7.1014037,-7.0453796,-8.5287,3.7761989,3.986564,-3.3768287,3.0976176,1.9557499,4.552569,7.263687,6.6892548,1.547488,0.15204458,1.3846837,happy,Manas,Manas_happy_005.wav
-218.48445,194.58183,-37.383144,7.170815,1.4748377,-21.415613,-20.015465,-20.411968,-26.989113,-14.611007,-15.38202,-18.130371,-10.06689,-9.775504,-3.0894182,-18.59394,-13.796661,-3.6167467,-11.121854,-12.723733,-13.12369,-4.916134,-6.634768,-8.293821,-5.5023246,-3.4020228,-6.2941313,-6.6809783,-1.4483011,-6.1850677,-3.5340195,-2.6804214,-5.4260793,-4.8157706,-4.7862234,-4.018877,-5.1904488,-6.7748013,-10.189072,-5.6892595,neutral,Manas,Manas_neutral_001.wav
-230.2858,187.10616,-36.84514,10.822246,4.5685062,-20.736246,-24.409924,-22.968842,-18.01504,-13.928561,-15.66635,-19.40079,-16.08644,-10.190777,-3.0103111,-17.809006,-15.772105,-3.1894214,-10.905134,-13.346221,-12.221367,-7.1430955,-7.0826855,-9.64046,-8.92722,-8.454659,-5.308263,-4.597814,-2.9581437,-4.2946396,-7.1887197,-6.4264264,-5.387283,-5.279793,-3.9209335,-1.898842,-5.4299717,-7.3040195,-6.508515,-6.3000517,neutral,Manas,Manas_neutral_002.wav
-180.5873,200.52293,-48.3605,9.456671,2.0882337,-26.026222,-26.711338,-23.19949,-22.593386,-13.192936,-15.607871,-15.407852,-10.509253,-13.81769,-7.0545864,-17.423092,-14.859071,-7.5650663,-7.408709,-9.809073,-10.370219,-2.5095081,-6.2381186,-8.320128,-12.819789,-11.550701,-10.266028,-8.190887,-1.427599,-3.5096016,-1.5139872,-3.673859,-4.019423,-3.6220477,-4.22829,-3.2442656,-6.810149,-5.8259816,-5.076218,-2.4442382,neutral,Manas,Manas_neutral_003.wav
-206.01358,180.6651,-37.78189,17.089499,5.879742,-29.204548,-26.1862,-20.66016,-23.169056,-11.22512,-16.458496,-14.212666,-11.1450405,-16.18736,-2.4336803,-15.354494,-16.57813,-7.2454433,-8.851716,-12.471062,-12.479409,-7.85757,-7.816702,-3.5454574,-9.92015,-6.167196,0.30033672,-1.7228311,-0.71955836,-4.660547,-3.2892385,-5.721065,-7.80406,-5.588472,-2.5233703,-1.1634864,-6.8501606,-6.0078115,-5.041692,-4.7376666,neutral,Manas,Manas_neutral_004.wav
-207.47905,189.73737,-41.013653,12.168099,4.6340785,-23.960321,-23.39812,-17.362984,-20.532692,-12.272433,-17.237522,-18.24531,-12.778064,-16.336708,-8.28704,-19.876734,-14.945269,-4.119529,-6.4802113,-11.123288,-13.540735,-7.25675,-7.8930516,-6.113284,-9.36308,-5.840876,-2.093359,-3.552339,-1.6685036,-5.5973487,-4.4987855,-7.0432005,-7.498626,-3.925948,-3.0375395,-2.7742856,-6.677,-5.758915,-3.9650126,-4.094746,neutral,Manas,Manas_neutral_005.wav
-222.00047,187.41406,-54.434055,19.67956,-7.0918884,-19.013021,-22.251781,-17.740517,-21.024265,-16.141315,-14.3915205,-18.804663,-8.191565,-15.793762,-11.503442,-12.08553,-7.8049593,-3.027715,-7.571297,-11.95557,-10.755066,-2.5892735,-5.4443893,-6.7287393,-6.651233,-4.0567446,-6.898791,-7.258085,-3.667436,-4.192748,-1.8242763,-6.558047,-6.342532,-4.3415236,-5.5542865,-3.8979607,-3.3905814,-4.889311,-4.789779,-2.8062172,sad,Manas,Manas_sad_001.wav
-193.90645,185.76744,-52.990257,21.027044,-6.894416,-18.005257,-21.284473,-18.40555,-18.754513,-14.212984,-13.815876,-19.616423,-10.669638,-14.291121,-9.394851,-12.292818,-9.223424,-3.9973648,-8.557541,-12.559095,-10.507352,-3.651156,-6.784631,-7.668609,-9.292574,-5.910469,-7.3471065,-8.133243,-2.5860393,-5.045944,-2.2244215,-5.145228,-6.794657,-4.105533,-5.721928,-4.938404,-4.0233917,-5.348121,-4.8713293,-0.7983115,sad,Manas,Manas_sad_002.wav
-185.71165,180.99475,-50.87412,19.41959,-5.2951612,-22.519442,-19.753162,-19.328884,-20.49137,-16.340702,-13.523671,-18.669394,-10.700856,-11.640875,-11.568334,-11.385942,-8.760074,-3.240662,-5.081208,-12.440626,-10.148966,-5.2623873,-6.858279,-7.3396215,-9.434243,-6.0261145,-8.3047,-7.3311887,-3.139456,-4.640605,-1.9705287,-5.693139,-7.0528245,-5.2938743,-5.490002,-3.807318,-3.5918717,-4.6989427,-4.1563187,-1.7421602,sad,Manas,Manas_sad_003.wav
-183.08264,182.53468,-50.15482,8.840106,-3.224094,-23.603765,-20.330229,-15.278731,-23.934517,-16.96045,-15.144627,-15.023045,-7.4550643,-12.323998,-9.902583,-14.432509,-8.1130495,-5.7468324,-6.732451,-12.463453,-13.056648,-2.651808,-5.9354677,-6.5988975,-7.880909,-4.561001,-6.8130903,-6.4358473,-3.8036058,-5.9347377,0.20931377,-4.6216493,-5.594185,-3.2531142,-5.48701,-3.2091947,-3.6273284,-6.383096,-5.6318064,-3.390989,sad,Manas,Manas_sad_004.wav
-200.18933,181.89946,-44.471546,14.96954,-0.12833521,-24.048323,-23.67862,-16.703342,-22.515396,-17.911987,-16.026062,-14.5872345,-10.240314,-12.977353,-6.431235,-14.485999,-8.001435,-4.5047894,-7.1908503,-11.014099,-13.057566,-3.7874908,-5.3380837,-7.7482753,-11.132207,-5.56068,-7.206997,-7.4898934,-2.2814066,-7.357295,-1.9092764,-3.8999746,-7.1805263,-4.0407114,-4.8327885,-4.164934,-4.643436,-6.108813,-4.811493,-1.7440095,sad,Manas,Manas_sad_005.wav
-300.16306,127.55656,-21.123146,-4.56577,-1.4907173,-9.929716,-26.771566,-16.399458,-17.218742,-11.418412,-14.951728,-8.198254,-9.864998,-12.73886,1.9311355,-13.518026,-8.679065,-2.2143533,-6.607347,-8.768272,-8.553893,-2.9797118,-6.3751345,-4.8152027,-7.8093457,-6.622738,-5.029226,-6.4297376,-0.6055454,3.7029734,5.543008,6.2903376,2.7737777,0.03562885,1.5526686,-0.8787536,-0.1748765,-2.3445873,-2.4244602,-1.1650059,surprised,Manas,Manas_surprised_001.wav
-219.81514,164.88531,-30.656393,5.36782,0.7766289,-13.97737,-36.82983,-16.157564,-19.142984,-11.954529,-18.489805,-13.414663,-12.274857,-18.548435,7.652553,-17.76874,-14.315382,-1.0713098,-10.3391695,-10.290474,-12.955749,-4.0379934,-7.6287365,-8.497445,-9.067813,-7.805348,-1.951656,-6.2405496,-5.903281,-4.5643964,-4.9851046,1.2622045,3.991132,0.625184,2.1806288,-0.6362527,-2.1786098,-2.9831805,-1.1008217,2.7581575,surprised,Manas,Manas_surprised_002.wav
-238.7754,171.71063,-38.301937,0.73646176,4.104982,-15.911928,-31.73546,-17.414248,-22.238909,-14.872163,-19.44746,-13.011593,-13.059771,-17.094318,5.887904,-16.786507,-9.680547,-2.605721,-11.56325,-8.30184,-11.907719,-5.99224,-6.348663,-3.7636666,-9.28519,-8.206869,-4.556913,-6.4868884,-2.0977983,-2.5514424,-0.34917855,1.5167291,-3.398459,-6.4982224,-2.9978852,-3.9034295,-3.1262407,-2.9887624,-3.2422652,-2.8155427,surprised,Manas,Manas_surprised_003.wav
-170.7877,174.42143,-46.02639,16.366621,12.748376,-19.141775,-37.278904,-15.137565,-28.240356,-18.740849,-27.07357,-16.531898,-5.597476,-25.768976,6.3108644,-13.516982,-11.896462,-0.7531407,-9.977157,-7.7031174,-15.800259,-4.0534635,-11.364602,-12.024398,-11.141163,-9.422924,-3.2695327,-8.596996,-0.03099525,-0.68588275,-1.6517631,1.2074848,0.4991368,1.5846356,1.655775,1.949498,0.27012366,2.191733,1.2565162,-1.7031685,surprised,Manas,Manas_surprised_004.wav
-173.56038,169.83739,-40.21124,19.018715,10.998034,-21.53971,-44.26262,-12.977558,-29.696596,-18.375412,-23.03404,-17.3061,-6.0931644,-23.220678,5.264243,-12.388156,-6.1569276,-3.7201786,-10.749498,-10.778914,-18.72539,-0.995401,-11.005987,-14.62895,-12.959066,-5.1344495,-4.9697943,-8.174626,1.8612926,-1.5710918,2.253099,2.2261417,2.1318545,2.4444282,-1.1234299,-3.354259,-1.4371235,-1.0758486,-1.779563,2.6149368,surprised,Manas,Manas_surprised_005.wav
-203.80745,176.45863,-39.028366,22.45604,17.60146,6.4669514,-11.450352,-19.91087,-14.599216,6.5262475,4.333564,-20.566929,-22.467064,-7.2889304,1.4178132,-19.56707,-19.69982,-15.837506,-14.781704,-9.13341,-4.7363906,1.7602615,-0.16148128,-2.907355,-10.449834,-9.23256,-13.2616625,-10.215484,-1.6555992,-6.09066,-5.6584425,-4.3939757,3.3555095,-1.1556493,-6.641519,0.45897028,-0.14641398,-4.4092627,-11.330275,-9.150179,angry,Mehak,Mehak_angry_001.wav
-202.27034,165.91681,-34.288532,20.247524,17.546688,-9.721486,-21.180113,-22.54943,-15.659858,7.4523153,0.6633328,-17.300035,-23.076925,-16.121006,-4.2675085,-18.916624,-16.113909,-11.662748,-4.968747,-2.5869184,-6.4645267,-1.7209445,-5.584347,-4.587254,-3.675206,-1.6406008,-6.3468676,-4.7750688,-2.181492,-5.8853035,-4.056612,-7.0396523,-3.5113988,-7.320371,-6.889588,-0.7310868,-2.1143696,-1.257386,-6.7829137,-7.283689,angry,Mehak,Mehak_angry_002.wav
-169.04462,126.79319,-37.974815,48.700005,-7.623613,-22.664448,-39.28667,-10.849949,-20.375416,-5.7327027,-20.697037,-21.25864,-11.389418,-13.493782,-1.3285376,-15.1313505,-9.364974,-8.708859,-3.619453,-5.8260036,-5.308439,-3.8783731,1.6078544,-5.278014,-11.941788,2.7847526,-11.3792305,-1.2188818,-4.270553,-6.016026,-0.61547315,-7.63617,0.16232906,-12.886126,-1.8370284,-0.61512995,-5.7294765,-11.082,-6.3238697,1.0567391,angry,Mehak,Mehak_angry_003.wav
-212.56029,123.14188,-39.847633,52.482452,-5.8989234,-26.554272,-46.006557,-11.92185,-14.915312,-8.835063,-20.307207,-15.170823,-14.489591,-17.065998,0.7475896,-13.911908,-11.524401,-7.033211,-3.4816556,-0.35957423,-1.9066389,-3.8612325,3.796063,-8.478728,-7.2888203,3.080519,-11.7531395,-2.4964027,-7.683879,-5.032104,-2.8936403,-5.8475866,-1.2913127,-12.911198,-1.3181998,-2.045729,-3.7839441,-9.042856,-4.4887176,-1.093092,angry,Mehak,Mehak_angry_004.wav
-202.32654,132.88898,-42.941086,43.07885,-8.04114,-26.698751,-49.650932,-22.92959,-11.4908,-8.870259,-22.886038,-10.454122,-4.748735,-11.359291,1.5183328,-12.043664,-13.275053,-5.357059,-5.9694757,-8.513145,-1.5485885,-4.497594,2.0765562,-11.015562,-10.044912,4.748441,-12.029054,0.28667876,-4.5420933,-5.6203346,-1.6080856,-4.0526805,-0.7866567,-9.643489,0.1724535,-3.2182713,-4.6836715,-8.344429,-2.1647012,-2.7785778,angry,Mehak,Mehak_angry_005.wav
-118.43892,182.201,-59.076862,32.9564,-16.74569,2.7218232,-1.1921196,-0.82012916,-21.191202,-10.809273,2.4073973,-25.45654,-4.05756,-3.9258294,-19.301992,-23.58792,-6.288586,-5.57267,-7.5587616,-3.1758153,-12.742795,-9.945221,-4.1620812,-1.7085328,-7.5813394,-5.70549,-7.924894,-8.021352,-3.169597,-0.18737346,2.5378482,-3.8466241,-2.0021026,-2.4005053,-1.6041152,0.2801696,-2.8281717,-8.311424,-10.106534,-5.9663625,calm,Mehak,Mehak_calm_001.wav
-162.38522,166.75237,-49.940628,31.429842,-9.592221,-0.21611032,-1.9289734,-4.631887,-19.024406,-11.610064,-0.4112356,-22.562187,-8.95144,-4.2585893,-15.165926,-22.646273,-10.29257,-6.510619,-9.865983,-8.693906,-10.424408,-2.631618,-2.0335972,-3.01559,-7.0129075,-8.542998,-6.510147,-6.3128304,-3.809037,-1.3755085,0.08043137,-1.8587018,-1.10103,-0.8474364,-1.4322537,-0.49464232,-3.1600478,-8.7781105,-6.288923,-3.7828066,calm,Mehak,Mehak_calm_002.wav
-155.89438,179.02374,-48.875572,21.46418,-11.585543,6.8369894,3.510163,-1.1320668,-19.217554,-16.146057,-2.652009,-23.77744,-6.5021067,0.024307309,-17.110685,-31.750477,-15.494805,-4.0639052,-6.6350937,-6.562105,-14.735487,-5.375948,-2.1401298,-3.1749437,-3.440516,-10.353518,-11.074834,-9.438764,-5.5628076,1.9259703,5.7809114,-0.7841144,-2.597676,1.0667034,0.922544,1.352603,-2.3560302,-7.804404,-8.100472,-7.8128486,calm,Mehak,Mehak_calm_003.wav
-182.23804,175.87375,-50.973595,29.214935,-9.964993,5.29932,0.4420455,-7.6240144,-18.940325,-17.08844,-2.950471,-27.908316,-10.182661,3.413364,-20.487307,-32.47448,-10.976873,-2.7348177,-7.4360094,-6.086782,-13.5589905,-8.25234,-5.3200207,-1.8710161,-3.4729037,-13.174131,-8.832284,-10.492764,-6.4885263,5.6225467,3.841674,2.4069362,1.6486351,0.30714282,2.560762,0.45957163,-1.6129879,-6.285429,-9.136193,-6.863297,calm,Mehak,Mehak_calm_004.wav
-183.12201,173.62643,-49.409386,21.150225,-10.208493,7.7853646,4.1151066,-2.011338,-19.059313,-16.193712,-1.8052907,-23.006336,-11.488962,-1.6765215,-15.698921,-36.0126,-12.449793,0.020957775,-10.306506,-4.3018303,-13.854411,-9.74342,-3.9280922,-0.614938,0.062516734,-10.582507,-8.702559,-4.9512796,-2.013942,6.8789973,7.868696,1.0476369,-0.065679796,-3.2718225,-4.35466,0.91894054,-2.7577093,-11.100531,-9.697339,-6.3881035,calm,Mehak,Mehak_calm_005.wav
-234.31808,147.90883,-50.696186,32.0693,0.4621894,-20.831533,-30.228926,-16.540045,-14.638514,-3.1506565,-8.45617,-21.061636,-24.99678,-8.700113,-3.4165149,-23.518957,-4.7987957,0.90162224,-2.134621,1.0764427,-2.9146144,2.195515,3.5485556,-9.529036,-6.165831,-0.733017,-13.487074,-6.898324,-10.71154,-12.184454,-5.2028046,-7.6513577,-5.30176,-6.5525107,-0.44447473,-4.510186,-3.0513675,-3.5613365,-4.143385,-0.6122013,disgust,Mehak,Mehak_disgust_001.wav
-222.4473,156.10031,-46.589893,39.859886,-7.1392574,-11.699315,-28.500362,-22.77493,-8.501327,0.7253575,-10.998656,-30.795254,-19.16043,-8.433027,-9.60961,-18.197088,-8.557893,-10.321981,-9.8961315,-7.117361,-8.758679,-1.743129,2.1988206,-4.3407226,-7.482125,1.0112661,-3.4515123,1.172875,-3.3929193,-7.7970076,0.37805384,-5.926651,-2.0568337,-3.0715482,-9.110508,-7.616301,-6.94266,-5.2864013,-2.881693,-7.6673346,disgust,Mehak,Mehak_disgust_002.wav
-189.22435,161.9363,-41.245605,29.39502,0.07679888,-9.455384,-31.94953,-28.145496,-22.172977,2.3614495,-10.212866,-20.190613,-24.929386,-9.571805,-1.2316116,-20.343231,-2.232513,-3.5643942,-7.361183,-5.906139,-7.7013745,-3.125056,-3.5656807,-11.389905,-7.0084243,-2.3348038,-11.853716,-1.9219279,-0.6631322,-1.0064409,-1.8232485,-5.107741,-0.028198624,-2.7050946,0.6096145,-7.941814,-2.9345186,-3.030812,-4.8494577,-3.2164166,disgust,Mehak,Mehak_disgust_003.wav
-223.8826,137.05663,-24.985254,32.53058,-17.773083,-11.052413,-26.170067,-16.665623,-10.800635,-11.926656,-14.597401,-20.482422,-19.23965,-9.508192,-0.7375376,-15.066386,-7.286235,-8.46829,-8.7300625,-8.122445,-15.002285,1.5489527,3.5315733,-12.824696,-5.301072,0.6362628,-8.002468,-3.4987953,-5.4844604,-6.00615,-3.3307347,1.3199745,0.9558701,-2.675542,2.5420682,-5.2837906,-4.664832,-5.217498,-3.9867613,-4.7500978,disgust,Mehak,Mehak_disgust_004.wav
-218.88501,154.08731,-35.363125,20.301939,-5.531495,-12.129285,-16.410072,-21.171427,-16.161026,-11.547851,-11.422597,-16.277647,-25.864923,-12.40343,0.9755379,-14.655333,-7.6015425,-6.978459,-10.793597,-9.59687,-9.692907,0.72388524,-2.5000942,-11.94475,-7.001769,-3.827837,-7.9425797,-5.146566,-4.546407,-3.5734506,-1.2115136,0.63927215,-0.4563125,0.5613446,4.8195853,-4.2592254,-8.412772,-5.5493355,-3.8388388,-4.426756,disgust,Mehak,Mehak_disgust_005.wav
-196.98581,158.32976,-23.729357,18.168634,2.7032013,-11.548957,-6.935374,-13.671382,-18.002293,-7.375379,-9.58658,-24.905872,-19.024405,-7.0282083,-10.421264,-18.855509,-17.823032,-14.612725,-9.108018,-6.4203515,-6.5259147,-2.9626787,-1.1116374,-4.8482947,-2.2768986,-0.96958774,-6.1261344,1.4035743,2.1850889,-4.575167,-0.4107085,-0.29895702,-4.382622,-0.77170575,-2.6687548,-6.7657537,-6.600029,-10.470636,-5.5509834,-3.6168492,fearful,Mehak,Mehak_fearful_001.wav
-148.71217,150.85309,-41.734554,40.045036,-8.280444,-5.7175465,-23.225155,-13.840072,-14.744519,-4.3113194,-8.6995325,-29.457935,-18.429758,-9.090918,-8.838104,-20.57545,-13.629698,-16.16912,-9.830983,-3.3065152,-7.441148,1.0271444,4.360999,0.9311667,-3.7906578,-5.1506133,-5.8356347,-5.367776,-7.5197144,-3.6190689,-2.83392,-5.282987,-5.3917084,-7.7347307,-4.05957,-6.5847945,-6.095247,-7.05077,-7.411838,-4.7347803,fearful,Mehak,Mehak_fearful_002.wav
-216.58405,147.43852,-18.167074,31.72403,-0.18509796,-15.602351,-25.240084,-14.862294,-12.179393,-8.681141,-13.083095,-27.425972,-13.851605,-3.5382943,-6.547836,-15.421055,-12.251832,-12.061585,-8.362826,-8.464664,-8.74446,-5.969917,-5.298551,1.5747979,-5.53869,-3.0315275,-0.5348868,-0.59843045,4.1298428,-0.72376174,-0.053250056,-0.03583009,-1.120515,-0.5595635,-2.38242,-4.6292033,-7.4105697,-10.662747,-8.720273,-6.186612,fearful,Mehak,Mehak_fearful_003.wav
-169.34077,141.7654,-38.88947,38.982403,-8.982661,-2.6294258,-14.24989,-12.9616585,-6.7480154,-4.9005485,-9.560788,-26.810038,-17.835564,-5.810911,-9.601059,-22.782001,-13.827264,-9.935146,-4.9749203,-0.64649105,-1.6621045,4.216604,0.95627046,1.4714135,-1.8702846,-7.048547,-6.6307306,-6.287554,-1.5122075,-5.9153533,-6.7663975,-3.4097517,-9.14268,-5.052225,-6.1572084,-7.5631766,-3.4306564,-10.586004,-7.1993504,-3.6791089,fearful,Mehak,Mehak_fearful_004.wav
-172.34705,180.6168,-68.67948,21.402418,-18.349154,0.5391693,-40.51124,-12.75372,-18.284603,-10.7272835,-5.207341,-21.62103,-14.141386,-17.306274,-4.51267,-18.323725,-10.234829,-10.214879,-10.476902,-7.8923597,-10.228551,-4.2569885,-8.787746,-6.932866,-7.267726,-2.2971528,-2.272686,1.7650661,-0.034528386,-0.8695164,-1.1785015,-7.3289337,-3.7232528,-6.7592254,-2.726576,-4.597871,-4.152198,-6.4464903,-5.2191005,-3.161325,fearful,Mehak,Mehak_fearful_005.wav
-196.04475,135.44164,-41.245365,26.581223,-13.213402,-15.748319,-16.758097,-23.649643,-25.673883,-19.021803,-9.447221,-5.7065787,-20.45405,-7.8264847,4.6139812,-18.664688,-15.060901,-7.633036,-3.6090975,-10.382594,-14.232177,-6.7678514,6.2980065,1.1314453,-12.357064,-7.1159744,-6.2504306,9.996161,4.6930346,-8.762885,-9.166085,-6.82956,3.2013893,-5.6772842,-8.045037,-7.4021163,-5.168257,-4.7581396,-7.446396,-7.7129445,happy,Mehak,Mehak_happy_001.wav
-221.40216,156.26555,-46.297066,12.67226,-13.090456,-9.89761,-11.824981,-15.523651,-21.241863,-19.72941,-4.5373826,-9.679015,-16.017344,-3.5132318,0.5597857,-12.570655,-14.165472,-6.268737,-1.0163809,-6.6110945,-14.626411,-5.067887,6.29956,-3.7875974,-8.976443,-14.380019,-9.807398,6.76139,-3.9361386,-13.098516,-11.162599,-2.6350663,0.81267464,-8.047744,-8.547845,-7.744258,-1.8947569,-4.083538,-9.489077,-6.0098987,happy,Mehak,Mehak_happy_002.wav
-199.51137,174.85623,-52.036877,12.805241,-9.735148,-11.876041,-7.7625914,-0.5432839,-16.05953,-11.307574,-3.992911,-20.207346,-11.654222,-6.9187126,-12.267708,-17.725431,-7.233702,-5.509112,-4.3808446,-3.6516783,-10.264311,-3.5682404,-1.1301368,-3.2708333,-5.643581,-7.238871,-6.5853477,-6.698865,-6.2727947,-2.3883061,-1.6851767,-3.8205256,-2.5941749,-2.669555,-3.9478943,-2.4247155,-1.0194391,-8.959654,-8.4527445,-3.3410003,happy,Mehak,Mehak_happy_003.wav
-163.62466,144.7589,-76.25557,34.2734,-27.936712,-22.901882,-27.977642,1.8164017,-4.8896904,-12.680878,-7.4945955,-13.756067,-21.534538,-6.5233803,-5.6052294,-29.438208,-1.8059266,-12.73647,-5.5667214,0.15678592,-13.225934,1.2852733,-2.5504122,-2.9201422,-2.3574624,1.315059,-1.7969897,-2.536171,-1.6445274,-1.5289645,-2.2193682,-6.2168,-3.6125588,-4.2260957,-1.2223709,-6.203711,-6.729982,-11.10421,-8.314798,-8.748136,happy,Mehak,Mehak_happy_004.wav
-197.14551,174.99416,-50.80249,31.653652,-18.3876,-27.51096,-36.16536,-10.984551,-12.392427,-19.170694,-3.1212628,-13.909212,-17.244295,-5.119343,-3.6448326,-21.189617,-11.412843,1.8510382,-8.75561,-8.439349,-5.619723,-6.806447,4.24143,-2.70424,-4.2763953,-2.5778685,-8.739066,-1.2498587,-4.390041,-1.9581147,-4.3979363,-5.949081,-3.550511,-7.6490664,-1.2110972,-3.6565533,-6.841052,-9.536075,-6.768009,-6.272822,happy,Mehak,Mehak_happy_005.wav
-113.75894,172.66635,-64.15155,16.36458,-19.955912,11.623706,-23.586847,-16.43942,-30.599277,-9.739375,-3.6543677,-22.103539,-19.342304,-20.47632,7.076975,-8.628211,-8.831872,-14.747271,-12.4739065,-4.316454,-6.5587473,-0.55733097,-5.704397,-5.4093394,-5.2014093,-0.20412163,-9.671534,-8.933721,-7.3209734,-6.9530196,-1.4911869,-4.00062,-3.6305234,-6.40914,-2.1246192,-3.904749,-2.9251952,-6.4356923,-6.2629714,-5.9761643,neutral,Mehak,Mehak_neutral_001.wav
-192.68301,181.64767,-40.431705,14.527915,3.325673,17.603468,-23.639465,-25.846128,-27.061392,4.418684,14.595002,-15.117795,-23.159302,-18.771864,4.0611534,-16.08689,-20.64084,-17.086819,-13.061232,-3.6358736,-4.0969944,-6.416848,-6.985386,-2.6721435,-7.964472,-2.1822526,-4.6837764,-7.36048,-6.3589106,-6.035541,-2.1420085,-0.99262303,0.8057429,-6.1720953,-6.3495135,-3.9511158,-1.7304468,-2.04704,-7.1745667,-7.7252784,neutral,Mehak,Mehak_neutral_002.wav
-170.79182,158.57362,-43.724907,24.565168,-8.201643,-0.5951487,-0.7340017,-6.2620363,-15.748786,-10.428568,1.0655383,-20.475275,-10.613423,-0.77061343,-18.795298,-22.421015,-8.806782,-7.009991,-6.0305276,-9.430142,-12.762589,-4.561475,-4.823988,-2.7193944,-3.933794,-8.178783,-5.453959,-5.473466,-0.5453092,-0.15634307,-0.87730914,0.89681625,-4.0352097,-1.5257516,0.5673439,-2.744625,-3.7274466,-8.360378,-9.756245,-5.596215,neutral,Mehak,Mehak_neutral_003.wav
-148.66719,161.12143,-47.314983,25.879232,-11.227714,1.9581716,0.8191925,-2.2157907,-16.666082,-13.971213,-4.0800614,-20.848555,-8.410259,-0.78369325,-16.1951,-26.690939,-8.942015,-4.1341376,-5.630613,-6.256118,-11.396125,-6.4099374,-5.009557,-1.3648211,-6.737608,-8.322825,-5.2051463,-6.6271124,-0.47857523,0.9023526,1.1363235,0.19507578,-2.519614,-4.0490513,-2.2570815,0.6153434,-3.3185716,-9.989446,-11.03097,-6.377937,neutral,Mehak,Mehak_neutral_004.wav
-131.12251,162.47041,-53.73932,31.000282,-19.696531,12.27845,-5.293065,-0.26451942,-16.468513,-12.727968,-1.6823049,-21.982088,-3.832208,-0.25329533,-16.114828,-27.234879,-6.7064266,-6.550805,-6.1309657,-4.9886446,-15.278164,-3.1154976,-4.84986,-2.1305099,-5.892858,-10.155181,-4.4801497,-6.780807,-1.0077871,0.51432407,3.4246733,1.0665281,-4.769604,-3.4468544,-3.2902248,-3.2541792,-2.854715,-9.748683,-11.175639,-5.548764,neutral,Mehak,Mehak_neutral_005.wav
-147.65031,197.3525,-52.152504,22.746582,-12.227741,9.838944,-6.2756042,-15.4466305,-19.702076,-8.728522,0.78374755,-24.903551,-14.612016,-4.0666184,-1.7766652,-13.518865,-10.020431,-3.703625,-8.1045,-11.93205,-15.473756,-4.571645,3.5742426,-2.1625335,-14.536234,-14.80582,-9.68769,-0.96562713,-3.4732854,-12.584711,-9.609167,-6.2705493,-2.1149516,-3.892187,-6.221576,-5.7567563,-3.1663036,-4.016559,-8.41124,-7.3665533,sad,Mehak,Mehak_sad_001.wav
-158.83199,188.26163,-43.61343,18.461329,-10.550498,2.9134724,-0.87744075,-17.386696,-21.867966,-6.3712325,0.6405747,-27.236635,-14.714941,-2.4313917,-6.8123903,-10.228016,-11.690997,-8.991261,-5.653373,-13.854725,-15.233437,0.06540417,7.157455,4.1011724,-10.388287,-12.4008255,-6.837936,-1.8632281,-1.1275448,-12.087292,-8.559567,-2.1438496,-3.4495537,-5.617064,-7.7676296,-7.3187394,-6.150153,-7.695809,-11.423195,-10.0285425,sad,Mehak,Mehak_sad_002.wav
-146.2322,180.2741,-46.511395,18.605993,-7.789113,3.556094,3.1107934,-4.3376555,-22.531515,-17.770166,-7.460262,-25.769365,-4.464581,-2.777658,-19.73498,-25.02268,-16.732449,-0.07428876,-2.200782,-8.23263,-14.270903,-12.98377,-2.9399216,-1.1659294,-5.532778,-3.744305,-7.0201373,-8.820379,-1.9777868,-0.036480393,3.6539657,1.1771463,1.2662646,1.6481797,-1.5212611,2.6654534,-0.43283227,-9.678331,-11.891096,-6.631267,sad,Mehak,Mehak_sad_003.wav
-163.08965,182.37128,-44.74536,18.438591,-8.805515,-3.09197,2.0133,-5.894359,-18.319881,-15.141254,-3.6233053,-21.756248,-5.8005195,-1.7027607,-19.436527,-23.794613,-15.9641285,-2.9506168,-1.7540959,-10.074472,-16.765507,-11.774307,-4.495758,-4.127127,-5.196059,-5.587757,-11.459603,-8.122657,2.0184646,5.53578,8.9069195,7.2614036,2.682215,-1.9779975,-2.350353,-0.43869388,-3.277137,-8.530346,-9.928104,-5.4536695,sad,Mehak,Mehak_sad_004.wav
-157.93861,182.90454,-41.597645,16.561493,-7.4113555,-2.968419,-1.997466,-6.7735972,-19.018429,-17.007717,-6.5933886,-21.809181,-3.8574786,-3.1984272,-19.342619,-20.374239,-15.267885,-4.8785253,-0.9933819,-10.462688,-16.319075,-7.630333,-3.8373747,-2.4295151,0.3358886,-1.5643505,-7.8513193,-4.3600183,2.1434736,0.60721797,2.9195774,1.2555045,-4.5118165,-5.717722,-3.50824,-2.7428102,-3.0670936,-8.033569,-13.137036,-7.5515957,sad,Mehak,Mehak_sad_005.wav
-227.07301,163.76012,-37.820972,32.89289,-2.7762272,-25.350443,-26.968548,-22.709,-19.863832,-6.643106,-2.2353525,-26.301125,-26.252275,-7.546186,-5.7084904,-8.746448,-1.9253862,-7.2723446,-3.7187786,-5.5828505,-9.512388,0.7141795,-1.5971754,-9.60381,-7.760625,-1.2801149,-3.6817622,1.4532377,-0.53250504,-7.8158746,-5.279826,-6.3120427,-5.4937015,-4.8318644,-3.6511333,-5.541037,-5.8372126,-7.3517575,-4.8737583,-1.1121005,surprised,Mehak,Mehak_surprised_001.wav
-179.60704,132.93283,-51.818584,27.770536,-9.358318,-21.335855,-30.911808,-7.772581,-18.076344,-25.18169,-6.4205737,-19.381752,-23.630266,-1.3214705,-0.08744765,-14.482057,-3.4469879,-3.2670543,1.8864717,2.4402487,1.5708655,5.431809,-4.3717413,-15.109366,-17.164917,-7.850208,-2.7274566,-0.1922157,-4.790128,-2.2468946,-2.785271,-11.184251,-9.712129,-6.895748,-1.238449,-1.1294813,-1.0983891,-5.2663026,-4.5092177,-1.9521381,surprised,Mehak,Mehak_surprised_002.wav
-231.79631,140.19328,-17.541458,29.440378,9.372491,-20.861818,-24.764427,-14.7707615,-26.042534,-15.771934,-5.1112804,-21.864765,-28.583714,-11.321692,-0.9040561,-10.01892,-10.851425,-8.766536,-2.9215226,-6.0371475,-4.561186,2.1007414,-3.6025407,-8.848079,-6.364088,-0.69678104,-1.9205825,-1.7993333,-5.083023,-3.7396364,-0.012790869,-4.564806,-6.298509,-7.035185,-5.641814,-6.0048637,-3.4687467,-4.4762855,-4.7405953,-2.218738,surprised,Mehak,Mehak_surprised_003.wav
-240.64479,137.20229,-31.892458,26.983488,5.346207,-14.491112,-28.702822,-16.433907,-25.615808,-14.656374,0.03498054,-14.824767,-29.873224,-10.02473,3.9682748,-14.969291,-7.1520667,-5.6049185,-2.8841553,-1.6257933,-4.5256767,-4.134374,-8.662548,-10.471622,-9.322307,-3.4662607,-3.196769,-0.22875595,-5.4789624,-5.311636,-2.3475924,-6.150232,-4.814615,-5.5423384,-0.5466667,-2.5362022,-1.4455581,-2.6013606,-5.8421674,-2.9655983,surprised,Mehak,Mehak_surprised_004.wav
-196.34119,148.12447,-58.333405,14.465514,-13.048216,-17.96313,-35.434437,-13.340614,-19.751022,-6.089904,-10.569369,-23.306196,-18.278933,-20.985231,-2.8464224,-7.7214336,-1.8070111,0.62064064,-1.4181182,-2.2747812,-11.150061,0.06366652,2.238281,-11.01761,-7.7955317,-5.807967,-8.066654,0.25165254,-5.5586658,-9.9096155,-5.544638,-2.502986,-4.9622917,-10.218761,-7.130447,-5.78059,-1.3379046,-4.654713,-1.3601528,-1.4567797,surprised,Mehak,Mehak_surprised_005.wav
-156.97655,192.28638,-43.48507,14.454055,-2.1161602,-10.430333,-15.2127075,-15.276254,-18.544992,-19.889559,-16.44149,-23.723103,-14.526907,-7.188954,-7.052214,-16.274101,-11.455078,-8.402384,-13.03886,-8.302964,-7.138745,-3.6065152,-5.705427,-5.85693,-4.468743,-8.215336,-5.501573,-4.470701,-5.0936294,-1.6797442,-2.1494548,-6.268952,-5.4215083,-3.0576544,-1.8272567,0.6550221,-1.5083228,-3.6219797,-0.90672886,-0.54274124,angry,Millee,Millee_angry_001.wav
-165.81485,191.58754,-41.514744,16.116196,-3.7689278,-11.468598,-17.149418,-14.680823,-18.313377,-18.794094,-16.534245,-23.795435,-15.893295,-8.527571,-5.974032,-18.205091,-11.598606,-8.329537,-14.099717,-8.562598,-8.432384,-4.5786834,-6.696774,-6.273414,-6.358535,-7.800418,-1.9939175,-3.4369023,-4.5207763,-2.9857762,-3.3248649,-5.009397,-5.4452667,-3.7284377,-0.96468127,1.7109832,-0.73112833,-3.5760934,-2.1956818,-1.4504825,angry,Millee,Millee_angry_002.wav
-167.1523,189.76413,-41.93707,17.204817,-2.4664702,-11.154236,-15.255894,-13.58719,-18.069313,-16.980019,-14.94503,-22.89827,-15.806275,-9.696049,-8.503009,-15.975076,-10.058231,-8.327617,-13.839404,-7.3469524,-7.890411,-7.508455,-3.7800665,-6.1670175,-6.4123273,-7.453438,-5.9292426,-2.6082282,-4.9176583,-2.48899,-2.6489813,-5.517704,-4.6858215,-3.5344734,-0.1553175,1.519668,-0.87210584,-4.640375,-2.4404821,-1.7344548,angry,Millee,Millee_angry_003.wav
-158.01875,191.58182,-50.153194,8.772935,-9.651475,-3.576409,-20.642757,-11.200034,-18.104143,-15.335126,-19.963264,-22.62485,-10.567046,-10.780501,-4.1111264,-18.561413,-12.65534,-9.177118,-15.922776,-8.693907,-7.4317403,-8.010879,-4.975432,-6.293532,-6.5243945,-4.280351,-7.266196,-3.6624649,-1.9490947,-2.8772914,-0.76823425,-3.573823,-2.1908624,-1.4088026,-3.4821756,-1.8449149,-4.242011,-4.093514,0.26063135,-2.5400984,angry,Millee,Millee_angry_004.wav
-140.53807,191.76639,-54.55851,14.356995,-12.305998,-2.248987,-17.943686,-15.963818,-15.581284,-18.54943,-19.715092,-19.473597,-14.66636,-10.450704,-2.1651976,-21.140846,-12.236042,-8.052564,-13.423205,-6.5595794,-11.984818,-6.918785,-3.2441165,-5.945028,-5.795411,-6.338916,-5.397179,-3.4079566,-2.5043676,-1.4771968,-0.2778076,-4.352939,-5.1562757,-2.2351077,-1.406078,0.081363335,-1.675969,-1.779712,-2.6328516,-3.8518002,angry,Millee,Millee_angry_005.wav
-152.1719,191.9913,-47.51239,14.498753,-4.6846,-7.566766,-14.242752,-14.9433155,-18.11547,-17.490929,-16.703783,-21.132936,-11.4981785,-6.97917,-5.1944284,-16.327032,-13.256538,-9.370981,-14.532165,-10.164733,-7.026283,-5.6748695,-4.977234,-4.765894,-4.2753015,-3.2574518,-4.798366,-3.7293475,-3.3632553,-2.5219758,-1.3430705,-4.3973513,-3.503618,-4.3562593,-2.9456468,0.47216627,-2.7261653,-6.747136,-3.4780464,-3.093471,calm,Millee,Millee_calm_001.wav
-147.89067,186.48175,-44.328827,11.903326,-3.028539,-11.423564,-14.642292,-13.521469,-17.47162,-19.366587,-15.941502,-21.948929,-15.49225,-8.256488,-5.700916,-15.327677,-13.879359,-8.548026,-12.169674,-11.854366,-7.6573997,-5.0402355,-4.458332,-4.01043,-6.050681,-4.1240525,-4.3937516,-4.0181,-4.036143,-3.8754878,-1.9691125,-5.4673204,-5.4288282,-3.4277904,-2.179547,-2.1013618,-2.6695547,-3.6458774,-3.7803755,-1.2215545,calm,Millee,Millee_calm_002.wav
-173.02309,190.39163,-46.01095,15.329318,-3.115392,-10.164956,-17.557428,-14.188451,-20.807695,-18.344168,-14.575416,-23.085382,-17.72053,-8.414702,-5.2323747,-15.971782,-10.459001,-8.900938,-11.480632,-10.760849,-7.584813,-4.4827576,-6.114188,-3.9934373,-6.337408,-4.2880044,-5.724836,-4.143906,-3.4016545,-4.2705154,-3.00902,-6.7124405,-3.231645,-2.699945,-1.0399593,-1.4732733,-2.6800292,-4.510637,-4.2776804,-0.24705529,calm,Millee,Millee_calm_003.wav
-165.08563,182.7793,-43.66065,12.679201,-6.4519634,-5.8003836,-20.102728,-6.015616,-20.576279,-12.22234,-14.765602,-23.925419,-11.925597,-10.5042305,-5.5269756,-18.195583,-9.855526,-8.005708,-10.300294,-7.3537774,-7.808676,-4.9471254,-4.2372084,-4.1452894,-6.7246456,-4.416383,-5.5301,-3.5316975,-4.3644814,-2.9487228,-2.6744578,-6.086911,-2.6865463,-3.3039014,-0.34155673,0.67107314,-1.0205394,-5.63253,-1.8704959,-0.6513704,calm,Millee,Millee_calm_004.wav
-148.73105,190.76633,-46.423065,18.964563,-8.488333,-8.591557,-24.278791,-11.228126,-17.795084,-16.095984,-14.156217,-27.241564,-12.902931,-9.458157,-6.50222,-16.761267,-10.456079,-9.160443,-14.7416315,-8.879445,-9.432435,-3.4901438,-3.9124968,-4.431633,-6.103862,-7.292654,-3.8960671,-4.6936893,-2.5916011,-2.672268,-4.551283,-4.981572,-4.6933656,-3.5828187,-2.2675781,-0.6814178,-2.4156098,-4.2902293,-0.29546174,-0.44711366,calm,Millee,Millee_calm_005.wav
-160.94536,194.65984,-52.680958,16.940407,-9.539286,-2.767082,-25.92074,-8.869093,-18.668158,-15.013029,-17.864649,-24.169886,-10.944993,-12.683356,-1.9073129,-16.945946,-12.641085,-8.877027,-16.759752,-12.288238,-9.186063,-4.19248,-4.00236,-3.204447,-2.2682657,-4.101368,-6.7148557,-6.1159635,-5.322613,-3.7893977,-3.1091552,-2.9607093,-3.7643013,-3.8240929,-1.534289,-3.4935806,-1.6203783,-4.776969,-2.5807793,-1.8064239,disgust,Millee,Millee_disgust_001.wav
-160.54065,182.16797,-42.972336,11.579657,-6.648918,-1.9919552,-25.718582,-10.795912,-18.449396,-19.345,-17.376808,-22.452572,-13.591547,-9.4944935,-1.2196231,-17.841484,-12.818648,-7.98092,-15.883946,-9.952556,-8.906324,-5.8159866,-2.6586916,-5.7945666,-4.3392,-3.6946228,-7.218039,-5.7962112,-4.0904846,-3.2849083,-2.8288958,-3.6628988,-5.700637,-3.7401626,-1.8315185,-3.8820915,-2.30314,-5.161749,-2.9032166,-2.7970479,disgust,Millee,Millee_disgust_002.wav
-153.1459,183.64296,-46.21706,15.750749,-6.349286,-2.7821963,-26.027864,-10.345908,-20.520424,-18.955868,-13.866129,-21.52894,-15.009462,-10.667092,2.2879415,-15.377895,-12.090451,-8.155783,-16.08204,-10.585699,-9.844851,-3.0448327,-4.2504334,-8.7869835,-5.131049,-5.9271927,-5.9552493,-3.1020765,-4.277276,-2.7418427,-3.485439,-4.7177887,-5.211952,-5.2878213,-1.3830341,-3.1739926,-2.870954,-5.022237,-2.957164,-3.173351,disgust,Millee,Millee_disgust_003.wav
-154.34428,183.43983,-45.256664,14.740854,-3.868096,-10.66131,-22.522896,-11.62627,-20.628029,-9.57016,-17.854187,-25.878376,-13.19893,-9.292132,-3.7972429,-14.478141,-9.501494,-11.423446,-14.807026,-11.013986,-6.5282307,-1.989507,-4.0138206,-6.3007326,-4.994094,-2.924962,-5.311498,0.092881024,-4.5766935,-5.033481,-2.1631358,-7.9025,-3.4099095,-1.6406927,-3.9832473,-6.8420267,-1.5758576,-6.0467978,-5.055745,0.5431787,disgust,Millee,Millee_disgust_004.wav
-176.1728,188.82687,-44.70939,11.024326,-4.52824,-1.994739,-28.27058,-12.176853,-19.887327,-15.127601,-17.224308,-24.719254,-16.548433,-10.2438755,-3.5284262,-16.954025,-11.243732,-10.024461,-14.08344,-11.754566,-7.456041,-3.8335562,-4.6797585,-5.5496845,-5.008929,-0.83427334,-5.334939,0.2741408,-2.4418995,-5.324177,-3.0499468,-7.412584,-1.7922927,-3.5782173,-1.6466777,-3.2570963,-2.796756,-6.2301064,-4.1252007,-2.1795976,disgust,Millee,Millee_disgust_005.wav
-161.59596,183.14337,-37.74548,5.2280984,0.5212238,-7.007606,-17.874702,-15.127169,-16.896664,-15.527007,-16.928345,-25.91753,-16.89031,-7.635657,-6.4754024,-17.579613,-17.661938,-8.741329,-12.0137825,-13.868782,-6.4404063,-5.7587447,-3.3473403,-3.0817287,-3.6498632,-3.4138615,-5.0909677,1.0476718,-4.0321727,-3.6397693,-0.58359176,-4.497744,-2.624139,-4.0565615,-2.8537123,-2.0101676,-3.0490851,-4.9913607,-3.334034,-1.1886672,fearful,Millee,Millee_fearful_001.wav
-153.43887,179.04927,-34.16852,9.900625,5.7445993,-11.378504,-18.988958,-13.037634,-16.028877,-14.619884,-18.242176,-24.208826,-16.402664,-9.887769,-7.0053954,-14.7864895,-14.81392,-11.432479,-11.973084,-11.330056,-7.1774287,-3.8858318,-2.887895,-3.7343664,-2.3719802,-2.4513795,-4.281588,0.32667628,-2.8569562,-3.1479619,-2.5710037,-4.516616,-3.5704367,-5.082823,-0.9906827,-1.039922,-3.932948,-4.798576,-2.720209,-3.2927964,fearful,Millee,Millee_fearful_002.wav
-166.65097,180.96944,-37.429863,11.308933,1.8301178,-12.055091,-17.79882,-16.655476,-19.52634,-13.678134,-16.564018,-24.341478,-15.275967,-10.158448,-8.243661,-15.706603,-14.07192,-10.022725,-12.664786,-11.372748,-8.205462,-4.657189,-1.0444275,-2.3606927,-4.1712637,-2.5883598,-3.7236726,-1.6668552,-2.8765821,-3.0079906,-1.9897428,-4.263068,-4.221892,-4.0755424,-1.7541327,-2.0459893,-2.8222454,-4.889124,-3.5293417,-3.2548807,fearful,Millee,Millee_fearful_003.wav
-161.92744,184.79756,-37.326263,10.04293,1.8278683,-10.225463,-20.60103,-10.531455,-21.742529,-19.9735,-15.833261,-21.32026,-14.777428,-11.504284,-3.7216277,-19.999289,-12.520762,-9.565704,-14.476625,-7.250606,-9.353644,-0.0061929044,-3.876734,-5.412103,-3.7696242,-5.8212175,-1.7655392,-3.797482,-4.420911,-2.249685,-1.9117103,-4.927744,-3.4475281,-3.6364481,-3.9699042,-1.1183746,-4.371453,-4.151775,-3.8759964,-3.3084173,fearful,Millee,Millee_fearful_004.wav
-157.8484,183.07616,-33.47407,8.657235,-0.5596398,-8.0884905,-24.820154,-12.213024,-20.465044,-17.057571,-14.624159,-23.887856,-18.62875,-9.034764,-7.422328,-16.444126,-11.785627,-10.959576,-13.334458,-13.8451185,-5.860128,-4.526405,-5.3752522,-3.6158202,-3.6682441,0.64686936,-1.998148,-0.5229282,-1.5600234,-1.8893328,-2.5696094,-4.9236207,-3.7463484,-4.5857935,-1.5244713,-4.2232704,-3.5641556,-4.959152,-4.476838,-1.9823322,fearful,Millee,Millee_fearful_005.wav
-186.00261,178.31226,-29.56145,5.8026156,-3.7638242,-15.801538,-26.163778,-8.690715,-24.685543,-20.015635,-19.40981,-18.942862,-12.075092,-12.185911,-5.252908,-22.929024,-9.822574,-4.7872324,-8.276821,-10.564272,-18.842762,-10.195797,-7.8085093,-2.7716086,-2.9150076,-3.9575627,-3.3331635,-2.2717173,-1.798402,-2.4973338,-2.323816,-7.1739097,-7.1305003,-7.0697436,-3.556101,0.7517154,-1.4544948,-5.6147137,-3.9066913,-2.5395138,happy,Millee,Millee_happy_001.wav
-176.54672,186.41847,-43.23019,17.70557,-4.78852,-11.56928,-24.838749,-9.080283,-21.258905,-15.717996,-11.591122,-25.466103,-17.046627,-9.722486,-4.200883,-15.162592,-10.145353,-8.737098,-12.672206,-11.28248,-6.8525963,-5.587263,-3.6044612,-0.887989,-7.9200206,-4.774825,-6.3170543,-2.9401362,-2.2675185,-2.9593077,-0.13106325,-3.3064594,-1.8923459,-3.947892,-0.9197919,-2.1944435,-2.773986,-5.128095,-3.72558,0.3214773,happy,Millee,Millee_happy_002.wav
-163.35133,193.24382,-44.650307,18.63218,-5.95829,-13.861855,-23.045097,-13.628812,-19.457045,-17.356909,-10.964579,-24.456327,-14.3440075,-5.71044,-6.597816,-14.311558,-8.939562,-9.004198,-14.02,-11.81695,-7.6035466,-3.9926128,-3.6241863,-4.6509657,-6.2888083,-4.6737256,-7.522146,-6.9390235,-6.3393674,-1.653972,-1.276112,-6.08847,-2.6472576,-3.5168285,-1.4238394,0.16125764,-2.0375338,-4.0902457,-2.1792126,-0.34878755,happy,Millee,Millee_happy_003.wav
-161.92412,199.02417,-53.484135,13.501914,-13.707113,-6.6206117,-20.637579,-9.734414,-19.480534,-21.186258,-15.374232,-24.481985,-14.937846,-6.8165584,-4.233816,-18.425568,-9.78095,-10.551799,-12.05107,-9.001931,-9.843824,-5.259763,-6.9652834,-3.7115228,-7.1000457,-5.0453157,-6.980958,-5.7803836,-5.3645215,-4.0357547,1.3247384,-4.296396,0.21784219,-1.971078,-2.7657251,-1.1698208,-3.0929673,-4.296609,-3.5574212,-0.26501533,happy,Millee,Millee_happy_004.wav
-165.32986,185.95114,-42.525276,10.506671,-6.3439617,-11.643082,-22.111382,-11.38027,-21.263653,-19.923824,-13.709079,-26.827906,-13.565315,-9.899588,-8.150291,-14.5349045,-11.412181,-6.757875,-11.41983,-7.883446,-4.8329926,-5.219015,-4.649398,-2.120337,-7.4428635,-5.2705207,-3.892291,-4.981143,-3.687757,-4.872228,-3.9050312,-6.299349,-3.6532166,-2.1154368,-2.6018467,-0.95980114,-3.168238,-4.488035,-1.8280823,-1.4829078,happy,Millee,Millee_happy_005.wav
-148.26569,186.08557,-48.392067,6.0969653,-2.393334,-12.555799,-15.837479,-17.843332,-17.521437,-15.519081,-14.387162,-20.792181,-11.894253,-8.779145,-5.816161,-11.737715,-11.88334,-7.2673626,-13.564865,-11.346377,-7.3682003,-4.1400723,-3.44212,-2.9352357,-2.8659494,-3.6711147,-2.507817,-3.9856055,-4.135229,-3.3058321,-3.6215189,-5.1970773,-4.8626657,-3.8809168,-3.168746,-1.7537407,-4.8171105,-4.733047,-2.7587757,-2.717679,neutral,Millee,Millee_neutral_001.wav
-172.09169,195.04793,-46.068462,10.2595,-2.345231,-11.461846,-17.792215,-14.440525,-17.289711,-17.673937,-13.531157,-22.034082,-14.871563,-7.6114464,-6.448753,-14.0149975,-10.109381,-9.70657,-13.071356,-11.041545,-8.123455,-4.549286,-7.3132033,-5.2267113,-5.505396,-5.3295274,-5.290737,-4.024842,-1.8590388,-1.7523179,-1.2794642,-4.185809,-3.9097834,-4.3566213,-3.3693237,-3.0975947,-3.9604895,-3.914591,-4.77724,-1.6362339,neutral,Millee,Millee_neutral_002.wav
-159.18636,202.72989,-50.919945,17.63471,-11.853984,-5.6351643,-20.228218,-14.457783,-17.72855,-17.614784,-14.823663,-24.037338,-12.094065,-7.7508197,-3.6288095,-18.246244,-13.063855,-9.07642,-16.198412,-10.454234,-10.116215,-5.4612937,-2.5289295,-5.357946,-5.740517,-2.8595147,-6.3987217,-4.827991,-4.5506234,-3.9146957,-1.5770311,-4.743154,-1.6284403,-3.266277,-2.4315233,-2.3323479,-4.1596155,-4.5417533,-3.39069,-1.121884,neutral,Millee,Millee_neutral_003.wav
-171.57079,193.38846,-44.974022,14.400897,-5.1737986,-6.953207,-20.761448,-11.675964,-18.625135,-17.92997,-17.611431,-25.239574,-11.166857,-11.780659,-4.652149,-15.582182,-11.927237,-8.647708,-15.692107,-9.807381,-10.234973,-5.312678,-7.3689694,-5.7188077,-5.490436,-6.0650597,-3.047483,-4.0208235,-2.5531008,-2.9349544,0.021088336,-4.4697204,-4.238776,-2.2506073,-4.4830146,-1.1324265,-3.809978,-3.3568854,-2.8478806,-1.510408,neutral,Millee,Millee_neutral_004.wav
-147.21072,196.70338,-48.92758,15.532252,-6.732967,-7.31503,-18.88457,-11.367695,-17.807104,-19.247076,-15.365069,-26.003086,-11.867636,-8.338086,-4.4160256,-15.962347,-13.381912,-8.749976,-13.999923,-9.400957,-12.628228,-5.3094277,-5.1608105,-8.015271,-5.541703,-4.9525576,-3.6389153,-5.0135827,-4.380898,-3.7959528,-2.1530468,-5.8233204,-5.0471087,-1.7733724,-3.6178305,0.021288993,-1.5666698,-4.8260565,-3.2372992,-1.9753696,neutral,Millee,Millee_neutral_005.wav
-175.27869,192.48726,-46.466377,17.075014,-4.080784,-7.377236,-21.482084,-15.642144,-17.374834,-18.93414,-14.509567,-25.244911,-15.932646,-11.300704,-4.874595,-16.889906,-14.077226,-7.123034,-12.716449,-9.681662,-10.457054,-3.9204617,-5.3066244,-5.487868,-5.795255,-8.676196,-4.3776217,-4.4614463,-4.1416235,-3.936382,-4.734399,-6.2509265,-5.598223,-3.236038,-0.6872609,-0.2891422,-3.6219094,-2.677079,-1.5663823,-0.9566553,sad,Millee,Millee_sad_001.wav
-148.864,193.53708,-46.47485,15.041941,-3.8124037,-9.239114,-18.723385,-11.631442,-18.387083,-20.305376,-16.912474,-22.221489,-14.0975,-12.6921425,-5.0713925,-16.652592,-13.134894,-9.891364,-13.685421,-7.0874233,-8.138526,-3.8858216,-5.190444,-4.124207,-5.584322,-7.352338,-5.020433,-5.83554,-4.1199217,-4.1345334,-2.5276687,-4.3619156,-6.0506086,-2.635002,-0.9284231,0.41402698,-1.5925605,-3.739853,-1.456862,-0.79115164,sad,Millee,Millee_sad_002.wav
-175.05066,194.30392,-47.985447,18.07386,-3.78057,-10.163352,-16.402119,-14.589743,-15.992371,-18.779465,-17.01775,-23.639387,-15.153441,-9.452279,-6.5595565,-16.588129,-11.210578,-7.6676035,-13.41012,-9.791782,-9.348144,-3.831893,-5.1965446,-5.616736,-4.522213,-7.3611813,-4.6159034,-3.4441934,-5.1125665,-4.0132575,-3.7795808,-6.886658,-5.4375825,-3.613087,-2.140764,0.2854323,-2.9109237,-3.1662383,-1.1314903,-2.0551443,sad,Millee,Millee_sad_003.wav
-150.22739,197.82422,-47.107956,14.928948,-6.800374,-7.5112085,-15.891756,-12.89109,-19.318708,-20.748522,-15.613991,-23.028988,-14.038853,-9.295206,-7.1011186,-15.99589,-9.534818,-9.234923,-13.925799,-8.082917,-9.222999,-4.6224985,-5.0260906,-5.058151,-6.9249606,-8.398637,-4.0729203,-5.0031996,-4.820661,-3.4277549,-3.0846767,-4.9625673,-3.7263536,-2.9532197,-2.761915,0.7438891,-1.6309729,-1.7504221,-0.6911551,-0.38226613,sad,Millee,Millee_sad_004.wav
-158.0944,199.29642,-49.372513,19.515785,-9.145386,-7.7087646,-19.600836,-15.4237795,-19.06314,-20.951937,-14.622516,-21.53209,-15.664181,-7.8016477,-7.2141485,-17.24073,-8.581896,-10.165964,-11.6313,-11.061444,-11.5009165,-3.5701141,-7.82829,-6.5820117,-4.731203,-5.207328,-7.0849752,-3.3507588,-2.362781,-2.9403145,-1.760517,-6.2150373,-4.1591716,-5.1347733,-1.5704005,1.0812131,-0.95436525,-5.377466,-3.4659183,-0.8772125,sad,Millee,Millee_sad_005.wav
-167.37326,188.7008,-50.55896,17.266129,-8.306748,-6.3133926,-24.158657,-12.630091,-18.239914,-19.131542,-14.0698595,-19.72372,-16.024809,-14.223186,0.27301693,-16.829512,-14.408612,-6.661483,-14.384441,-7.0563583,-7.8862605,-5.6415157,-6.1175375,-6.6877728,-2.8955328,-6.574379,-5.3178916,-1.9754444,-4.2448626,-1.7788353,-0.91385305,-4.4262085,-3.2285445,-2.8386133,-1.9717485,-2.5710232,-2.7039092,-4.1981044,-4.5555186,-2.2901525,surprised,Millee,Millee_surprised_001.wav
-161.62152,183.92625,-44.916477,17.894634,-4.47516,-10.870743,-24.036098,-11.873112,-18.90538,-16.309958,-16.567387,-20.496765,-15.412944,-15.107023,0.050045915,-13.105575,-16.387505,-9.2339115,-12.10108,-9.877136,-7.8542404,-2.399804,-3.8296578,-7.75171,-4.399404,-4.656169,-6.708923,-2.108816,-3.971369,-4.290432,-2.3192186,-5.28783,-4.433016,-3.3561234,-1.0326864,-3.9454672,-3.414176,-4.591181,-3.9678588,-1.7078339,surprised,Millee,Millee_surprised_002.wav
-172.67188,177.47714,-35.93854,10.649678,6.6874714,-12.4004135,-20.72036,-15.950289,-17.25648,-14.354351,-15.019146,-24.04548,-20.867718,-12.35055,-4.8376174,-10.355223,-9.830787,-9.602282,-15.47167,-14.240359,-8.027047,-4.8583536,-4.402026,-5.598786,-7.120912,-4.4167643,-4.1033316,-1.4142035,-1.4853511,-3.462857,-1.4670199,-2.989508,-3.5079634,-3.8511302,-4.4851055,-2.6891472,-2.2007163,-4.0881824,-3.301803,-2.8501096,surprised,Millee,Millee_surprised_003.wav
-172.34586,184.0619,-40.039738,8.006768,2.9621644,-9.877449,-18.872248,-16.239979,-18.826088,-15.162632,-18.077461,-22.420654,-17.481762,-9.863314,-3.6907911,-12.686824,-10.095431,-8.616425,-13.922632,-13.104103,-6.846551,-5.110407,-4.9583874,-6.687256,-6.8723097,-2.7359514,-4.6965656,-0.99997264,-2.2250514,-2.986433,-2.3593664,-6.2258806,-6.6142416,-5.2423344,-1.981184,-3.186604,-2.6789598,-4.776069,-3.0909848,-1.6984386,surprised,Millee,Millee_surprised_004.wav
-172.72725,177.55354,-33.547497,8.077709,6.4595795,-8.930266,-20.23587,-16.815218,-19.380802,-17.277342,-19.074705,-23.960865,-18.718716,-10.039222,-3.7532637,-12.816788,-9.960655,-9.426995,-14.07679,-12.654536,-8.478565,-4.9604006,-5.676161,-7.373401,-6.776089,-2.983118,-4.7571983,-2.7389526,-3.2448583,-3.9740188,-2.0831027,-3.1109767,-2.3544035,-3.4219189,-1.2636245,-2.772963,-4.1115184,-4.122594,-3.006361,-0.8694867,surprised,Millee,Millee_surprised_005.wav
-245.28952,172.57324,-10.903691,27.778128,8.530815,-16.482502,-17.638895,-21.70595,-13.675426,-2.3311064,-7.819921,-25.55189,-16.82486,-3.2549722,-11.866594,-14.31673,-10.199888,-12.077759,-9.293599,-6.903767,-7.2567906,-2.3154607,-2.6671753,-11.291857,-7.9334745,1.0821495,1.8180646,1.796444,-1.9386938,-5.3515906,-4.66022,-5.4115653,-4.935742,-6.049262,-6.8115106,-3.4407456,-2.9512944,-6.4378963,-4.299627,-1.5173628,angry,Parul,Parul_angry_001.wav
-226.8423,174.1891,-16.916357,42.716454,0.16450462,-22.791489,-14.801698,-22.224949,-18.608208,0.6809661,-6.495772,-29.235401,-17.319416,-7.982732,-9.716796,-11.478169,-11.208645,-10.438574,-11.599051,-10.094281,-8.717359,-4.375354,-3.1058197,-8.072188,-3.8024173,4.385357,4.1905923,-0.025757613,-4.6341543,-5.092879,-4.2440534,-4.7913585,-3.5079072,-5.0175743,-5.9328856,-2.7168295,-4.45268,-6.7732334,-3.053745,-4.57581,angry,Parul,Parul_angry_002.wav
-230.69897,165.03336,-13.408182,32.1469,-5.0961013,-14.139429,-24.147745,-21.35967,-11.314944,-8.574556,-6.110025,-28.372223,-21.693638,-1.665246,-10.016759,-16.20133,-10.679889,-15.841642,-15.130632,-4.3829217,-0.9276615,2.9237115,6.7509646,-5.498548,-11.380632,-0.54526687,-1.8915236,-2.2796793,1.1380582,-6.455361,-9.963327,-5.8576736,-4.228933,-5.334108,-7.180071,-6.473208,-3.121195,-5.6391387,-6.0937166,-3.6557345,angry,Parul,Parul_angry_003.wav
-253.3657,168.9821,-16.372553,15.927491,-5.122141,-4.9746594,-18.198454,-12.964839,-13.486543,-14.887115,-7.3194838,-22.49804,-17.002188,-5.328034,-12.087203,-17.351345,-9.472279,-9.06786,-7.366396,-8.109016,-13.723722,-5.8317094,-0.5230174,-3.9096897,-2.460862,2.870531,-0.13045347,-4.7303042,-6.334241,-4.9505787,0.9239336,-2.2683456,-6.012453,-5.8637104,-8.601727,-1.2317159,1.9397131,-6.8806806,-7.2882557,-4.603475,angry,Parul,Parul_angry_004.wav
-187.96735,179.749,-29.20081,25.449926,-24.145046,-7.4066725,-12.51537,-20.198034,-5.916844,-16.314613,-12.220798,-25.172388,-17.291063,-1.8473126,-12.05915,-18.509848,-12.1245,-8.7897415,-8.547706,-9.312826,-15.155263,-7.889614,2.4708347,-1.2977831,2.759471,10.011154,2.211548,-5.9298325,-10.257068,-8.428738,-1.548722,-0.21868682,-2.706504,-10.433068,-11.324572,-1.4403983,-0.62325794,-3.0859554,-6.457043,-8.731372,angry,Parul,Parul_angry_005.wav
-205.19884,181.03783,-15.91372,29.656416,-3.4797328,-15.21731,-12.592126,-19.478315,-7.756013,-2.0634959,-0.14272764,-15.663872,-27.83364,-9.734538,-0.72451085,-15.236223,-10.868843,-3.8447952,-11.380037,-9.101191,-3.9427125,-5.5169253,-2.8812745,-1.6992881,-2.5859108,-0.66281027,-2.066803,0.89232284,2.2110157,1.1850849,0.5078884,-3.292645,-2.7163022,-4.204966,-6.512398,-6.4181476,-4.988789,-8.361493,-9.907715,-3.8780594,calm,Parul,Parul_calm_001.wav
-165.57303,189.17586,-28.366991,29.793682,-3.5058625,-15.305436,-18.316895,-17.588408,-8.906626,-4.61403,0.38399562,-15.39271,-22.321667,-10.244468,-0.7332043,-13.417879,-10.520006,-5.097385,-12.993473,-8.783894,-7.673896,-6.960433,-1.7711362,-1.3721709,-2.2135813,-1.5318816,-2.8360417,-0.38597286,-0.83110887,0.0020424966,3.3467917,-2.0180268,-3.4615731,-4.955943,-4.6659727,-2.1319888,-4.266625,-7.042621,-7.7680125,-4.229969,calm,Parul,Parul_calm_002.wav
-195.06621,179.69179,-17.239,23.908352,2.170643,-17.827457,-14.214594,-18.964628,-12.205158,-4.1113386,-2.393409,-14.585926,-27.055439,-11.446237,1.0748152,-14.129172,-10.254299,-4.033274,-11.181072,-9.336456,-6.0421367,-3.7795248,-0.7347565,-2.1161015,-3.4323785,-2.2962303,-2.9755037,-0.6708357,-1.8990297,-1.6831129,0.8013017,-1.3036083,-0.6378594,-1.2570401,-3.4136298,-5.2788033,-6.124052,-8.5878105,-8.971388,-4.763529,calm,Parul,Parul_calm_003.wav
-182.41995,185.22615,-18.539423,18.258558,-5.8416615,-16.777126,-20.534525,-18.150158,-5.4017253,-5.7560797,-2.6010573,-16.700216,-26.878162,-6.827581,-5.402991,-14.958612,-7.8893414,-10.437171,-10.5659485,-6.971055,-3.5280151,0.5113556,-1.5104587,-0.7442993,-2.0487304,-5.3779526,-1.3412355,3.1560545,0.70138776,-1.696649,-1.1379479,-1.6867973,-3.8785646,-4.5556126,-5.2331915,-8.219979,-7.1240497,-7.6982555,-8.561121,-4.9419236,calm,Parul,Parul_calm_004.wav
-178.50249,196.82729,-33.122177,24.394651,-8.948383,-9.568898,-27.410715,-22.138163,-1.916095,-4.1343927,-3.846978,-17.063337,-25.236479,-7.97316,0.33170736,-14.805559,-5.562866,-8.253085,-11.438217,-3.8101976,-7.928089,-2.186738,-0.9846109,-1.2804585,0.64873624,-1.1320823,-2.8961122,-0.6255934,-2.2649226,-5.3383064,0.59553087,-1.398954,-5.634482,-4.7883105,-3.0704267,-3.7054005,-5.5387354,-6.32933,-7.1988573,-6.347893,calm,Parul,Parul_calm_005.wav
-236.48232,172.4176,-7.5715013,27.270433,-1.2140509,-14.273999,-19.213278,-17.441813,-16.462818,-7.844928,-1.767272,-29.74192,-20.073004,-3.497328,-10.942418,-11.161278,-10.066348,-11.476493,-11.794483,-7.747057,-5.854763,0.16366288,2.0966706,-10.209913,-7.1597347,0.35000384,0.52059066,1.701009,-4.716507,-6.20317,-3.1894271,-3.6656618,-4.9161854,-7.5457067,-8.401705,-3.4584002,-2.9044032,-7.707536,-4.431989,-3.3302944,disgust,Parul,Parul_disgust_001.wav
-230.11868,169.45834,-12.021139,25.081266,-16.239632,-15.405208,-15.736617,-14.787444,-17.970985,-11.58198,-7.9877663,-29.523577,-16.371342,-1.1188933,-7.7756796,-14.452605,-12.135979,-12.983361,-10.699828,-7.820242,-9.09133,-5.4280214,-1.1591545,-7.705335,-9.979261,5.532294,5.756168,2.5304914,4.3774285,-4.275864,-5.8813663,-4.973854,-7.097503,-4.646036,-4.566841,-6.17037,-4.30932,-5.11062,-5.4232306,-3.7543416,disgust,Parul,Parul_disgust_002.wav
-216.85634,170.24611,-10.583758,25.157028,-7.9450917,-16.212608,-15.183452,-16.836706,-22.649235,-8.132415,-4.917392,-22.29078,-20.050035,-9.854965,-7.778007,-16.64872,-12.491395,-16.355572,-11.347852,-5.473694,-6.330507,0.7470253,-0.1504321,-6.680402,-9.568825,2.6753716,3.7436035,1.3420397,-3.1999102,-7.422808,-0.73785746,-4.8899007,-5.197755,-4.7373857,-5.3133893,-3.2617326,-4.40454,-5.716317,-4.0557094,-3.4971893,disgust,Parul,Parul_disgust_003.wav
-236.42725,168.56218,-21.548328,34.34353,-10.575801,-16.353003,-13.050446,-20.442732,-19.814558,-12.153044,-7.5906844,-20.123291,-23.534536,-5.703393,-5.2560797,-19.689219,-6.478802,-12.343486,-9.225801,0.41934898,-6.239621,0.4107767,0.5247142,-8.901575,-12.668184,-2.92656,1.1492223,2.8155332,-1.6841758,-6.598094,-4.2781825,-7.956454,-6.1455436,-8.581247,-5.981331,-2.554145,-5.523879,-4.9998536,-3.898011,-0.3562056,disgust,Parul,Parul_disgust_004.wav
-226.44255,175.13545,-16.424463,38.53915,-5.95967,-12.636442,-20.165249,-17.623873,-21.896624,-6.6404386,-5.187384,-18.535694,-18.136648,-15.196298,-3.901527,-16.88195,-11.783185,-10.32519,-10.112415,-7.2535534,-13.5629015,-7.5011926,-2.5533056,-6.8689203,-7.949723,3.3329406,3.5702047,4.756279,-2.7758453,-4.645856,-0.24990101,-6.6577373,-2.8836508,-6.2206116,-3.479157,-2.5423644,-5.1548176,-4.28472,-4.209812,-3.7596788,disgust,Parul,Parul_disgust_005.wav
-218.75998,167.19008,-4.1613464,33.50825,5.4814506,-15.626081,-15.479658,-24.714645,-13.579535,-1.9752603,-3.9252582,-23.365303,-25.732563,-8.426406,-11.147768,-16.093773,-11.809897,-9.785931,-8.383114,-8.211674,-6.2331634,-6.1407433,-5.026225,-9.946175,-11.96986,-1.3553619,3.5937684,3.7408946,1.9573085,1.3282573,-0.5487393,-3.9576283,-4.39434,-5.450488,-5.765327,-4.2172747,-2.9863174,-5.605408,-5.6085305,-4.9963336,fearful,Parul,Parul_fearful_001.wav
-191.60283,158.38733,-9.394691,39.265358,-7.404359,-5.7527056,-13.729929,-26.316742,-5.6918807,-12.91567,-5.849567,-16.25548,-34.22131,-2.7742271,-11.411636,-25.867203,-3.0074005,-9.873454,-13.173401,-10.26614,-9.007101,-3.1058064,-1.3550396,-3.3328567,-5.2660775,0.7756545,2.0675826,3.3260198,-2.1546206,-2.2182446,0.06837377,-7.788711,-5.9619555,-5.771357,-5.0026894,-4.5678415,-4.2879596,-6.913338,-7.8255734,-3.709063,fearful,Parul,Parul_fearful_002.wav
-211.43286,160.58275,-12.880751,44.211555,-6.2843647,-14.391997,-9.936456,-32.52759,-12.459144,-6.1296268,-5.6492662,-20.168524,-29.044197,-5.610884,-11.731952,-18.50321,-6.791247,-11.499822,-13.9672575,-12.097806,-8.915094,-2.9967792,-1.625045,-5.683989,-5.2117233,3.2663903,7.4254994,4.562725,0.23658028,-0.3664834,-2.3574185,-6.6866245,-7.1182284,-6.3406134,-6.439176,-5.6572514,-5.322495,-7.18608,-5.0809875,-3.0017145,fearful,Parul,Parul_fearful_003.wav
-209.61633,191.18309,-10.129397,34.6414,-3.8044417,-14.076094,-17.080032,-18.71046,-17.876495,-6.893784,-6.146963,-24.358301,-16.571236,-11.828849,-8.047242,-13.346758,-14.405567,-6.054138,-9.402839,-9.536585,-7.32001,-7.168096,-9.725706,-13.928042,-12.8358135,-2.8962214,0.9143867,2.2307541,1.8997366,-0.2780118,0.5416433,-3.0423431,-4.155133,-4.091916,-2.7673655,-3.2565696,-3.2641075,-4.5133915,-5.58562,-5.333173,fearful,Parul,Parul_fearful_004.wav
-208.45717,185.74721,-21.451855,38.392017,-6.250478,-8.728821,-16.91488,-20.809736,-15.31864,-5.509152,-7.8719954,-21.245243,-15.562596,-13.609774,-7.6357055,-15.334869,-11.178591,-3.9360492,-11.9888935,-7.582696,-5.4942126,-7.1345153,-8.668243,-13.608276,-13.353171,-4.5352845,-1.569015,1.8867234,3.980314,2.6481223,3.2480261,-4.7045274,-9.451911,-7.005007,-2.5478766,-2.200398,-2.114256,-6.6657577,-7.921184,-3.412383,fearful,Parul,Parul_fearful_005.wav
-208.13188,180.74144,-24.212242,9.158348,-3.8597245,-16.919228,-21.943394,-22.61333,-5.7534823,-5.7240753,-7.7604485,-14.719748,-23.716429,-9.631905,-3.7615738,-18.14373,-12.168122,-10.69636,-12.571753,-5.2192345,-7.2728596,0.6595911,4.3614416,-6.495617,-3.1992633,2.0409088,-2.2902846,1.1681576,2.9671032,0.66284156,0.17137136,-4.319533,-5.9182086,-3.0577002,-4.480993,-8.048909,-4.203119,-4.8870683,-7.4700975,-3.735415,happy,Parul,Parul_happy_001.wav
-177.27193,176.56712,-37.87164,13.804174,-8.279388,-7.2118726,-22.366514,-22.166994,-6.47105,-10.715041,-8.848842,-18.13148,-18.968655,-10.89957,-8.820663,-15.704382,-7.464477,-8.089698,-12.710576,-5.06256,-6.452049,-1.3700521,0.46273834,-2.2264774,-0.6623038,-0.98283654,-2.6672175,-0.9195058,-1.2954661,-4.096305,-0.4222105,-2.8157766,-5.8446307,-4.655372,-6.4785395,-5.7280483,-4.4685,-5.8516226,-6.7898006,-5.404397,happy,Parul,Parul_happy_002.wav
-206.97081,164.14627,-8.250086,12.5671625,-0.6901682,-13.4744425,-25.841118,-17.909966,-16.769117,-10.475015,-2.7130876,-26.588102,-15.496034,-5.098045,-19.796251,-12.726243,-9.156863,-8.904985,-6.592392,-11.097819,-7.3424635,-7.9378557,-4.338304,-3.1910958,-4.9861503,3.9255443,0.7931009,-1.7730708,0.67483366,-2.2376003,-4.3565755,-4.905478,-4.827898,-5.0628796,-4.608986,-2.0018494,-0.86375684,-5.5578227,-5.961431,-4.1502547,happy,Parul,Parul_happy_003.wav
-241.451,179.46172,-14.397732,31.773808,2.3674288,-24.059713,-18.430952,-14.496563,-12.314977,-1.8909647,-4.55316,-28.571766,-18.402842,-6.3009696,-11.705117,-12.612023,-9.89086,-9.125197,-12.080282,-8.434372,-4.541751,-4.12619,-1.1316562,-5.289596,-8.778231,-3.4099927,-0.6344079,0.45826566,0.5277956,-1.3858407,-4.1291733,-6.801182,-4.7858796,-4.0895915,-5.6358523,-1.7525172,-3.1492684,-8.519279,-4.718104,-2.2360535,happy,Parul,Parul_happy_004.wav
-207.02715,188.46542,-28.834013,21.734152,-6.561107,-16.77229,-22.596066,-15.932528,-17.424192,-7.209072,-5.5089607,-29.303312,-14.32725,-4.1140957,-10.02596,-13.157714,-10.6148815,-10.627159,-10.824324,-8.878606,-6.5878835,-3.5625556,-4.3418593,-4.039697,-8.692484,-6.290158,-1.6364204,-1.7576886,-1.4344001,-3.798327,-3.1042216,-4.9582367,-5.523403,-3.272783,-4.392575,-3.6425226,-2.4244404,-6.5880494,-5.4730678,-1.2258283,happy,Parul,Parul_happy_005.wav
-198.74417,176.36153,-23.504364,25.863653,3.3401113,-16.662737,-18.283564,-23.968931,-9.206282,-2.3715217,-2.373482,-8.877108,-17.784485,-13.91691,-0.00031369666,-8.227414,-15.840799,-6.401443,-9.964037,-10.138433,-4.8517423,-4.145265,0.7609906,-2.1966314,-4.9710755,-1.4270678,-1.7470652,0.13152483,0.2965893,-2.2865245,-3.588777,-3.4544308,-3.5156486,-5.642304,-3.8868415,-2.9223783,-6.581095,-8.502788,-6.460661,-3.574419,neutral,Parul,Parul_neutral_001.wav
-205.0013,182.77069,-21.093687,21.627342,-1.6833546,-14.837714,-20.639555,-21.580112,-7.662629,-4.1920576,-3.162321,-18.992123,-23.263632,-8.403429,-1.59924,-12.129883,-10.923457,-6.326793,-12.781053,-7.75022,-7.2966094,-5.789755,1.504649,-2.2551622,-2.3300755,-1.7860496,-1.3973633,0.3169138,-2.2432988,-1.1643136,-2.7521722,-3.214253,-2.7150888,-5.213741,-4.2227125,-5.023959,-6.204759,-7.221378,-7.969173,-3.6593773,neutral,Parul,Parul_neutral_002.wav
-204.26028,187.34903,-22.491875,23.498266,-6.2356577,-15.343094,-21.89598,-23.24268,-9.29416,-5.794233,-4.649556,-16.134876,-18.843258,-7.8737626,0.67220193,-14.272504,-11.896984,-2.3330545,-12.327792,-7.406721,-4.2084184,-4.152921,0.14555551,-3.4879797,-3.3138604,-2.121061,-3.2018247,-0.59576225,-1.3386514,-1.9725769,-2.0051208,-5.045052,-4.8238587,-3.0623186,-2.9487398,-4.8863497,-7.2587757,-8.148896,-6.9549875,-2.1846678,neutral,Parul,Parul_neutral_003.wav
-186.4494,191.1374,-27.664423,31.12521,-4.18479,-24.436228,-21.928383,-19.755453,-9.080478,-2.753504,-4.9639697,-17.666176,-20.673532,-10.144566,3.0994432,-15.675136,-15.980169,-5.1196575,-15.882764,-7.709936,-4.3851786,-9.909487,-2.1331217,-1.7528732,-6.329555,-1.3092356,-0.42691115,-0.21540779,1.868633,2.8228536,4.2084517,-0.49995315,-3.2294064,-3.3162298,-3.7877147,-4.1609416,-4.954961,-6.3052406,-7.78971,-5.624785,neutral,Parul,Parul_neutral_004.wav
-169.51935,188.45079,-20.862432,24.331793,0.7986934,-25.945278,-21.357944,-20.91778,-6.344662,-2.8060827,-6.5277905,-11.558601,-22.558382,-11.69325,1.4868699,-14.170206,-8.206371,-1.7791297,-13.055388,-7.24106,-5.3926725,-5.5887423,-1.2519671,-2.3985455,-4.0923567,-6.297206,-5.4157085,-2.8627505,-2.0617692,1.4338154,2.0942533,-2.3230853,-3.8943448,-2.4572628,-3.180719,-3.6518655,-2.0991063,-6.9511886,-8.819988,-2.1663659,neutral,Parul,Parul_neutral_005.wav
-211.80151,190.50511,-20.630863,33.784336,0.018923493,-19.282297,-16.092897,-16.52571,-12.592576,-3.2105384,-4.714038,-25.646366,-17.972214,-6.2869267,-8.582748,-13.77273,-9.869434,-9.653321,-12.146658,-5.2500777,-5.7497315,-5.5446353,-4.3403378,-11.286837,-13.262467,-4.894433,1.5062674,3.5926926,1.3468078,-1.230757,-2.5255246,-6.020272,-5.010445,-4.596062,-4.200009,-0.7121899,-2.3089864,-7.119766,-6.681429,-2.664676,sad,Parul,Parul_sad_001.wav
-194.17032,177.96764,-9.86293,33.10856,6.3542347,-17.825588,-16.47649,-20.222443,-12.242935,-2.9606402,-6.146903,-24.151768,-21.311647,-6.3219786,-10.363339,-17.929888,-11.222459,-10.21011,-10.324374,-4.5449505,-6.978129,-7.1819983,-5.345139,-11.937489,-10.710028,-0.6980644,1.890911,4.4205227,3.05966,-0.9758541,-3.074225,-6.58587,-3.7108562,-4.5724015,-5.2845,0.4153772,-2.69655,-7.4074,-4.8745766,-3.8529332,sad,Parul,Parul_sad_002.wav
-199.00137,170.34746,-8.430731,31.692167,11.025292,-21.0851,-16.633478,-20.308727,-15.7073965,1.2128372,-4.332983,-26.851566,-22.29286,-8.706669,-8.783584,-14.872631,-11.932059,-8.008993,-11.379769,-8.552737,-5.5852165,-4.8906283,-5.0405674,-12.883451,-11.043572,3.6710093,5.599174,2.7973762,0.35344145,-4.217468,-2.877148,-5.864911,-3.3611815,-2.2295165,-10.567768,-4.355894,-0.88187194,-6.381117,-2.934212,-2.7628202,sad,Parul,Parul_sad_003.wav
-197.98853,171.09845,-6.2951307,28.030817,3.2901206,-12.386973,-24.989843,-20.170532,-10.3977995,-2.491535,-1.9779578,-22.928246,-19.603443,-8.800316,-11.916854,-14.165677,-9.888518,-9.128562,-9.596689,-10.407988,-6.1029077,-1.4958396,-6.1832333,-11.903628,-10.58231,0.8717799,4.6649137,0.15970191,-2.065626,-2.788355,-5.054406,-5.235197,-0.9909055,-2.998204,-7.6479115,-4.3547454,-1.3879099,-6.413161,-4.815793,-3.0009112,sad,Parul,Parul_sad_004.wav
-212.39743,179.96341,-17.80625,32.92671,-2.1886985,-15.173818,-15.873566,-23.689793,-15.84155,-4.9236426,-9.098502,-22.96017,-18.629805,-5.875797,-9.3620615,-14.31985,-10.651563,-10.685383,-11.254674,-10.499029,-6.0649657,-5.532542,-2.6059644,-8.611932,-11.995563,3.5259452,3.3775098,-2.0945692,-1.3606082,-1.2483711,-1.5321476,-2.7868667,-1.9589369,-4.753267,-8.872159,-6.1470213,-0.7617539,-7.0966663,-6.0815253,-3.7821586,sad,Parul,Parul_sad_005.wav
-221.35127,178.48505,-17.126781,29.763386,-3.6549935,-14.187285,-10.629127,-12.839804,-19.272167,-7.42535,-2.4380074,-25.219912,-24.675762,-10.002597,-6.6157975,-13.074447,-13.887311,-10.517796,-7.443204,-6.161448,-5.699394,-0.39524537,-0.051114324,-8.960124,-8.537361,1.8973606,-1.005899,-2.9589007,-2.0588446,-10.389305,-4.3198104,-1.2050915,-6.6190653,-3.79232,-5.172412,-6.5967793,-3.285282,-4.341069,-4.259072,-4.0099387,surprised,Parul,Parul_surprised_001.wav
-231.12128,178.04968,-15.393055,31.039831,-0.4496075,-16.804073,-10.849678,-20.081127,-19.448961,-1.0414864,-5.6522307,-19.992493,-25.39041,-11.830584,-3.3438668,-16.129822,-10.2133045,-10.9863615,-8.464488,-5.88663,-11.075759,-1.8790461,-5.0286093,-13.229203,-9.733377,0.8005252,3.4948118,4.235543,-1.3314445,-4.4775996,0.36131668,-4.062481,-5.7399487,-7.291058,-3.2260368,-3.607563,-4.5538254,-4.470069,-5.301479,-3.2902653,surprised,Parul,Parul_surprised_002.wav
-232.92519,178.50818,-26.66131,39.088604,-4.4709225,-14.315535,-7.607713,-19.766653,-16.651226,-3.0761635,-6.3760996,-20.743137,-27.96126,-14.922162,-1.9330312,-17.007338,-9.646581,-6.6494255,-11.915671,-7.5193086,-6.072961,2.8479958,0.23658866,-8.049504,-7.9887247,-2.8575191,-0.78789663,2.8814387,-3.784511,-5.341212,-0.48001257,-7.3681574,-4.4751287,-4.6339135,-7.1161923,-7.7254453,-4.261084,-3.8214269,-4.4034886,-2.3366864,surprised,Parul,Parul_surprised_003.wav
-243.46973,159.11252,-5.1788015,15.252065,-0.91590965,-12.3620205,-9.966913,-16.446848,-14.985938,-7.606389,-10.704047,-19.173695,-21.75217,-14.043451,-6.2810564,-15.161248,-15.669259,-11.201607,-7.522979,-5.902001,-4.553264,4.4805336,-3.5498326,-14.0000925,-5.1998205,0.07665793,0.21661633,5.8141437,-0.37435943,-8.679867,-5.3281054,-5.722707,-6.174516,-3.0320334,-2.140626,-5.8822675,-7.203253,-4.0178266,-3.3819706,-3.7100558,surprised,Parul,Parul_surprised_004.wav
-252.5739,165.53845,-5.684032,15.455236,-0.7381777,-13.23346,-14.361556,-19.076265,-13.719348,-8.416832,-9.945972,-18.431755,-23.12035,-14.611898,-9.025486,-15.466528,-13.852518,-9.500929,-2.5001009,-2.660547,-4.276425,2.992526,-5.7976537,-14.185509,-5.1736684,-1.7438239,0.7451906,5.7657266,-4.999117,-11.231858,-5.5176663,-3.314291,-5.5846233,-6.3731823,-2.9586778,-6.0536914,-4.4214053,-0.57523257,-2.4056392,-0.2249202,surprised,Parul,Parul_surprised_005.wav
-168.97078,144.22507,-46.23115,23.9951,-34.15541,6.4424767,-22.844496,-28.07984,-23.775404,-14.552684,-8.871035,-25.664337,-29.79412,-10.419453,5.681756,-9.695029,3.508255,-2.6400943,5.50918,-3.9469905,-14.834815,1.5004284,-5.8359,-0.84451324,-9.79819,-10.428302,-8.95945,-9.625233,-2.4291854,-4.814732,-8.831663,-6.683995,0.4466211,-2.0714958,-5.710403,-8.704834,0.7424345,-6.569267,-10.963694,-3.6316316,angry,Rumani,Rumani_angry_002.wav
-196.65213,150.09972,-54.36671,25.748014,-20.57129,-4.4744987,-3.1098723,-36.53509,-35.38228,-6.4838986,1.9079942,-24.607706,-29.25483,-14.610842,3.3300138,-1.6252388,0.8500086,-3.397088,-4.6808634,0.3572632,-15.728218,-4.777933,4.306585,-6.682857,-7.0122337,-10.2796,-11.3192625,-4.4672647,-9.210359,-8.430801,-4.468994,-2.9744892,0.51167405,-7.0928726,-5.8502,-6.1581955,-5.818419,-2.8567293,-6.660947,-4.85351,angry,Rumani,Rumani_angry_003.wav
-209.26051,173.4476,-32.400936,5.849914,-14.897499,-8.275617,-20.93899,-0.5479061,-16.5969,-30.19193,-10.137972,-22.301678,-10.864671,-2.3713508,-18.033327,-20.467024,-9.373019,-5.2608376,-3.4326804,-3.4203396,-13.649208,-13.429889,-2.8095288,-2.4932153,-4.0029125,-5.044667,-6.197373,-3.429803,-1.5336739,0.51483864,-4.8962893,-10.443384,-12.657336,-10.644502,-1.753284,-0.8678107,-0.5618332,-5.734258,-5.4123096,-3.8675401,angry,Rumani,Rumani_angry_004.wav
-139.4245,182.89587,-48.469357,12.86306,-8.921873,-5.2848744,-25.426699,-12.37397,-17.336279,-20.083254,-8.348993,-27.92696,-12.901421,-6.947842,-11.354184,-14.395483,-12.330378,-6.58272,-10.491261,-7.3134565,-5.121382,0.08304996,0.2930684,-6.1548843,-5.7884207,-5.746166,-7.5644608,-5.6313605,-4.1132007,-5.000206,-3.9502752,-5.8468943,-4.7320447,-2.1890728,-3.209693,-3.1501966,-3.629675,-4.724289,-2.2021549,-3.918962,angry,Rumani,Rumani_angry_005.wav
-179.6233,169.9944,-33.527393,14.536935,-15.581773,-3.7258844,-4.494463,-7.953273,-26.7448,-19.60212,-10.940597,-20.613811,-4.4954967,-6.6520987,-17.67736,-14.574782,-14.064542,-5.8702946,1.1074766,-11.130429,-13.842168,-12.369654,-6.6053343,-0.056863002,-6.841229,-4.6397495,-5.166825,-1.9640988,2.140902,1.7422782,0.08097372,-8.926132,-9.712026,-11.398345,-6.7607546,-3.2565224,-3.4555202,-9.175626,-10.693286,-4.3925343,calm,Rumani,Rumani_calm_001.wav
-168.71097,175.18468,-40.445084,20.488039,-17.134726,-5.7569056,-2.4668198,-7.689286,-28.568583,-24.46592,-12.520239,-22.695892,-3.4758246,-4.3477,-18.84916,-13.205771,-11.442957,-8.548933,0.74394923,-8.963175,-17.00099,-14.366368,-6.801994,-2.1701229,-3.3787313,-1.7938688,-5.646589,-0.8236119,0.9905903,2.8109462,-0.37699258,-8.078253,-6.2291856,-11.137636,-3.5804915,-0.82327837,-4.522173,-9.0184145,-11.724979,-7.360915,calm,Rumani,Rumani_calm_002.wav
-161.40295,190.04655,-52.796932,24.49009,-15.372249,4.1734314,-3.5924256,-3.739241,-24.549726,-28.055645,-8.1067705,-21.661802,-4.7531962,-2.4620953,-15.37078,-19.233513,-10.227205,-6.015598,0.14107414,-6.769223,-17.33462,-10.769559,-10.147464,-3.2287326,-7.468784,-9.216589,-6.6481504,-3.0729458,2.6074169,3.520808,3.0262263,-7.026695,-7.323783,-8.750091,-7.2711697,-0.9660472,-3.6822734,-9.356735,-10.48512,-6.0195723,calm,Rumani,Rumani_calm_003.wav
-176.77563,183.98984,-42.9465,18.275534,-10.383286,-3.3664947,-4.644715,-2.5982213,-27.348568,-27.928402,-4.723476,-23.068048,-6.1010256,-2.7156076,-18.830406,-16.359756,-12.352713,-6.3937607,0.9281056,-6.5355372,-17.410433,-14.685221,-7.7087502,-3.0589736,-7.7651677,-6.675536,-7.190998,-3.1638982,3.0575402,-0.14095181,0.9232893,-4.803745,-6.0703454,-6.713977,-5.283331,0.5516496,-3.8777604,-10.008754,-10.811921,-7.1137967,calm,Rumani,Rumani_calm_004.wav
-201.08424,176.1507,-32.22618,13.87875,-11.831972,-8.663837,-7.4703155,-6.9550443,-25.45406,-27.680058,-4.652707,-21.329958,-9.828739,-0.44254944,-19.881813,-17.920294,-9.99513,-6.9805984,0.33313784,-8.377045,-16.803848,-14.219225,-7.422425,-1.498831,-6.8176746,-5.473366,-4.587196,-0.5017401,3.4372787,2.5955958,2.97155,-6.2335234,-7.584889,-7.5587096,-6.910782,-0.4717286,-5.231806,-10.079449,-8.82235,-6.53834,calm,Rumani,Rumani_calm_005.wav
-217.13872,161.58852,-30.085642,25.173597,-6.7809057,-22.422056,-30.268616,-10.551254,-22.924332,-15.306075,-5.4495754,-42.055714,-20.536829,0.2032155,-8.2661295,-7.963353,-6.2551165,-12.308602,-14.977585,-11.297889,-10.8852625,-10.683037,-6.691022,-5.4668903,-11.449995,-7.4622593,-4.6950707,-3.1809514,-0.3372462,-3.3755934,-0.7295788,-2.3526301,-3.3223069,-0.21420696,0.13020106,0.67939174,-3.0036156,-6.370096,-2.8286085,-1.596049,disgust,Rumani,Rumani_disgust_001.wav
-223.53296,138.1452,-14.91185,27.931011,-2.6738307,-11.664107,-30.42361,-8.937889,-28.643034,-26.439322,-4.717011,-33.58694,-24.784784,5.4959216,-12.038316,-12.80278,-1.5764381,-15.115753,-10.008238,-9.667804,-16.14006,-13.339006,-5.9512477,-6.994013,-11.143181,-9.168553,-5.2083583,2.4125984,-0.65478116,1.2544001,4.2102365,-0.6025222,-1.0608215,-3.0053537,0.3067539,0.08297791,-1.0869226,-4.693337,-3.1199121,-1.6808647,disgust,Rumani,Rumani_disgust_002.wav
-236.76201,151.61798,-14.587862,13.939873,-8.965472,-13.689847,-27.24609,-9.700143,-18.109127,-22.893593,-9.42087,-27.953667,-22.714596,3.601632,-11.701717,-20.405827,-6.3636117,-13.461568,-10.2379055,-9.435028,-16.286108,-13.262282,-5.008861,-2.5684357,-9.680655,-9.631884,-7.9461412,-3.3628821,1.2003102,0.3651813,0.12553902,-0.3714825,-0.9944796,0.5572758,4.1086454,2.3926227,-0.34621656,-5.906562,-4.1827784,-2.360162,disgust,Rumani,Rumani_disgust_003.wav
-213.28616,158.91573,-22.96153,18.221464,-13.933442,-12.55374,-27.107788,-8.003699,-17.834461,-25.037066,-7.5414834,-29.388367,-23.905176,4.471401,-11.529321,-20.748188,-11.455073,-18.354107,-11.641077,-10.007322,-9.724494,-6.7652073,-1.4847031,-0.71032065,-7.406677,-2.872634,-6.0787673,-0.68054503,-1.5805082,-7.562993,0.5176482,-4.8263006,-4.8025665,-0.3063393,0.68908715,1.7029595,-2.126804,-6.421672,-1.8274846,-0.5174269,disgust,Rumani,Rumani_disgust_004.wav
-213.69614,153.2546,-27.767008,16.586842,-9.258612,-11.629492,-22.671206,-7.8077884,-19.378086,-23.35978,-13.363777,-27.115902,-22.820477,-1.5230533,-11.255963,-22.134504,-0.9340927,-10.52466,-8.656347,-6.138958,-17.826897,-11.818262,-10.272181,-2.8607955,-9.56674,-11.541097,-5.7152767,-3.2533925,0.85307777,0.3353397,3.5476432,0.29443556,-1.5471249,-0.633716,2.05409,1.3559676,-1.712014,-7.982754,-6.577492,-3.7877371,disgust,Rumani,Rumani_disgust_005.wav
-182.02611,183.88489,-43.4561,8.446146,-15.1472025,-14.353046,-13.78847,-11.527159,-17.131197,-23.970608,-10.753753,-25.907663,-16.117945,-0.1349469,-18.334099,-20.661879,-6.0324464,-8.773908,-7.04467,-6.5403566,-12.838644,-9.989611,-5.5881658,-2.5130904,-7.7417765,-8.590316,-5.122822,-0.7628265,1.7594869,1.9985174,3.8141892,-3.9818983,-4.4943995,-3.3444996,-4.898231,0.37649465,-3.6360364,-7.868914,-5.1710544,-4.3461895,fearful,Rumani,Rumani_fearful_001.wav
-237.21442,169.4788,-17.33078,2.9343991,-4.1887083,-10.481343,-10.691814,-13.240385,-24.667833,-29.569355,-16.627623,-20.502409,-17.217506,3.073935,-11.921188,-22.47058,-6.9589334,-10.5256605,-6.607341,-8.309983,-17.179976,-13.02006,-5.9142838,-1.790497,-6.9216275,-6.6399984,-4.3262267,-1.499682,2.6362596,5.4488106,4.3128533,-1.8663595,-3.4944088,-4.8684454,-1.7773002,2.2771757,-2.0386274,-7.3578186,-6.786062,-4.563435,fearful,Rumani,Rumani_fearful_002.wav
-201.71321,173.02165,-36.532604,7.646432,-8.198893,-8.712345,-7.8233314,-4.969816,-30.18319,-25.386501,-10.628252,-31.603674,-8.350663,-2.8817616,-15.348935,-16.701527,-9.439818,-6.4218354,-9.952788,-4.5540786,-14.92812,-15.370282,-2.2322338,-1.5197954,-7.993443,-9.592271,-7.382257,-2.7651033,1.7444853,0.29499483,0.77784145,-2.749487,-4.4489274,-2.8507245,-1.2077113,2.7482414,-2.395679,-7.8543673,-6.406243,-4.261829,fearful,Rumani,Rumani_fearful_003.wav
-195.3343,182.65228,-36.334545,15.318074,-7.550681,-12.706554,-5.6214695,-5.559697,-29.32561,-26.703417,-15.066396,-29.12548,-6.8341064,-6.3003306,-15.729,-15.099447,-10.405896,-5.2872944,-10.320209,-8.1793585,-15.621874,-15.705584,-0.7250874,-1.2845818,-11.832443,-11.038104,-9.735038,-7.3420463,0.35006657,0.69976777,3.6604943,1.8818516,-2.939089,1.1425635,2.5821636,2.0602272,-0.9499311,-6.9645157,-6.546105,-4.140348,fearful,Rumani,Rumani_fearful_004.wav
-174.3208,184.92819,-50.53315,14.5339775,-11.820417,-7.2162175,-18.838554,-17.950256,-25.02651,-15.343974,-10.006179,-35.956978,-12.420719,-6.0813484,-10.135844,-14.253033,-11.856285,-8.413702,-12.384045,-6.953365,-11.627581,-11.832153,-9.555484,-7.8895054,-10.208839,-7.99076,-4.897296,-5.645399,-3.3376815,-4.4194484,1.9777666,-1.664913,-4.254708,1.5342244,0.766958,3.221608,-1.041726,-2.9333005,-2.3340046,-6.097368,fearful,Rumani,Rumani_fearful_005.wav
-224.55574,172.36281,-26.468023,-0.21739759,-7.6351786,-6.9467196,-13.381211,-6.7271695,-19.659227,-28.979801,-10.921033,-18.311743,-12.409566,-6.4004145,-20.77845,-16.274487,-12.675248,-4.9568915,8.827071,-6.0105877,-11.673946,-5.924938,-2.1579044,0.68572366,-7.334636,-7.829048,-7.512665,-6.1778526,-3.145066,-2.7729404,-2.2114244,-5.8411756,-8.016751,-7.127585,-2.9182038,-2.8319182,-4.9596667,-8.101451,-10.058035,-6.545051,happy,Rumani,Rumani_happy_001.wav
-214.90164,169.99142,-20.828667,3.5512564,-15.214127,-15.022183,-20.476912,-7.078931,-17.096548,-28.485775,-10.176855,-18.797174,-19.104706,-5.357286,-15.610627,-19.058548,-7.61632,-4.811025,4.0436764,-4.5959077,-13.470735,-8.162995,-3.0545895,1.11446,-5.2398386,-3.8472931,-3.9835234,-2.8862064,-0.19352773,-4.4100847,-4.1275706,-7.019403,-9.509128,-7.0454416,-3.8006673,-1.0934592,-2.4367359,-8.925057,-6.6128397,-4.345352,happy,Rumani,Rumani_happy_002.wav
-277.9281,165.05815,-21.484138,5.1087656,-6.611024,-10.832202,-11.189436,-4.897027,-21.05669,-27.557669,-12.3083935,-20.976782,-14.965068,-1.2720559,-16.073505,-13.071854,-3.6244576,-4.9686418,5.149566,-6.914782,-12.929898,-5.9504337,-3.957134,1.7433051,-3.794417,-8.454223,-8.645339,-7.2328715,-8.82278,-4.8523674,-0.9305191,-6.127359,-4.8218045,-5.044504,-2.7687466,-1.1999537,-4.558554,-8.446173,-8.180986,-7.3226547,happy,Rumani,Rumani_happy_003.wav
-235.26013,169.30515,-27.339413,10.913518,-11.407506,-8.9366,-14.370382,-14.859459,-22.746824,-27.415607,-17.411581,-14.483824,-12.428863,-9.635969,-10.007992,-18.862577,-13.017228,-0.26530713,-2.830309,-2.7879777,-5.6477194,-7.7340956,1.5797434,0.9121715,-5.797353,-11.151365,-9.126785,-3.8447132,-7.1908402,-5.5757375,-3.0721595,-8.027192,-9.373012,-8.625563,-3.7049088,0.6791451,-1.2791274,-8.677352,-8.81627,-2.816555,happy,Rumani,Rumani_happy_004.wav
-190.52293,188.12817,-43.29714,11.180257,-17.75575,-8.932679,-11.250155,-7.878157,-15.537241,-27.189108,-5.6705303,-15.070137,-10.661736,-1.066558,-16.354034,-21.207136,-7.929674,-2.2346444,-1.6906921,-5.8361435,-18.18653,-13.525169,-3.601703,-2.2126057,-2.4695535,-7.0952134,-9.771777,-6.2251606,-2.074791,-1.5293069,-3.8864646,-6.840455,-8.313227,-5.5477343,-1.8394569,-0.33425048,-2.9107304,-9.996641,-9.292037,-5.481398,happy,Rumani,Rumani_happy_005.wav
-218.41298,190.11205,-45.69403,13.435452,-11.809471,-4.880378,-11.480692,-15.816389,-15.869517,-16.409658,-5.7288446,-20.05825,-21.697628,-8.55473,-3.3366053,-18.280668,-16.679161,-7.8390293,-7.5388956,-8.259361,-11.735825,-4.679948,-0.18788949,-3.4687095,-8.8234625,-8.934708,-6.3920465,0.41692853,1.7690067,-6.5857615,-5.0820856,1.9219769,4.402563,-1.5613414,-8.247562,-5.7528877,-1.5459416,-4.750244,-7.8397336,-5.757645,neutral,Rumani,Rumani_neutral_001.wav
-218.92839,174.39581,-33.196194,8.055553,-9.729317,0.9000173,-9.731503,-32.485504,-18.567041,-11.834325,-3.7719514,-22.886171,-30.486359,-3.9286048,1.8243071,-15.13718,-16.594957,-11.107078,-8.697853,-5.926968,-10.671635,-8.790418,-7.483527,-7.685544,-2.2170835,-2.221107,-3.631277,-0.37141475,3.828643,1.2883792,-2.2251642,-2.1156945,-1.8148973,-4.227301,-5.8523827,-2.904134,-5.063532,-7.614892,-4.686349,-3.9625914,neutral,Rumani,Rumani_neutral_002.wav
-181.13408,178.93185,-42.306576,-0.2379521,-5.1256437,13.214244,-7.4834604,-33.95766,-17.904825,-8.991077,1.6864067,-17.915737,-25.946108,-3.4210591,-1.4665833,-15.380631,-15.832525,-11.859404,-9.035202,-10.163842,-13.879765,-5.154496,-4.288199,-9.670366,-5.4950666,-3.145811,-5.3440394,-0.963434,4.293721,-4.1362,-7.607512,-1.7840081,-1.925422,-4.546003,-8.222606,-8.126685,-4.4423394,-6.8676896,-9.214955,-7.078058,neutral,Rumani,Rumani_neutral_003.wav
-192.00499,186.47246,-48.44916,19.782417,-5.2645783,-9.112865,-18.383472,-13.665608,-16.892895,-10.327248,-0.6466958,-31.839657,-17.71233,-0.27565378,-12.977134,-15.629035,-5.028243,-12.115467,-12.58959,-5.1508646,-12.530212,-10.616003,-7.574387,-8.759365,-9.594072,-4.9495416,-2.4613206,1.044056,1.8440579,-4.3469257,-3.1042223,-4.971627,-3.8672297,-0.36786312,-2.2892616,-1.4396234,-2.8093073,-8.884329,-7.4874973,-4.26697,neutral,Rumani,Rumani_neutral_004.wav
-186.27702,185.70706,-43.435608,11.142612,-6.1937747,-13.130471,-15.162372,-14.982389,-18.680357,-11.517252,-2.5985606,-31.999432,-20.420992,-4.3551273,-10.675638,-13.048666,-10.4217615,-4.6082973,-7.972879,-6.308281,-10.300029,-14.528065,-7.9658813,-8.831655,-10.66532,-6.9490833,-4.244734,-1.5279757,1.3179064,-1.4480492,-1.5310098,0.33709782,-5.880145,-4.6550746,-0.24630295,-1.877672,-2.6074371,-7.034449,-6.658804,-2.4167633,neutral,Rumani,Rumani_neutral_005.wav
-171.04155,176.58882,-46.168537,8.822105,-14.404787,2.8283465,-4.4891353,-23.613739,-19.30811,-13.448409,0.0136243645,-21.762188,-23.797081,-2.1332695,-5.112931,-22.248083,-10.690487,-5.30436,-12.957535,-9.546188,-14.705044,-2.3981452,1.2960966,-6.309627,-6.5825725,-10.599289,-7.807887,-5.5672164,-1.5565842,-7.720047,-9.896372,2.2694976,3.8995824,-1.0016717,-7.323877,-4.467818,0.47446263,-3.688322,-8.263422,-8.865622,sad,Rumani,Rumani_sad_001.wav
-180.65971,182.83702,-46.544724,13.671834,-10.325728,-0.8303275,-4.019832,-26.047148,-18.633059,-11.780598,-5.188438,-24.867752,-26.106281,-0.7567387,-2.768857,-20.030388,-12.322112,-7.7783866,-11.172471,-10.553378,-12.237738,-4.7302375,-1.8375047,-6.8368635,-9.406922,-6.5348587,-5.6403475,-3.7745311,1.4231569,-2.4591784,-3.665311,2.7629335,6.101016,0.6970781,-5.5248375,-3.3327093,-0.7018745,-5.0228534,-9.402451,-6.842511,sad,Rumani,Rumani_sad_002.wav
-272.46127,177.11005,-44.405235,1.1649365,-5.7208915,-6.3261447,-5.3807282,-26.621593,-22.107515,-14.71311,-6.0814347,-22.28481,-27.648302,0.38577688,-2.984271,-22.963505,-14.559563,-5.1885157,-7.9568467,-14.736164,-16.606245,-2.7832494,1.9950625,-6.0837617,-8.576384,-7.7992578,-5.607913,-0.6903733,2.590542,-0.21875185,0.71910745,5.5949526,4.5123453,-0.5624575,-6.2139745,-5.8348384,-1.8255002,-5.05725,-10.136286,-7.9476686,sad,Rumani,Rumani_sad_003.wav
-185.13983,182.23187,-48.45559,16.426676,-10.204006,-5.3064528,0.57525575,-29.363255,-24.786633,-12.999853,-3.2491848,-21.22272,-28.561224,-1.6251253,1.3529505,-21.048603,-14.353578,-4.6316524,-10.920001,-8.0579815,-12.795481,-8.25073,1.8442922,-6.436382,-8.593414,-7.0367417,-8.986817,-3.004376,-1.7836897,-7.230316,-2.189614,5.6439643,4.7851644,-1.7634844,-6.5469837,-1.6594081,3.344329,-2.32745,-8.441674,-7.2599535,sad,Rumani,Rumani_sad_004.wav
-196.15096,186.20016,-47.105377,16.19048,-19.428871,0.38266096,-12.024932,-8.727741,-20.629122,-30.486723,-5.992466,-19.774984,-12.170325,4.8251863,-19.123442,-22.62089,-4.738474,-7.0215898,-2.3178954,-8.466772,-18.547588,-13.575462,-6.692191,-0.904054,-6.015697,-5.4456377,-7.18156,-5.3370233,-1.1802859,-2.7755628,-1.5136925,-6.1428437,-7.9622564,-5.5072856,-0.19284542,0.37265474,-0.17578463,-7.325263,-7.531201,-5.655699,sad,Rumani,Rumani_sad_005.wav
-241.3994,145.36151,-32.27616,20.581999,-7.5525184,-23.011328,-27.337746,-6.7916284,-22.950535,-26.263962,-8.12472,-30.627392,-26.554087,-1.3261977,-14.584999,-17.93866,-5.328948,-12.678457,-4.5590463,-7.6510983,-16.020922,-8.261605,-0.64182955,3.687909,0.29047164,-0.7572279,-0.9473616,3.5808012,-2.054997,-4.866892,-2.317333,-6.2561297,-3.6326582,-4.622148,-0.11075575,-0.35635418,-2.9319515,-6.4511824,-7.2967978,-4.5833807,surprised,Rumani,Rumani_surprised_001.wav
-243.37209,140.54214,-21.820456,23.15061,-2.6433065,-21.256613,-22.848824,-10.098504,-30.198597,-31.564196,-3.5328903,-29.433422,-23.956793,7.1538644,-15.637383,-18.463964,-6.160997,-8.937553,-3.920144,-11.676714,-14.580047,-12.123726,-4.5839663,-0.8116114,-4.852776,-2.722356,-4.855564,-2.020619,-0.13148797,0.58397406,1.8711786,-1.1499343,-1.780748,-0.6091098,1.1311538,2.4116507,0.34267077,-7.361578,-5.257251,-3.2985482,surprised,Rumani,Rumani_surprised_002.wav
-206.16795,147.04834,-28.495,33.124603,-9.251467,-21.408333,-30.113832,-12.541443,-21.948137,-30.11084,-11.554113,-21.154814,-28.222906,0.8900203,-5.503585,-26.566935,-4.226406,-14.263931,-9.165915,-5.2531924,-17.653526,-3.6320598,2.231538,5.836118,-1.3827027,-6.081257,-3.0582561,1.9333298,-2.2626536,-2.9801204,1.4090035,-8.781949,-5.278811,-5.225069,-3.593723,-1.4254383,-6.9884276,-8.759119,-6.24769,-4.1537237,surprised,Rumani,Rumani_surprised_003.wav
-243.2969,160.1448,-28.626213,21.821188,-10.821768,-10.224036,-32.855854,-4.0715914,-21.689869,-26.053513,-6.810432,-24.224989,-20.676777,1.6318942,-11.69841,-17.77144,-11.306802,-14.003773,-8.096967,-10.746959,-17.050476,-16.119171,-2.160437,1.8387024,-6.778151,-7.949248,-8.569077,-1.3712442,-3.8212872,-0.43674585,3.5389743,-5.843965,-2.6615558,-7.272671,0.77587736,1.2213115,-1.8402672,-7.3628736,-4.42685,-1.8499942,surprised,Rumani,Rumani_surprised_004.wav
-211.57112,165.36577,-28.60564,22.15549,-6.8549356,-22.522621,-33.58073,-14.093145,-17.37157,-22.075272,-7.4900723,-21.185871,-20.785038,-3.1866107,-10.777369,-18.411993,-9.870017,-15.500325,-11.514924,-11.145339,-15.046847,-10.104884,-2.862395,0.8224494,-5.4924817,-4.5907736,-4.0094843,-2.8711562,-5.280688,-3.4878755,1.0366653,-2.1110687,-0.67477584,-1.100725,0.84496254,0.59948003,-2.7839937,-7.7300353,-4.804144,-2.3641813,surprised,Rumani,Rumani_surprised_005.wav
-241.2333,150.77579,-15.485146,18.169632,1.3956227,-9.83511,-38.04458,-20.508888,-23.231688,-20.6112,-15.731029,-20.652744,-17.205082,-12.035734,2.511361,-14.973815,-14.3699,-1.1159928,-3.9696572,-11.465603,-11.91101,-3.7429261,-9.115217,-11.104844,-11.71537,-7.670773,-3.1949239,-5.9233212,-4.6252956,-4.235883,0.007420211,3.9486625,3.0791569,3.6929955,3.7742484,-3.2551389,-0.65355873,3.1264758,-1.6483419,-0.46201915,angry,Sanad,Sanad_angry_001.wav
-213.68953,157.23294,-19.502466,21.74821,6.699052,-18.506102,-39.930073,-23.658926,-28.766716,-12.232758,-7.4631777,-29.981325,-15.957594,-10.873697,0.7708561,-13.806691,-14.772254,4.938885,-1.6562983,-12.1965475,-15.238874,-2.9389455,-6.2709117,-9.602274,-13.579533,-11.779957,1.8761907,-6.452659,-0.9405396,3.9532378,-2.5976384,0.48507628,-1.1727676,1.4262481,0.0765382,-2.322322,-0.19101721,-1.3121059,1.3141396,1.1632103,angry,Sanad,Sanad_angry_002.wav
-218.2547,155.59409,-15.952344,13.942764,4.5618715,-18.840063,-40.162537,-22.375122,-25.964676,-13.492531,-11.2442045,-28.034096,-16.155499,-10.410439,-0.5487761,-12.941842,-12.573478,4.3662834,-3.9825835,-16.781998,-12.401457,0.40030226,-9.228529,-15.014898,-8.368735,-7.8523827,-6.4027877,-6.3417788,-4.454258,-1.1901674,1.9740341,5.20703,3.178217,6.1485868,6.483514,0.78357923,1.1446,-1.5616171,2.118995,3.519475,angry,Sanad,Sanad_angry_003.wav
-240.70956,146.5245,-1.1929107,31.141182,18.643929,-22.426327,-31.478584,-19.378181,-32.239952,-16.5523,-18.187187,-22.496567,-11.498072,-15.785273,-2.4690151,-5.62576,-7.0662136,0.93797225,-3.6115158,-15.499511,-7.784588,2.2407947,-11.964583,-12.273205,-13.873582,-11.359476,-5.807302,-7.714268,-6.827331,-3.8759856,-0.005706902,-3.480287,4.2105465,8.525914,4.6088624,6.8172646,6.4081783,2.0435188,1.1003045,1.1827668,angry,Sanad,Sanad_angry_004.wav
-219.90237,163.28477,-15.163554,19.12188,17.058811,-18.687803,-36.391182,-21.357462,-26.381392,-18.069784,-17.306229,-26.324797,-16.423904,-16.453648,-5.8934016,-11.553065,-11.943052,3.1560183,-5.4285493,-18.128555,-7.6215386,0.73567116,-11.922997,-11.802301,-12.455107,-7.0375214,-0.44792277,-6.6110935,-1.5031435,-5.7490225,-3.0729795,2.9956958,2.8736832,9.624744,2.8528981,1.1418543,3.3011177,1.2583033,4.018123,0.6972344,angry,Sanad,Sanad_angry_005.wav
-236.49495,169.26964,-17.82839,11.677581,8.386001,-16.389399,-29.673092,-24.877697,-19.850704,-16.521471,-15.05451,-17.44892,-13.459905,-13.509578,-6.0361238,-9.312949,-14.865919,-5.1359434,-7.8989253,-10.986501,-7.266088,-2.5904574,-0.2970152,-9.143293,-9.191486,-6.8214183,-7.584823,-5.730063,-6.72138,-4.86866,-5.0808196,-6.8703504,-7.4921174,-4.2496634,-3.4300756,-5.832038,-3.1442752,-3.7281675,-1.9790651,1.2173404,calm,Sanad,Sanad_calm_001.wav
-206.45389,168.61398,-15.295315,17.656084,10.333182,-13.353862,-28.390036,-22.783583,-19.615284,-15.317557,-16.616428,-23.018991,-14.794888,-10.897259,-6.754482,-13.273309,-14.635657,-6.452181,-7.5525885,-10.310337,-8.760844,-3.5569088,-2.693134,-6.701734,-8.670054,-8.533199,-8.034733,-7.594183,-5.6702094,-3.9832819,-4.9203396,-4.463795,-6.4149957,-7.838696,-6.265407,-6.589798,-5.5092463,-4.699904,-4.242883,-2.4718218,calm,Sanad,Sanad_calm_002.wav
-223.05043,174.07109,-26.707087,12.511715,2.8770652,-16.312086,-27.272858,-23.670584,-18.155455,-11.757913,-14.846913,-19.494892,-11.580752,-11.650581,-5.097925,-13.237003,-13.22018,-4.931774,-7.881728,-8.554368,-6.4094214,-1.0962372,-3.733208,-8.128592,-10.575742,-7.636647,-7.7480073,-8.924033,-5.772087,-5.111835,-3.1781905,-7.1151147,-5.7540965,-4.709646,-7.177146,-4.43622,-5.1349163,-6.0716896,-6.0298085,-2.1101604,calm,Sanad,Sanad_calm_003.wav
-214.71066,171.18864,-23.388523,16.274372,10.308248,-17.435677,-27.24421,-22.349611,-20.076988,-11.448741,-15.679559,-22.54208,-12.369731,-10.944177,-4.3029404,-11.596214,-14.705203,-5.8250446,-7.7775273,-11.791069,-7.1234,0.6024481,-4.933709,-7.34462,-9.017696,-7.739898,-4.337642,-6.79046,-3.3107748,-4.4896374,-4.5949907,-5.0961947,-7.3358006,-3.4548843,-5.1958303,-6.778091,-5.8314157,-6.287819,-5.8066034,-4.522248,calm,Sanad,Sanad_calm_004.wav
-226.06981,174.20175,-20.128176,17.70387,8.347195,-17.391802,-28.467447,-28.854612,-22.673971,-11.934419,-16.178371,-19.079527,-12.838352,-12.726097,-3.4252598,-13.075013,-15.656182,-2.5320904,-7.6017933,-13.774866,-6.791114,0.103198,-4.4191184,-8.632382,-7.7580647,-5.702575,-6.8863845,-4.631265,-3.3998902,-7.8409266,-4.672578,-5.8821616,-8.386245,-4.2238774,-5.3532143,-7.975706,-5.8789983,-5.4791055,-5.3431535,-2.7940674,calm,Sanad,Sanad_calm_005.wav
-202.13239,151.31393,-4.3621726,20.299496,-2.2275226,-2.2758038,-43.37114,-18.3693,-26.094975,-16.089962,-9.235821,-27.68477,-14.302907,-12.262212,-1.9156331,-14.861758,-14.606647,3.4270065,-7.350092,-14.78368,-9.11962,-2.6986783,-9.251816,-11.372533,-10.735049,-13.8234415,-7.99465,-8.870801,-5.944261,-1.0371504,-2.3682327,3.6974752,4.9843354,4.854038,6.289114,-0.5187663,1.9654402,0.44049925,3.502824,3.3099208,disgust,Sanad,Sanad_disgust_001.wav
-204.29944,159.14073,-7.52819,23.74428,-4.9594965,-10.508752,-44.55106,-23.41378,-31.29287,-15.192553,-16.422253,-25.999445,-11.197671,-13.334605,1.5531083,-18.103027,-15.261297,2.2496674,-8.98828,-12.081324,-9.8736105,-5.6335373,-9.423785,-10.67248,-11.691313,-7.586402,-5.5435743,-3.9847288,1.2393761,2.8906937,5.2970514,4.590015,2.786412,2.2727559,4.294581,-3.144143,3.0574846,1.60858,-0.78176963,1.7722938,disgust,Sanad,Sanad_disgust_002.wav
-199.3392,159.4154,-2.165367,10.966184,-8.449004,-9.685503,-41.136604,-17.929424,-26.629093,-14.171276,-17.68138,-22.256636,-9.063559,-18.860216,-3.3150403,-16.295656,-14.768291,2.4923015,-7.837008,-11.632024,-6.667507,-1.96437,-7.184882,-11.646596,-11.371693,-10.300539,-7.6289926,-4.411893,-4.705954,-0.47764885,4.6109166,2.8482485,2.1420157,-0.94229984,1.698364,-0.29562166,1.2951809,0.20708254,0.40364075,0.5653134,disgust,Sanad,Sanad_disgust_003.wav
-197.87872,165.29305,-19.730991,20.703102,-2.898862,-14.84469,-39.70344,-16.672083,-31.388706,-16.428865,-4.3497114,-26.044518,-11.11728,-14.714405,-4.0626526,-12.798806,-14.402949,-1.6390884,-5.895727,-10.90929,-11.340244,0.7700746,-6.9212394,-10.304017,-10.90695,-14.896778,-4.654468,-4.6910515,-6.4662204,-3.327018,-3.1252065,0.86846757,0.87777096,0.6427752,3.2844815,-2.6511693,-1.0849148,-1.3261274,-1.0621206,3.4525673,disgust,Sanad,Sanad_disgust_004.wav
-223.7644,159.3142,-16.164078,12.02702,-4.504721,-17.379032,-35.168274,-18.600744,-24.074915,-10.536811,-9.983856,-25.063438,-12.937499,-12.547974,-6.8342624,-13.965501,-12.51986,-1.9419394,-4.4935865,-12.519947,-6.5507135,-0.13280447,-9.58208,-9.66905,-9.567048,-8.177469,-5.3199844,-2.5408058,-1.2125407,1.3590657,-0.6439252,-0.6252113,1.5596211,-1.9110394,3.5659013,-1.4191418,-0.54618454,-1.0950615,-2.1108818,0.9778515,disgust,Sanad,Sanad_disgust_005.wav
-242.08543,165.17422,-16.058945,9.954137,0.95280886,-17.007051,-28.796707,-21.45424,-19.002665,-13.542506,-10.381365,-20.748251,-14.588887,-11.634943,-4.986657,-10.166925,-10.852135,-1.8746209,-8.132459,-11.051643,-5.6970963,-0.6546652,-6.6195664,-8.114458,-9.174519,-9.480043,-4.625159,-7.8874607,-4.8623204,-4.4386754,-6.153117,-4.711283,-5.8416796,-4.1218123,-6.1703944,-6.6832414,-5.3640676,-5.560463,-2.386184,0.12955871,fearful,Sanad,Sanad_fearful_001.wav
-228.86794,177.11789,-18.292898,18.69814,9.387989,-18.090412,-29.195532,-17.731348,-23.199017,-16.108007,-13.771468,-25.568232,-16.713724,-16.92744,-3.4403036,-12.0745535,-15.80749,-1.7011497,-9.226697,-13.968844,-10.4699745,0.99819535,-6.9838443,-11.725663,-8.518695,-9.456264,-5.316295,-10.105293,-4.488937,-6.489139,-9.121437,-3.776091,-6.591823,-4.807635,-8.254805,-7.220203,-3.2806945,-3.5317996,1.088071,3.9199517,fearful,Sanad,Sanad_fearful_002.wav
-222.00581,168.78995,-6.736638,19.321564,6.9046288,-17.93045,-32.104942,-20.30206,-24.619572,-16.291037,-13.46627,-23.986576,-14.405264,-14.779729,-2.6868572,-11.747995,-15.308533,0.08959721,-6.689494,-14.916471,-7.73657,3.6252303,-6.462514,-9.3605175,-8.814303,-10.104252,-4.5394344,-7.6581254,-4.5299096,-6.405242,-8.689207,-5.167044,-6.76055,-5.6678534,-6.9190397,-7.110031,-4.6345696,-3.3643105,1.0347118,3.3653061,fearful,Sanad,Sanad_fearful_003.wav
-231.56494,176.75986,-14.062768,11.283536,3.2558181,-14.754531,-28.362131,-21.049839,-21.349232,-13.615796,-14.856293,-22.834606,-11.6193075,-13.349973,-6.1607676,-8.517233,-12.326375,-4.609687,-6.837075,-11.602805,-9.525676,-2.3889406,-5.3200364,-10.369241,-11.416429,-8.626789,-5.049559,-4.9160323,-4.8153925,-6.8126316,-4.832278,-6.139214,-6.928471,-1.2757237,-4.475571,-7.9147544,-5.9395003,-7.684513,-5.969991,-2.4248998,fearful,Sanad,Sanad_fearful_004.wav
-221.59616,177.09271,-14.413312,11.948999,1.2110645,-14.389311,-28.372135,-24.83767,-24.458876,-15.348671,-15.503891,-21.61641,-15.785163,-17.470345,-2.8422537,-11.131211,-11.673934,-1.7777544,-10.187735,-11.84983,-9.771756,-1.7927874,-7.1260743,-10.9239645,-9.735299,-10.78069,-4.2286167,-6.824179,-5.892122,-5.6008224,-7.950942,-5.519683,-7.0704393,-3.5512912,-3.8335464,-5.5140457,-3.6884346,-4.289757,-1.7311542,0.77752954,fearful,Sanad,Sanad_fearful_005.wav
-207.73633,177.05478,-31.74798,14.000231,1.9229473,-16.718685,-30.931189,-25.37737,-22.559313,-12.916649,-19.866518,-24.794224,-12.028781,-12.567758,-5.178481,-7.965247,-16.732525,-9.696764,-1.1067854,-9.57859,-10.816316,1.6641841,-5.49268,-10.594478,-7.0672197,-9.6221695,-4.152346,-2.333432,-5.5138764,-4.1877666,-3.8861134,-3.0632064,-0.47565088,1.2428455,-2.760814,-6.1676064,-2.8214853,-5.9283314,-5.5364976,-1.8631213,happy,Sanad,Sanad_happy_001.wav
-213.75845,165.14711,-14.976934,12.747554,-7.6688247,-28.909842,-29.330126,-15.147137,-32.803967,-20.120718,-14.083616,-19.613379,-6.4882073,-14.023921,-2.6725857,-5.152075,-12.74343,-4.70519,-6.1594005,-13.427115,-9.868064,-1.6494749,-6.48949,-8.142841,-7.647729,-8.158577,-3.6415942,-3.6160672,-5.9508286,-1.6247994,-0.47873363,0.63669616,-0.8731217,-4.7463512,-4.3530064,-5.022913,-4.1051216,-4.934357,-1.1961397,-0.18341905,happy,Sanad,Sanad_happy_002.wav
-206.77379,175.85088,-21.368652,17.569035,0.57834524,-25.141628,-32.01062,-21.256529,-34.673653,-15.4368725,-17.899252,-21.351505,-5.4721947,-19.901918,-1.3184973,-8.384725,-16.11268,-3.849321,-3.5929387,-12.063899,-12.683258,1.912116,-6.048951,-6.812525,-5.940588,-8.473922,-3.7650113,-5.55075,-5.224516,-2.1670585,-2.7211018,-4.460144,-0.6066314,-2.6169496,-3.678355,-3.1467347,-3.9103312,-3.2324433,-2.3548238,-0.7598995,happy,Sanad,Sanad_happy_003.wav
-211.27728,172.22871,-20.40171,9.682294,1.0070664,-14.28788,-32.10594,-22.191849,-28.012905,-21.27807,-16.1078,-17.864826,-11.752487,-13.058991,-3.0606189,-10.452861,-14.198477,-4.7112737,-1.1626486,-12.180778,-12.702535,0.57851446,-4.902759,-7.3173156,-8.057675,-7.9047,-4.6667814,-7.9331393,-8.132924,-8.139858,-5.361122,-5.2292547,-6.685787,-4.04855,-2.1166675,2.0118856,5.715884,3.7025921,2.3279908,2.8081274,happy,Sanad,Sanad_happy_004.wav
-217.34084,164.29683,-15.318002,19.015965,-9.252954,-16.060404,-29.593733,-25.576931,-32.509,-10.365832,-18.543343,-20.740665,-4.51656,-18.621475,0.6061836,-9.79024,-17.085197,-1.4297236,-4.7757626,-14.250315,-9.862476,1.0554892,-7.5761566,-7.5461082,-7.98204,-8.594689,-7.1289196,-6.188459,-6.31949,-7.6119323,-1.5899662,-1.7743137,-1.3780063,-1.9579886,-1.498741,-0.117770195,1.0071214,-1.9181854,-1.9935654,-0.5359918,happy,Sanad,Sanad_happy_005.wav
-247.18921,187.46364,-31.723043,16.457636,16.832144,-25.678953,-30.526152,-21.159243,-28.760342,-26.382498,-14.174593,-11.327915,-15.916399,-17.014582,-1.164725,-8.498066,-18.009384,-7.6046934,-6.3530927,-12.60522,-7.2605543,2.6099577,-4.3701887,-9.649119,-10.421257,-8.4321165,-3.2717583,-4.9592633,-6.0442905,-5.961797,-3.7828028,-4.762573,-6.945116,-5.170445,-4.2696304,-3.9811544,-5.2348948,-4.005667,-2.0585144,-0.8491874,neutral,Sanad,Sanad_neutral_001.wav
-203.36598,180.37456,-34.001514,9.799127,17.017332,-31.054405,-31.22913,-14.038948,-32.964474,-28.378939,-11.867878,-11.18781,-18.96669,-20.828547,2.8809114,-7.623907,-16.933647,-1.7558408,-6.8377886,-13.658701,-4.6617103,-0.5309841,-9.915936,-11.438915,-14.92851,-9.738466,-2.4971278,-7.369547,-5.2767186,-4.8370957,-3.8079174,-5.0256076,-2.3162873,4.459453,4.938282,4.306808,-2.5688415,-2.657671,1.8638647,1.2222492,neutral,Sanad,Sanad_neutral_002.wav
-236.06728,183.0854,-21.28754,5.1531034,17.03853,-21.289152,-30.750822,-18.237741,-26.852407,-28.105373,-22.660067,-18.193373,-14.3229685,-14.611905,-4.503995,-11.267092,-12.566103,-1.0383714,-5.9415307,-12.3883915,-5.2287254,0.44467765,-4.889075,-7.873646,-10.506906,-7.2798634,-2.37707,-5.8305902,-8.128034,-5.801983,-4.53009,-7.5845814,-7.9291167,-5.8234634,-6.3650284,-8.579137,-5.796818,-4.1005955,-5.220946,-0.8449903,neutral,Sanad,Sanad_neutral_003.wav
-192.53105,171.12637,-29.236124,10.617141,13.275182,-27.914324,-36.997784,-17.276022,-24.326748,-27.443174,-19.598404,-10.993435,-12.124612,-18.58814,0.6872235,-8.757093,-19.994677,-3.5384471,-3.5220532,-14.843603,-8.782891,2.8571215,-4.1790447,-8.698863,-9.580799,-6.8936057,-2.6057901,-8.990785,-5.2895246,-3.2081602,-9.6289425,-6.286953,-5.2773952,-6.912444,-3.6739507,0.6246674,0.9178689,3.0325236,8.075662,2.9952319,neutral,Sanad,Sanad_neutral_004.wav
-243.78906,162.14111,-19.318785,8.986237,9.945103,-22.411842,-32.3155,-22.231674,-24.601465,-14.591831,-10.679593,-21.007994,-10.986849,-8.051066,-5.890045,-9.349448,-13.483641,-2.8732355,-6.322398,-10.5818205,-7.29128,-1.3543255,-0.8475289,-11.441689,-6.0570793,-5.901675,-8.631848,-2.801138,-7.4463444,-4.3650327,-3.400569,-5.9896407,-4.057796,-5.553628,-4.387279,-4.5807033,-3.6973245,-3.4344575,-1.400874,2.070652,neutral,Sanad,Sanad_neutral_005.wav
-182.46083,182.02557,-33.63901,17.282578,-4.586112,-18.372656,-24.384798,-25.046753,-16.721237,-8.001835,-12.4146805,-18.139318,-10.14933,-13.482393,-4.2254424,-10.866858,-13.448207,-3.1930761,-8.207565,-10.989996,-8.548541,-3.8433514,-5.5511417,-6.8410053,-10.04754,-8.933448,-6.2035403,-7.601102,-3.737214,-5.6705046,-4.9991255,-4.6393695,-4.4859977,-2.5481772,-6.003373,-4.7845106,-5.0949664,-5.57,-3.8559825,-2.7006195,sad,Sanad,Sanad_sad_001.wav
-229.13275,175.90112,-24.03004,16.005093,-4.4102564,-20.540583,-26.255575,-27.658981,-22.200281,-4.2040105,-16.11108,-20.504345,-12.514331,-12.146672,-3.9729524,-13.308419,-8.3534775,-5.7807136,-10.934912,-11.964166,-9.260062,-2.3320003,-7.643215,-7.0618153,-8.251012,-8.539222,-5.3195896,-6.1532283,-4.118408,-5.7883015,-4.764907,-6.188616,-5.383477,-2.9764056,-4.6202106,-5.6014485,-6.2640147,-5.2806525,-4.2044783,-1.0468615,sad,Sanad,Sanad_sad_002.wav
-218.23062,182.60599,-28.217012,17.296986,-2.4003258,-19.161278,-28.682108,-24.38675,-18.450317,-8.024102,-16.364264,-22.34162,-10.659393,-12.789326,-4.9312544,-13.28989,-12.891418,-3.1131837,-9.627568,-9.363206,-9.868731,-5.1461663,-4.339476,-10.339762,-8.22838,-7.8377895,-7.7478805,-6.8153634,-5.481459,-5.147777,-6.563379,-5.148995,-5.5839353,-4.913684,-4.0328207,-6.298673,-6.3117156,-7.769973,-4.471256,-3.1688464,sad,Sanad,Sanad_sad_003.wav
-232.33534,164.9956,-7.832706,12.46583,4.5682054,-13.444733,-32.148544,-19.775208,-19.980806,-13.71824,-15.110774,-23.622444,-12.984687,-15.024957,-4.993484,-8.805193,-14.378184,-3.2679448,-6.129622,-13.075939,-8.703127,-2.204569,-5.001868,-6.501879,-8.7228565,-8.103062,-4.429414,-5.6402836,-3.5946453,-3.6786418,-6.1921735,-4.4388623,-4.48525,-5.2030454,-5.5346985,-7.218523,-6.079793,-6.9955153,-4.4057302,-0.908705,sad,Sanad,Sanad_sad_004.wav
-223.4784,170.86263,-9.339343,14.59201,4.902239,-12.950664,-29.4319,-20.64861,-20.426989,-10.978146,-15.592599,-24.256714,-13.651045,-17.277782,-4.6509676,-13.681947,-16.885933,1.2816763,-8.447053,-17.285793,-6.3379455,-0.31487486,-7.1356335,-7.052202,-8.485204,-9.310248,-7.983227,-7.72577,-3.5880976,-5.2334604,-6.7972116,-5.9782057,-5.1983366,-5.1464725,-7.1205873,-6.0316973,-4.415977,-6.487793,-2.0946195,1.409984,sad,Sanad,Sanad_sad_005.wav
-251.26631,173.47691,-26.54351,11.814936,-1.8133354,-16.289843,-23.809328,-15.89146,-18.13123,-17.206388,-13.398915,-18.690224,-13.688091,-9.425626,-1.9916868,-14.191225,-15.043666,-5.566669,-9.696268,-9.419522,-9.303894,-4.968337,-4.256369,-8.663659,-10.462971,-4.1503277,-1.8856196,-6.4971843,-0.7007718,-2.639991,-4.9494185,-2.0766666,-4.8328357,0.7191612,-0.09901389,-5.8127494,-2.7358224,-3.6341238,-2.1184604,-1.9611111,surprised,Sanad,Sanad_surprised_001.wav
-190.05812,156.63902,-34.701805,24.997976,1.5186871,-22.319576,-39.463882,-13.395315,-26.021294,-27.478064,-9.500459,-18.892027,-18.592728,-14.804945,-2.1305165,-13.956386,-19.575726,-5.619603,-8.995347,-10.453325,-8.859418,-6.537246,-0.6222166,-4.91206,-4.200914,1.5492764,1.5810709,0.5277901,-3.2537618,1.427208,1.2904913,-1.7769984,-2.887028,-5.6032505,-0.44949546,-1.7244415,-0.6842218,-1.1280665,-1.51871,-1.4491718,surprised,Sanad,Sanad_surprised_002.wav
-186.42406,158.77293,-43.40909,32.189995,2.0054498,-30.485527,-29.530561,-10.958629,-37.89794,-21.567413,-8.523471,-25.846216,-8.770089,-16.724447,-5.895341,-8.7059,-17.652348,-5.8185077,-7.135463,-8.897715,-14.098687,-5.34999,-3.1119268,-8.071995,-3.3057086,-4.2443037,1.2634226,1.1271049,-1.8372452,-0.9879512,-4.034117,-0.5245296,-0.30572927,-3.6858072,-0.7588456,0.67384857,-2.1158676,-1.51998,-1.611558,-0.16561098,surprised,Sanad,Sanad_surprised_003.wav
-203.56927,141.15771,-20.600243,26.298822,2.910958,-10.909355,-50.571316,-13.829761,-19.45046,-30.373625,-12.53584,-22.563044,-18.835857,-12.817579,-6.431319,-15.300557,-11.303229,-3.8723836,-12.559993,-9.852758,-6.639636,-6.5755243,-2.7505896,-10.686058,-7.9614,-2.0292683,-6.5150967,-0.6434498,-1.9074349,2.1463938,2.5153048,-2.5871394,-1.336719,-2.2976568,4.7667007,0.2049981,2.2013812,1.3576624,-2.3269963,3.906839,surprised,Sanad,Sanad_surprised_004.wav
-172.73134,143.96515,-34.263504,31.89433,-7.019254,-11.549796,-49.82022,-12.160397,-27.826239,-26.989382,-4.394786,-24.35597,-14.604229,-18.650648,-6.0981784,-11.186331,-14.87476,-3.7102757,-12.182302,-9.842185,-8.382863,-5.217891,-6.1515207,-9.553312,-6.739173,-7.670027,1.3742316,3.0580707,0.6083774,2.4079716,-0.966497,-0.8328896,1.5710546,3.6653821,6.5995626,1.8750882,-2.280265,-1.4679728,-0.949201,0.07557936,surprised,Sanad,Sanad_surprised_005.wav
-162.94353,164.27794,-54.328743,17.985453,7.204232,-22.135645,-42.65601,-1.905506,-21.773907,-12.618256,-14.990924,-26.977362,-5.7437806,-13.559983,-11.985475,-8.813176,-16.97572,-10.351852,-2.8476202,-18.00117,-12.559822,-10.088204,-5.824209,-8.329034,-11.162653,3.197696,-13.74184,-3.0252218,2.6878579,-0.05079229,4.229843,-4.728368,5.8510995,-2.795464,-1.1725564,4.2351494,2.6060393,-0.014492168,-2.8364322,-1.7114949,angry,Shehbaaz,Shehbaaz_angry_001.wav
-164.38408,172.199,-51.709198,6.5290837,5.2247224,-19.062977,-39.028,-1.5472026,-23.115965,-19.599344,-12.459418,-24.053553,-8.031073,-11.852832,-14.325314,-12.162186,-13.231524,-8.017964,-2.019835,-11.115184,-12.969042,-11.090765,-5.0039663,-7.947559,-10.398526,2.4200401,-7.414034,-0.31838238,2.5785217,0.79627585,2.0222373,-3.4691246,5.5279207,-3.8365312,1.0416769,6.3173995,1.6304058,-1.8917615,-3.9543142,-2.7701633,angry,Shehbaaz,Shehbaaz_angry_002.wav
-155.44489,160.38467,-54.044456,24.189861,14.590051,-15.949253,-44.82594,3.3882985,-19.631721,-13.806344,-9.104064,-29.954876,-10.967521,-16.833956,-15.83951,-13.620156,-18.710514,-9.01741,-0.23120269,-13.737879,-11.639507,-8.605714,-6.8355308,-12.663474,-14.452384,3.6836915,-7.3396225,2.840909,3.4279737,-1.2542078,4.034677,-6.121575,4.9776163,-1.0331371,3.6713598,8.010007,-0.04627339,-1.5115188,-2.3666737,-1.5278699,angry,Shehbaaz,Shehbaaz_angry_003.wav
-175.78246,148.61707,-49.630203,12.166649,-3.7310436,-14.302064,-43.53496,-0.66740495,-19.688482,-14.463282,-12.566311,-29.06872,-8.302741,-15.820554,-10.924072,-11.72818,-13.568618,-5.014702,-7.9996343,-11.559486,-10.215448,-9.561404,-2.8152192,-12.543623,-12.765431,0.59516275,-7.0126696,1.3812811,3.380843,5.848079,5.98847,0.054748226,4.066501,-3.8991578,0.06218681,0.33432108,-0.28732443,-6.3057775,-2.007453,-0.7336,angry,Shehbaaz,Shehbaaz_angry_004.wav
-159.07481,162.31317,-49.30479,14.550096,-7.7130833,-19.183165,-47.73674,-5.441244,-18.606855,-14.552128,-12.551202,-26.866375,-10.292428,-16.226315,-13.49915,-12.853575,-16.094349,-7.9292765,-7.4874806,-12.496881,-6.218602,-7.590615,-0.44395953,-7.789811,-10.555462,3.3736415,-5.849072,1.7756956,0.8813897,2.6868744,4.0005407,-1.1164094,3.307402,-5.0895185,0.52574694,-1.1927595,0.09562034,-5.2291574,-3.1752284,-0.53235906,angry,Shehbaaz,Shehbaaz_angry_005.wav
-175.34807,178.90294,-64.54886,17.690321,-8.396144,-6.150274,-27.766533,0.33390766,-23.801094,-22.21841,-10.670183,-22.05033,-5.34181,-10.691641,-5.5201397,-15.810835,-17.095943,0.84366465,-2.2706256,-13.974546,-15.506984,-12.048127,-5.704884,-6.358189,-7.038627,-5.143307,-13.225969,-6.464924,-9.133835,-1.580883,-3.2373226,-15.448833,-5.0713587,-10.943162,-2.5954397,-0.26814595,0.12233688,-3.0817592,-4.368427,-0.07452821,calm,Shehbaaz,Shehbaaz_calm_001.wav
-172.02783,178.85258,-61.197483,15.690364,-0.107308276,-9.553111,-23.346645,2.9369721,-24.303938,-26.352837,-11.143428,-23.169712,-6.7486353,-8.946364,-5.724563,-17.339247,-13.8812895,0.15574142,-4.857066,-9.567809,-15.018218,-10.487601,-5.065442,-6.435686,-6.128495,-7.521485,-12.080848,-10.849258,-7.997063,-0.49925628,-3.5350566,-7.646718,-5.5401096,-7.4302354,-0.89759046,0.002314176,-2.0359213,-5.1827874,-4.2565846,-3.3282793,calm,Shehbaaz,Shehbaaz_calm_002.wav
-168.31848,174.982,-60.57326,15.924205,-0.3338663,-12.201077,-25.606243,3.5482302,-25.248043,-23.665236,-10.78209,-22.479424,-6.0802226,-9.883013,-4.275081,-15.247801,-16.031618,0.5124679,-5.1830053,-11.640349,-14.704967,-10.063527,-3.4987261,-7.884824,-5.538845,-6.4627585,-12.10599,-9.062471,-10.152724,-0.53485954,-4.902402,-13.307641,-5.747477,-6.537139,-1.2945937,1.4232292,1.5052058,-5.9016542,-3.6336062,-2.471567,calm,Shehbaaz,Shehbaaz_calm_003.wav
-179.68132,187.98692,-59.722084,14.930701,0.42053112,-11.9923115,-26.505833,-5.4038606,-21.298737,-26.613224,-16.116823,-19.91937,-6.841684,-9.293494,-5.699771,-12.142891,-13.842185,-2.1975996,-5.6812134,-10.909373,-13.972421,-8.908232,-0.11414125,-7.9273195,-8.814386,-7.103221,-11.428386,-6.503925,-7.2345176,-3.0531545,-3.3958533,-9.313361,-8.136022,-9.384334,-4.905864,-3.9874344,-4.848331,-7.499678,-5.00166,-1.7813655,calm,Shehbaaz,Shehbaaz_calm_004.wav
-178.78416,180.83467,-61.558475,15.258837,0.43535453,-11.840849,-24.509424,-0.6406258,-17.072033,-27.063213,-16.214252,-20.97404,-9.864159,-10.735971,-4.604603,-12.338118,-13.846993,-1.4970275,-6.7259636,-13.759187,-14.717176,-8.784436,-3.0020843,-8.0382,-6.8818016,-6.150526,-9.885054,-6.283908,-6.596162,-0.894139,-4.883732,-8.881057,-5.214541,-8.620429,-0.9667388,-0.44816872,-3.150117,-3.446835,-3.3242004,-3.5985613,calm,Shehbaaz,Shehbaaz_calm_005.wav
-168.30586,157.83418,-51.36764,8.521461,-10.568558,-13.919852,-36.834156,2.2658482,-25.5589,-18.833334,-12.668807,-27.570751,-11.631276,-13.155132,-8.694291,-12.8018875,-17.847586,-6.241623,-2.711233,-13.713609,-7.529256,-6.39717,-3.5824845,-6.432862,-7.853417,-0.72353923,-14.408931,-2.559308,-3.0194094,-0.35763636,6.3113585,-3.3750596,5.2488074,-3.3763306,1.6803182,-1.0820374,-2.1474133,-3.297569,-3.253775,1.7315398,disgust,Shehbaaz,Shehbaaz_disgust_001.wav
-187.34543,163.26921,-49.70475,4.9545407,-12.337629,-12.017217,-34.542778,-1.7963908,-24.35869,-15.900873,-16.634623,-23.910933,-7.598966,-11.351363,-9.979614,-13.769737,-13.192984,-7.4979687,-2.5217638,-12.377455,-9.609815,-6.0380516,-8.6415615,-9.108853,-12.068383,-0.020893168,-9.83281,-4.6432166,-1.0658675,-3.1992617,5.854744,-3.1441917,0.74625444,-4.8564477,0.5235937,2.5209033,0.98621124,-2.5538504,-2.3185112,-0.8780152,disgust,Shehbaaz,Shehbaaz_disgust_002.wav
-149.36717,165.06651,-54.79238,0.77175146,-19.617838,-13.90767,-41.4867,-1.8571581,-25.275997,-20.130144,-13.679166,-24.08933,-12.997191,-10.014413,-11.714885,-16.614212,-11.731932,-6.7511635,2.6299233,-9.117345,-8.478071,-5.359411,-6.727647,-8.936957,-13.834795,2.6474557,-9.266534,-4.5776553,1.7499423,-0.007808881,7.5711355,0.33503503,5.914771,-5.769655,0.82578504,0.30555558,-2.8154628,-1.6613739,-3.3897333,0.21129984,disgust,Shehbaaz,Shehbaaz_disgust_003.wav
-146.98723,165.47835,-56.254395,16.29696,-0.56039834,-13.406523,-45.48158,-9.432994,-23.327288,-21.016119,-23.378216,-27.432562,-8.009522,-12.271493,-11.140636,-17.478842,-12.145995,-4.4392033,-1.6857699,-11.080026,-12.358094,-7.7433376,-5.842063,-9.830483,-10.335701,2.1950881,-9.296334,-2.4184544,0.75087726,-2.5697281,-1.1363443,-6.026004,-1.8906031,-8.1768265,0.02664529,2.8881137,5.603684,-0.23710753,-1.131439,0.8842522,disgust,Shehbaaz,Shehbaaz_disgust_004.wav
-146.8402,156.18353,-58.039326,21.316889,5.18432,-9.839575,-45.521053,-3.7980072,-26.889214,-15.231098,-21.352415,-28.976538,-1.9327885,-14.882579,-8.865923,-12.046335,-12.698408,-3.1889968,-3.3209722,-13.37687,-10.565691,-8.840159,-8.13458,-12.340355,-12.705012,-0.36480826,-12.22878,-0.6518698,2.3740728,-1.3854961,3.3715003,-4.5883527,-0.23553476,-7.636421,0.9914809,4.610508,2.889888,-1.236532,-2.9023964,0.3075427,disgust,Shehbaaz,Shehbaaz_disgust_005.wav
-182.59984,173.14545,-53.434765,15.653231,3.2123313,-15.926519,-21.97951,-7.8209023,-15.935294,-14.299685,-12.321234,-22.256372,-10.756817,-9.925176,-7.806551,-9.364134,-10.738314,-7.3421235,-8.563852,-11.526053,-9.77954,-3.824662,-2.213368,-6.9992785,-4.483838,-4.4832277,-9.770537,-6.067811,-6.3878045,-4.511697,-6.674251,-7.4591055,-6.4703536,-8.561391,-3.3453526,-4.521341,-6.2452683,-8.869932,-6.720561,-4.462397,fearful,Shehbaaz,Shehbaaz_fearful_001.wav
-169.44852,190.85252,-49.06851,16.979559,3.1426604,-15.09691,-20.529127,-7.2779293,-20.817106,-20.425535,-15.643227,-22.104713,-10.272213,-12.846359,-10.110733,-13.365942,-15.903431,-7.1599793,-7.0399146,-14.33613,-13.423677,-7.763792,-3.729836,-6.2105384,-4.276899,-3.1939695,-10.017884,-5.0512123,-5.7476215,-4.5563745,-5.8891077,-8.051587,-5.8718204,-9.929051,-4.142942,-2.6686215,-4.813241,-6.955227,-5.8467546,-3.5242524,fearful,Shehbaaz,Shehbaaz_fearful_002.wav
-168.74826,180.96788,-63.121666,18.943174,-8.537491,-5.36347,-28.631725,-7.9269834,-18.04579,-16.278152,-16.363678,-24.909548,-9.568794,-12.986201,-9.1247635,-14.318359,-11.310296,-6.8730874,-5.7759657,-12.96498,-14.60891,-7.8055944,-4.97315,-4.60476,-8.880022,-2.3223584,-8.383398,-5.7440434,-4.6564293,-4.9076543,-2.992576,-8.3846245,-5.226033,-11.787152,-4.977329,-2.9598212,-3.9752636,-7.1983347,-7.038997,-3.260095,fearful,Shehbaaz,Shehbaaz_fearful_003.wav
-176.02283,181.53712,-54.955166,15.30041,-5.9313946,-10.043301,-25.961521,-9.406479,-20.08861,-19.026867,-17.859606,-25.885042,-10.03327,-13.98989,-11.15968,-12.22684,-13.04944,-8.167786,-5.747527,-13.01091,-11.668119,-7.0612173,-5.0966325,-7.7876,-9.298676,-2.4640381,-9.77351,-6.2003155,-6.228588,-4.774478,-2.9152222,-9.042494,-7.81187,-11.461214,-4.4187837,-3.3778543,-4.8527913,-5.986619,-6.9665537,-3.9232707,fearful,Shehbaaz,Shehbaaz_fearful_004.wav
-149.93773,173.8103,-56.652386,24.113209,-1.1566961,-10.311979,-30.99501,-7.0708356,-18.450745,-11.659902,-16.179966,-29.346415,-11.221547,-15.599986,-10.129814,-10.865609,-14.795272,-7.989445,-3.0316634,-14.133406,-11.249232,-7.273696,-5.105854,-8.079643,-9.8847275,-0.5390822,-12.344655,-4.463239,-3.0537465,-8.552227,-5.3650446,-10.259636,-6.650546,-10.419124,-3.3870869,-3.594392,-8.198712,-5.5220504,-7.727781,-5.5254436,fearful,Shehbaaz,Shehbaaz_fearful_005.wav
-177.46257,174.48427,-52.82083,3.734969,-1.6775382,-15.584971,-24.874874,-3.8549669,-17.950062,-17.915045,-14.061745,-18.996176,-4.478612,-8.548269,-5.971474,-11.576317,-14.093566,0.016348634,-4.707397,-14.311362,-12.5462885,-9.381378,-4.6842356,-8.21779,-5.6143994,-3.8388617,-13.953391,-6.9177504,-4.659827,-1.869509,-5.5442514,-10.468949,-4.179478,-10.886202,-5.2273264,-3.20108,-2.9329093,-2.9772606,-1.0817804,2.9400198,happy,Shehbaaz,Shehbaaz_happy_001.wav
-198.77664,172.00925,-49.75864,5.350796,0.82795835,-13.513163,-25.162254,-3.9894197,-19.707546,-20.431408,-16.463861,-20.847576,-4.009687,-6.0214295,-3.2318013,-10.943703,-14.61792,-2.6998303,-4.217548,-12.891878,-13.596738,-8.75667,-4.532062,-8.521058,-5.6049423,-2.9058704,-12.369958,-6.7010293,-6.023099,-4.5716047,-5.5965962,-11.514667,-6.9525127,-8.678337,-3.649882,-2.444862,-4.646102,-6.959936,-2.6687148,1.5945559,happy,Shehbaaz,Shehbaaz_happy_002.wav
-217.17958,174.34712,-41.639,4.4382124,3.2658293,-14.15902,-23.275612,-10.388931,-20.312906,-18.100054,-13.874897,-20.037292,-6.5341907,-3.7865403,-5.218637,-6.5641184,-13.318222,-9.223067,-4.260039,-13.8370495,-13.108607,-10.38471,-4.6679416,-6.6396623,-10.911459,-0.8235192,-9.6992,-4.8176985,-3.2400417,-5.7162685,-4.087065,-11.204258,-2.750324,-9.308072,-6.6072917,-1.315217,-6.0656095,-2.991417,0.88355213,3.7878237,happy,Shehbaaz,Shehbaaz_happy_003.wav
-174.33916,172.402,-59.137238,11.940566,7.7678576,-17.140093,-27.798494,-1.8379469,-17.805916,-23.155407,-16.284515,-17.204195,-6.1192083,-10.073302,-7.9425206,-11.857809,-12.947232,-1.5656738,-6.258474,-14.35475,-12.516466,-9.21001,-5.116261,-7.4457965,-4.3246837,-5.5031066,-12.687024,-8.117202,-7.105992,-1.9347396,-3.9368393,-7.6224065,-1.2358868,-4.037214,-0.7575996,0.43019727,-4.454157,-8.163021,-4.6861305,-4.810601,happy,Shehbaaz,Shehbaaz_happy_004.wav
-189.66924,175.55803,-59.107796,18.780214,9.710247,-13.381019,-33.06866,-0.24204159,-20.488998,-17.544436,-17.91645,-19.769985,-7.944452,-10.801263,-8.10577,-14.315208,-13.000634,-2.5594623,-3.5048506,-12.08734,-11.13583,-8.659011,-4.143368,-9.563855,-6.8396583,-4.9426217,-13.278301,-5.8422027,-5.9801936,-1.5511385,-3.8713999,-7.7095923,-3.4479284,-8.419564,1.7030222,-0.7330799,-2.6035876,-7.014852,-4.7244573,-1.2170728,happy,Shehbaaz,Shehbaaz_happy_005.wav
-205.82448,185.75514,-64.507935,6.224876,2.17886,-15.851165,-20.967527,1.2276515,-18.383766,-27.218563,-12.94857,-22.500889,-8.319725,-9.037877,-8.372387,-11.001247,-10.7423315,-1.45861,-3.0403728,-5.54588,-13.910981,-8.10431,-2.543204,-9.944159,-8.031457,-5.6681128,-9.648272,-8.770269,-4.1218452,-3.810375,-4.624172,-7.3699284,-11.730367,-11.2027445,-5.8137326,1.7413275,-0.8292717,-2.248717,1.6605219,-0.75142694,neutral,Shehbaaz,Shehbaaz_neutral_001.wav
-194.33,186.18587,-66.592545,5.490811,-5.7622046,-11.716593,-20.615202,0.40956184,-21.389746,-26.227392,-10.04462,-22.134523,-5.9550643,-9.540708,-5.519857,-12.924758,-10.4262,-2.2798784,-5.8960104,-5.4450326,-17.329504,-4.555485,-3.0803435,-9.730238,-5.0368924,-8.003318,-9.520588,-9.473407,-4.355383,-3.437741,-4.5191116,-6.947201,-10.966208,-11.051971,-3.872394,3.045396,-0.6447252,-1.4786799,-1.8258084,-2.1561594,neutral,Shehbaaz,Shehbaaz_neutral_002.wav
-201.56996,181.578,-63.995636,9.244132,-0.05810285,-16.559769,-23.270842,3.6545691,-18.16768,-28.054592,-11.703314,-21.250666,-4.5540586,-11.282268,-11.806687,-11.455414,-10.585982,-3.9282913,-3.692132,-6.468722,-16.974518,-3.803955,-2.3302948,-10.248302,-6.9605536,-10.325722,-11.01789,-8.94301,-6.222656,-5.0305853,-4.673828,-7.6056037,-9.414245,-6.771055,-1.7488154,5.149302,1.4880522,-3.198139,-3.167826,-2.7681198,neutral,Shehbaaz,Shehbaaz_neutral_003.wav
-207.8578,177.91187,-64.24177,5.503609,-0.5499272,-12.343439,-19.846996,-2.18211,-20.723413,-23.010395,-11.372657,-20.044151,-5.389841,-6.6260843,-7.7627907,-16.938093,-10.600621,-2.3909838,-5.7791715,-8.347332,-18.336952,-7.215078,-4.4685936,-7.7026367,-4.8658485,-6.0353975,-8.505325,-11.952426,-5.065369,-1.6581142,-4.2014365,-8.879118,-8.831401,-6.183196,-4.3767824,0.7863398,-0.9354656,-4.460079,-6.049399,-2.6108587,neutral,Shehbaaz,Shehbaaz_neutral_004.wav
-193.87735,177.96674,-57.740597,10.614982,2.0510232,-17.441488,-26.608622,-3.8990076,-22.907183,-23.749622,-10.926186,-23.749046,-7.783324,-7.2143903,-6.6262293,-14.854469,-9.852183,-3.7695134,-8.321897,-7.96168,-15.945443,-6.4434147,-5.090822,-6.6404133,-4.9516196,-7.2972827,-8.153988,-13.219724,-6.096562,-1.3772798,-3.5382645,-7.177856,-9.837425,-5.7469106,-3.5682647,0.6400873,0.2559773,-6.629467,-6.460147,-1.0666455,neutral,Shehbaaz,Shehbaaz_neutral_005.wav
-181.80069,187.94792,-60.338013,16.385847,-8.323708,-5.064513,-23.695967,-2.6312234,-17.69137,-20.34538,-14.153664,-22.91533,-5.1295033,-7.851512,-4.2042,-12.524544,-9.353397,-2.4294662,-8.052575,-9.692185,-16.632479,-8.822676,-3.824686,-7.247421,-4.5243015,-4.868941,-9.872634,-8.300293,-5.992476,-4.3220987,-5.456396,-8.575862,-8.512486,-9.407033,-3.2389812,-4.0234017,-5.6904883,-8.782742,-6.649592,-5.0895705,sad,Shehbaaz,Shehbaaz_sad_001.wav
-180.8906,188.65349,-60.668568,17.496002,-10.544628,-7.6839647,-24.808535,-3.4951625,-19.155727,-21.536762,-12.258851,-22.092812,-8.359216,-9.644864,-2.215155,-12.049191,-10.788482,-3.0226946,-9.556341,-9.431785,-15.12714,-8.016759,-2.8588572,-8.123144,-5.2557464,-5.613449,-8.813229,-8.062886,-6.1144776,-4.5129786,-5.397883,-7.602699,-8.396853,-9.159407,-5.204697,-2.884282,-5.035147,-8.465671,-6.6836147,-5.477987,sad,Shehbaaz,Shehbaaz_sad_002.wav
-171.5995,192.13097,-64.44396,10.767191,-10.422104,-5.8135743,-19.413383,-6.827282,-18.754122,-20.66649,-12.457588,-19.301613,-6.711209,-8.6743,-5.171614,-16.777328,-14.432804,-0.18434228,-8.226967,-8.427731,-12.9658165,-11.6852045,-4.327379,-8.449915,-4.747689,-5.6102986,-10.393819,-7.9848385,-5.402672,-2.2839823,-4.5044193,-6.6409054,-8.659159,-9.970599,-3.753373,-3.510667,-4.9989014,-8.155107,-6.9765477,-5.47721,sad,Shehbaaz,Shehbaaz_sad_003.wav
-163.33812,189.46967,-61.404415,13.443919,-10.669407,-7.3065023,-22.88676,-2.5987742,-16.932467,-21.103899,-11.379797,-19.593328,-6.430078,-13.692367,-6.792363,-16.649683,-13.759159,-1.2505699,-9.532668,-7.6281915,-14.457399,-10.4523945,-2.6291082,-7.579458,-5.991432,-6.9975696,-8.6905155,-6.7386327,-5.784202,0.09208388,-4.01246,-8.288505,-6.597695,-10.531476,-4.305591,-3.7309299,-6.5498123,-8.017793,-8.683234,-4.51357,sad,Shehbaaz,Shehbaaz_sad_004.wav
-168.97026,191.02498,-65.37423,12.772183,-9.744702,-8.116553,-22.126234,-4.6287208,-16.940542,-18.5085,-12.063221,-19.74953,-6.775674,-11.5634,-7.921434,-16.289244,-13.448216,-0.472539,-8.060747,-11.158036,-12.214208,-9.07969,-3.8533993,-7.419857,-4.5456686,-4.9326715,-10.155428,-6.327215,-6.9940343,-2.7490056,-3.1408584,-8.350935,-8.219286,-10.29023,-4.2173243,-4.190099,-5.678354,-9.048482,-9.748892,-6.0770535,sad,Shehbaaz,Shehbaaz_sad_005.wav
-149.18367,166.04298,-45.79932,8.579436,3.0899694,-12.395941,-49.094395,5.249394,-32.875484,-19.608671,-15.795334,-33.233826,-4.327432,-15.726248,-9.084381,-5.5403748,-13.146124,-7.096197,-6.877194,-15.064399,-12.487313,-12.371273,-7.387709,-13.040014,-10.318565,2.3407514,-9.767068,2.0106459,3.7114217,3.3382826,8.408572,-1.5935258,0.7108215,-6.3729997,0.8154269,5.6175566,6.100932,-1.5459462,-3.1255302,-2.8579452,surprised,Shehbaaz,Shehbaaz_surprised_001.wav
-158.30214,171.06339,-41.803665,0.90382004,-1.9123201,-14.055913,-46.995743,-11.41834,-34.944916,-20.404757,-12.857246,-30.084528,-6.890515,-13.204276,-9.777062,-6.14745,-9.747639,-6.208243,-6.430646,-11.232605,-6.489962,-5.5386744,-4.409406,-9.302881,-8.102158,3.6466868,-5.555013,2.5119717,2.4234605,-3.7636843,2.0461564,-2.6539993,-1.8370866,-6.397842,-3.4000373,0.026369367,0.44643357,-2.6961198,-3.8324668,-2.472189,surprised,Shehbaaz,Shehbaaz_surprised_002.wav
-187.72075,152.15314,-44.855766,4.666235,0.25982505,-15.051899,-38.728836,-6.9332957,-25.836245,-21.366707,-19.315918,-29.874168,-8.727854,-11.841499,-9.312628,-9.103038,-11.045957,-3.4078228,-3.0938342,-13.763913,-10.671695,-8.224321,-5.778709,-6.7559505,-5.049298,5.570988,-8.74958,-0.2700118,3.5947862,-0.8602632,3.0321991,-4.581043,0.17588608,-4.297583,0.8857554,2.528491,-1.4609739,-2.8332698,-3.5540905,-0.2342048,surprised,Shehbaaz,Shehbaaz_surprised_003.wav
-202.22339,171.9127,-53.936295,-1.8988853,-13.11198,-21.241426,-39.08258,-7.193325,-13.576021,-16.462835,-11.730836,-26.458855,-12.920356,-14.467096,-14.569389,-15.729428,-12.877369,-3.4645123,-7.825323,-9.341447,-8.096346,-3.758709,1.170198,-6.6252193,-1.0132877,3.1874208,-3.6368034,0.44964358,-3.8900528,-2.009883,-0.45409974,-3.9088888,-3.591518,-6.743015,-0.2203747,0.29258445,-1.9444172,-4.427394,-5.4367275,-4.2451267,surprised,Shehbaaz,Shehbaaz_surprised_004.wav
-148.72064,182.49626,-53.66913,0.06512699,-20.82187,-17.313427,-42.409737,-6.2400765,-16.20845,-16.915424,-13.148667,-28.282507,-10.565952,-15.119071,-11.781105,-17.59687,-19.047243,-7.549211,-7.217903,-10.194964,-10.741336,-5.6849594,-1.0659224,-6.824635,-3.3496096,0.53636074,-7.5789337,0.9837661,-1.2912623,-0.84923893,1.3904663,-4.6640954,-1.8716683,-6.447737,0.3110894,1.9772592,-1.80925,-6.640629,-6.6002126,-3.5762656,surprised,Shehbaaz,Shehbaaz_surprised_005.wav
-230.71863,143.63799,-20.369658,15.768362,-12.567013,-6.3547215,-23.032843,-6.8635006,-11.061874,-13.055614,-20.46709,-13.638887,-13.647968,-8.272818,-1.1813754,-21.524523,-12.439348,-13.399488,-7.5652876,-7.2580495,-10.596115,-4.033023,-6.764667,-2.2811577,1.0913374,3.6134534,-0.884655,2.340711,1.174224,-2.1055448,-2.7696729,-6.5986514,-2.400413,-6.4473767,-2.6331997,-3.3508356,-4.89742,-6.7786527,-6.8643794,-6.034503,angry,Shreya,Shreya_angry_001.wav
-245.87474,186.55887,-21.028957,12.717985,-9.529341,-4.5184803,-15.266778,-14.011478,-2.1111815,-7.470169,-18.206448,-15.001003,-15.665265,-5.765211,-2.6042051,-15.904098,-6.7440605,-11.605899,-6.372973,-10.7919655,-12.758705,-3.1889207,-7.304963,-5.1847844,-3.8174777,0.886426,-6.293707,-4.3323793,0.78444207,-2.304392,-2.8978064,-4.3271813,-3.822523,-7.780901,-2.6030147,-3.12962,-4.6464205,-3.2527378,-3.6960006,-2.1788428,angry,Shreya,Shreya_angry_002.wav
-156.21994,168.72263,-34.327564,6.608887,-30.521706,-13.811685,-20.05098,-14.974905,-21.1921,-22.580624,-11.885175,-17.614798,-13.828133,0.36620748,-20.732866,-19.739569,-3.1162639,-2.004469,0.59589475,-12.399089,-5.789596,-6.576755,-6.9406085,-2.9904177,-9.4851675,-3.9187675,-9.154916,-6.506717,-2.6335905,-3.9802928,-2.983124,-7.883043,-4.2438645,-5.591976,-0.97446984,-0.94110775,-1.4227921,-4.729136,-4.2610617,-2.9429264,angry,Shreya,Shreya_angry_003.wav
-169.86844,169.55286,-44.433514,10.21913,-29.818136,-16.047571,-21.903982,-15.463302,-21.963137,-20.158213,-9.54725,-23.17785,-12.915262,-1.2158073,-17.551876,-14.670434,-3.319313,-2.5190027,-1.8121842,-11.741836,-5.40227,-5.194007,-5.06071,-2.938476,-12.181976,-6.971383,-7.127521,-4.7693644,-1.3914579,-1.8403202,-5.1561537,-8.008173,-4.801228,-6.5987134,0.7038606,-1.2529138,-0.046295524,-4.3066263,-5.0798545,-0.25111613,angry,Shreya,Shreya_angry_004.wav
-185.53455,172.65144,-49.370358,12.328625,-30.232676,-13.437368,-25.009386,-11.364154,-21.887909,-21.270163,-11.202815,-17.809454,-10.915718,-5.142651,-15.14945,-22.058922,-2.207186,-0.7254196,-2.6132312,-10.251686,-10.838228,-7.3827906,-5.3580375,-1.1372428,-12.750608,-3.9434304,-8.716807,-6.648606,1.2463056,-2.7962916,-3.1867015,-9.485436,-6.2373857,-8.112076,-1.5202405,-2.173013,-0.38172978,-3.590277,-4.796322,-2.1912222,angry,Shreya,Shreya_angry_005.wav
-234.87881,156.54874,-30.56738,34.61313,-8.603478,-5.9814167,-15.968313,-2.116938,-16.09995,-11.436059,-0.016492112,-23.30836,-8.15824,-1.5098938,-10.263381,-14.686215,-16.016972,-3.1322663,-2.4206278,-12.530607,-10.04857,-5.9858675,-1.3604546,-2.652152,-5.8791175,-5.270861,-2.8799076,0.54270715,-1.7977592,-2.215561,-3.290872,-6.5635924,-8.311885,-5.505667,-2.671451,-4.32538,-2.6746361,-8.743573,-6.6730785,-2.9478648,calm,Shreya,Shreya_calm_001.wav
-161.48471,164.37463,-44.07341,32.31256,-13.94835,1.200237,-4.6641374,-0.03502348,-25.87447,-18.171036,-0.24119087,-15.240101,-2.3532405,0.7364456,-13.425171,-21.300209,-15.283782,-1.2937282,1.6950476,-11.755175,-11.045351,-10.455541,-6.824268,0.48349726,-4.513333,-2.4156559,-7.8385563,-3.4826434,0.46070582,0.2631127,1.0305325,-7.7945056,-8.779751,-9.23739,-2.3959255,-2.682944,-1.0690248,-8.103598,-9.643667,-4.24981,calm,Shreya,Shreya_calm_002.wav
-171.96954,166.7996,-42.59026,28.287928,-9.874955,-1.6028832,-3.0074809,-1.7846096,-25.935461,-16.218655,-2.9006763,-15.524182,2.0060952,0.3148122,-14.385018,-22.334595,-15.426042,-1.5808994,1.2490711,-10.371085,-11.297704,-9.027732,-6.243099,3.0941026,-2.913861,-3.4907577,-7.845257,-2.9864788,3.4938564,-0.58597666,2.05314,-6.9732823,-10.5111475,-7.1184363,-3.6328034,-2.639852,-0.37287435,-7.0934186,-10.7089615,-5.686133,calm,Shreya,Shreya_calm_003.wav
-156.72832,175.91547,-44.96912,24.71918,-6.6132483,-3.2458909,1.29291,-2.5518122,-25.081654,-14.6218605,-0.8487646,-15.940446,1.0656114,0.30724669,-16.831858,-24.547253,-13.99913,-1.0735649,-1.3465703,-10.864394,-15.621857,-9.099949,-3.9661708,2.97906,0.6584875,-5.440031,-9.435917,-6.417174,-2.0280042,0.022605138,4.3610945,-3.922155,-8.590066,-6.524249,-3.9247508,0.2605402,-1.7039485,-10.140189,-10.995937,-5.7111588,calm,Shreya,Shreya_calm_004.wav
-186.0869,178.47122,-41.603817,26.181576,-7.136489,-5.91362,-0.78955853,-6.846466,-23.24114,-17.565495,0.24138139,-13.256315,0.18275277,4.962617,-15.709813,-24.06826,-14.483917,-0.6183259,-1.0274974,-13.758622,-15.779112,-11.160903,-6.6707716,-0.14807092,0.27545166,-0.64936054,-5.5956044,-3.4205687,1.736313,2.6163518,4.271184,-4.884527,-9.181856,-7.515118,-6.416498,0.6589721,-0.5575148,-9.66473,-9.438835,-5.988779,calm,Shreya,Shreya_calm_005.wav
-176.8756,158.93503,-40.637974,17.317562,-24.453949,-9.598038,-35.091015,-21.651253,-19.272888,-18.950861,-13.193791,-16.13683,-14.5928335,-8.286259,-11.49469,-26.0359,-0.1486017,-2.4810233,-6.743113,-4.8184834,-10.797512,0.4464955,-3.2525344,-2.7305832,-7.0078382,-5.7951617,-4.6845202,-5.4737496,0.99705946,-0.29487076,-4.860677,-8.587312,-7.0219116,-6.713068,-2.001262,-3.0673926,-0.82982224,-4.90824,-3.0952306,-1.3875767,disgust,Shreya,Shreya_disgust_001.wav
-192.60039,166.0825,-44.145958,13.765774,-23.285639,-7.5723443,-28.898428,-22.373032,-21.978647,-19.377346,-16.957518,-16.209799,-6.320428,-10.214058,-12.22562,-27.2171,-4.256661,2.1102986,-6.4593925,-2.9163043,-13.570601,-5.4185023,-4.0817404,-4.4194036,-4.06522,-8.211243,-6.1693897,-5.944124,-1.0723026,-0.67280275,-6.407993,-7.8606877,-9.722866,-8.685608,-0.1564604,-0.033708222,0.39563236,-3.416855,-4.087398,-1.8374146,disgust,Shreya,Shreya_disgust_002.wav
-190.0339,149.92809,-37.178425,15.55454,-22.396654,-9.149675,-34.6309,-18.48012,-22.254992,-18.80681,-8.479161,-15.903266,-10.539336,-6.1370306,-13.247483,-24.190851,-1.8874921,-2.4186194,-3.8254068,-4.943523,-7.9232106,0.72907645,-4.0926375,-3.442042,-10.667213,-4.9260087,-6.582562,-6.288353,0.63618803,-4.7951765,-5.6814947,-11.107245,-8.75573,-8.280898,-0.90660477,0.5324567,-1.5286607,-2.84749,-2.5436492,-0.22464392,disgust,Shreya,Shreya_disgust_003.wav
-136.77538,163.88907,-46.044853,12.426774,-32.323334,-5.605936,-27.992651,-15.836077,-25.575035,-19.615282,-9.9162035,-16.197142,-4.1895585,-4.6685467,-16.130621,-23.427786,-3.2764535,-1.8995155,-3.3589625,-7.4038696,-10.22137,-7.35456,-8.003141,-0.7277097,-10.632915,-4.523587,-8.081123,-7.2184787,0.057826042,-4.9948597,-2.3807395,-9.153883,-7.6604342,-7.5457416,0.40654564,0.42425895,0.5359852,-3.0195901,-5.0759068,-3.2460876,disgust,Shreya,Shreya_disgust_004.wav
-153.82552,175.74292,-51.641773,15.119948,-27.620163,-13.351832,-23.421263,-20.344246,-23.724403,-21.645662,-8.942823,-18.028877,-5.9527464,-2.7653606,-18.113756,-18.890135,-6.618053,1.0312976,-3.5624797,-8.08711,-6.0994368,-9.259087,-3.9945202,-2.471393,-9.241099,-6.747673,-9.289578,-5.383274,-1.2587327,-2.2666385,-5.267594,-8.252503,-9.036882,-9.79927,0.18720053,-0.56635016,1.6709514,-2.5941598,-4.614949,-0.92206347,disgust,Shreya,Shreya_disgust_005.wav
-188.14102,175.16682,-52.02332,17.0868,-28.528316,-15.677036,-20.869204,-21.17003,-21.048286,-19.452116,-11.9415455,-17.633684,-11.652874,-3.3508792,-16.006872,-19.561989,-8.178153,-3.524275,-4.0036426,-12.166111,-9.0431595,-10.146628,-9.383934,-2.9982452,-8.14388,-1.5983572,-2.4822135,-2.18512,2.204781,-0.49219146,-2.4385164,-5.7702184,-4.7946215,-6.7657824,-1.5835371,-2.5901003,-0.66326207,-4.097081,-5.598757,-1.8370242,fearful,Shreya,Shreya_fearful_001.wav
-189.17343,180.74489,-45.78662,20.42488,-25.143745,-17.786976,-24.638481,-26.091585,-12.866619,-14.693128,-15.234567,-16.324226,-16.943443,-7.3257985,-11.074547,-22.3989,-2.578639,-1.4114966,-9.645945,-10.810559,-14.239747,-8.018498,-6.9026775,-2.8130658,-5.4291673,-1.9652085,-0.35071424,-1.2940044,3.2023363,-1.0921532,-2.8046463,-5.3208246,-6.4082413,-6.0202637,-2.129672,-2.5923715,-1.6204718,-4.744508,-4.4321175,-2.7980428,fearful,Shreya,Shreya_fearful_002.wav
-166.98018,189.68504,-59.232067,18.482763,-28.372118,-17.582947,-16.723963,-21.830149,-17.836357,-24.483843,-13.002866,-19.030338,-13.738119,-3.8357556,-17.899073,-20.347593,-2.4298959,-0.94348097,-7.596924,-12.548163,-14.110068,-9.386007,-5.4072037,-1.8265809,-4.255254,-1.1879543,-1.8376652,-5.0290117,0.30796692,1.9565327,0.09237979,-3.5756779,-6.9367785,-7.683632,-3.0703511,-1.6867692,-1.9551375,-4.4479737,-5.421466,-2.9897532,fearful,Shreya,Shreya_fearful_003.wav
-193.93889,182.07419,-54.17163,17.698221,-29.852938,-10.861926,-19.192915,-21.720686,-18.695444,-22.450962,-14.566054,-11.062465,-11.8811035,-7.330265,-14.302131,-24.778152,-2.9029393,1.3092825,-5.1823306,-9.844969,-16.143238,-8.490444,-8.032035,-4.2984614,-8.338278,-4.5301123,-2.6140475,-3.9979515,3.0390992,-0.5034219,-1.7836491,-4.7553267,-7.4549623,-8.240906,-1.4867628,-0.684635,0.02835439,-4.5278955,-5.572948,-3.359763,fearful,Shreya,Shreya_fearful_004.wav
-164.25949,185.01955,-60.62383,20.756676,-29.464956,-14.0391245,-19.85605,-23.005337,-18.761787,-22.847542,-9.969866,-12.283888,-10.185623,-5.8327165,-15.860722,-26.795607,-4.826612,0.2042044,-4.9568644,-6.7641892,-13.613689,-9.049172,-7.7438264,-3.5501502,-5.691462,-2.4744978,-2.5183,-5.583715,0.6064495,-1.3595922,-3.2894566,-5.6186624,-8.170995,-7.564166,-2.8740535,-0.81690216,-0.67333335,-5.1208286,-5.2537766,-3.3208406,fearful,Shreya,Shreya_fearful_005.wav
-189.53604,159.60805,-38.11177,20.284098,-15.834469,3.574793,-9.798957,-2.0589159,-28.549166,-11.293091,-5.230208,-16.643965,0.34922534,-5.66811,-10.730993,-23.495312,-13.436735,-1.9560165,-0.86809176,-8.6956,-12.45441,-6.737834,-6.0686636,2.6171613,-3.5192204,-4.2019334,-10.020371,-9.243052,-0.78689235,-0.3958365,5.1288524,-4.0912576,-8.656965,-8.850243,-1.7129248,0.13548845,-1.478883,-7.8452296,-8.675064,-4.9096794,happy,Shreya,Shreya_happy_001.wav
-230.62242,159.89168,-37.532745,21.61215,-9.328754,-4.4328504,-9.278164,1.0123855,-26.959902,-9.174383,-1.9683154,-17.811169,-2.6512902,-4.0076795,-12.751649,-23.753319,-15.080761,-3.3345308,-6.9050174,-9.72845,-9.089473,-4.3788314,0.7442564,0.029232755,-1.1919805,-4.144448,-10.301977,-6.8318357,-5.1285076,-3.6156213,2.1742077,-3.6898353,-7.6355667,-6.6140294,-1.5069537,-1.3569571,-2.5292218,-9.953741,-9.735194,-4.8288984,happy,Shreya,Shreya_happy_002.wav
-220.27432,157.29697,-27.320232,17.202477,-9.2689495,-5.8543143,-7.642555,-2.8831308,-28.526499,-16.440548,-1.1052321,-17.717215,-6.7420106,-4.134618,-12.969144,-21.588982,-13.75677,1.3295071,-0.34424338,-9.224662,-11.917551,-7.877642,-0.94474006,1.7940316,0.07366644,-3.1566002,-7.2189302,-8.015457,-5.1630383,0.861111,3.240725,-4.5065393,-12.115964,-9.1733675,-2.1720388,0.20133962,-1.1735686,-9.419555,-7.0406594,-4.2023234,happy,Shreya,Shreya_happy_003.wav
-198.5471,172.79137,-34.034687,19.15123,-15.969204,-8.5779,-12.665099,-7.4885354,-25.908836,-21.843355,-4.8018866,-14.219595,-4.0343833,-0.68600947,-10.688113,-21.33186,-12.115417,-1.9887532,-3.7161102,-10.2529,-14.0502205,-8.175831,-4.119859,-0.1547059,-1.2437819,-4.9496317,-7.342804,-6.5074906,-1.9028059,0.0021828797,2.1903677,-4.083723,-10.44358,-5.987244,-1.5202105,-1.4004252,-1.3841256,-6.878738,-6.7458663,-4.7005625,happy,Shreya,Shreya_happy_004.wav
-181.81557,177.47755,-40.65222,22.693005,-15.794118,-6.627422,-11.491788,-5.8848786,-32.22747,-16.366291,0.6670734,-17.860353,-2.6301303,2.5525508,-16.907768,-25.12884,-16.003107,-2.3379989,-2.920317,-8.726415,-11.857273,-14.035873,-2.962134,0.5607872,-1.8550487,-0.46882978,-2.3815114,-2.880374,-2.4671757,0.33003694,-1.0701618,-5.3547416,-7.5037923,-6.8937225,0.0857558,-1.1791861,0.8400272,-10.6125345,-10.1053095,-4.820819,happy,Shreya,Shreya_happy_005.wav
-157.93742,170.18752,-31.430908,39.396107,-6.5446386,-17.111227,-19.95946,-14.700058,-15.656595,-14.709616,-4.4831424,-25.951664,-19.105558,1.0646068,-11.551025,-15.267705,-9.2328205,-4.2069306,-4.0188575,-17.625645,-9.891106,-4.5333357,-6.2308035,0.8412893,0.27993873,-3.4350564,-0.9325753,3.4258878,-2.2852986,-1.058606,-4.1199822,-9.276108,-4.196354,-4.937604,-3.3255427,-3.9499445,-5.078727,-6.8679295,-5.7169394,-3.7400715,neutral,Shreya,Shreya_neutral_001.wav
-186.75572,170.33878,-27.695082,47.86933,-6.78022,-15.841139,-17.936508,-16.394585,-14.470427,-6.4610667,-2.6781814,-21.552189,-8.879444,0.68619794,-11.025194,-17.858196,-14.238681,-9.732928,-3.8159633,-11.13953,-8.303612,-4.0690746,-10.618867,-3.803812,-7.2426057,-5.530887,0.1473609,4.1040435,4.803729,-0.621557,-4.504065,-9.074161,-4.3334274,-3.7682118,-1.492129,-2.8931363,-5.130932,-6.1866846,-9.600226,-3.1954927,neutral,Shreya,Shreya_neutral_002.wav
-195.61667,167.19559,-31.400152,47.924637,-4.5191517,-13.683247,-12.856709,-12.205466,-15.585424,-7.729226,0.45666003,-23.014301,-9.593947,2.438109,-10.520387,-17.653332,-14.22478,-8.634074,-5.5475416,-14.19837,-11.188238,-5.167437,-7.7130413,-2.4845285,-6.808445,-4.849266,-1.24269,3.2774467,6.0949745,-0.78768927,-4.2524095,-7.6655765,-4.875133,-3.8862815,-2.6411188,-2.9719114,-5.312867,-6.4504175,-8.579668,-4.3516855,neutral,Shreya,Shreya_neutral_003.wav
-227.65314,174.07765,-27.674488,32.197735,0.060470793,-20.53467,-13.355411,-16.780006,-17.832136,-8.183325,-1.0607712,-20.403841,-14.148897,-1.0983778,-4.8389187,-15.030827,-18.607,-4.8452315,-5.9825745,-16.211256,-11.843262,-8.971768,-3.1853356,1.8545207,-2.4978914,-0.636627,-0.75164485,0.23614776,-0.85121137,-3.9592001,1.3471091,-2.788865,-7.6804123,-5.050457,-3.241333,-2.5670567,-2.8626914,-5.5058513,-9.076641,-5.8752546,neutral,Shreya,Shreya_neutral_004.wav
-207.47864,180.65436,-34.229862,27.17259,-2.8903708,-12.093637,-6.186697,-13.968927,-21.689468,-9.950945,-4.1023655,-19.922657,-9.860862,-4.048584,-8.45008,-20.119698,-18.363995,-3.4585001,-5.512437,-13.607811,-10.344752,-7.730215,-3.7152476,2.774548,-2.350207,-0.046937354,-3.156963,-1.209077,3.196796,-4.973316,0.8228421,-2.2042444,-8.207056,-4.7926865,-3.202795,-1.0641822,-3.7865653,-7.489848,-8.861888,-5.7667933,neutral,Shreya,Shreya_neutral_005.wav
-184.8693,173.44542,-41.396862,25.704655,-11.131913,-7.5309653,-1.4676839,-7.114194,-22.965229,-21.05076,-5.1406198,-13.798342,-7.101212,-1.51972,-15.280631,-20.654846,-12.574463,-1.697804,-3.37871,-14.963698,-14.28802,-11.749265,-5.4733357,0.2993169,-2.924186,-2.1047359,-6.118674,-5.3017254,0.29593012,5.247063,6.3138876,-2.0268998,-7.207911,-6.7967315,-1.3270032,-1.7909262,-2.98852,-8.589278,-9.175761,-4.8327513,sad,Shreya,Shreya_sad_001.wav
-198.55768,173.95041,-33.668324,22.517967,-9.060081,-14.924881,-5.268944,-9.034692,-25.69099,-23.56333,-2.8272753,-9.47059,-9.607331,2.262895,-16.222483,-23.52428,-8.633391,-4.2153645,-1.0666398,-14.201427,-14.272345,-10.986695,-10.144444,1.2519276,-1.5763546,-2.714301,-6.596514,-4.7911077,-0.73158485,3.9027889,6.430221,-2.184225,-6.2156687,-8.5222645,-2.6444294,-0.22726363,-1.0775859,-8.667644,-11.571522,-4.47903,sad,Shreya,Shreya_sad_002.wav
-173.75609,171.90216,-28.558855,41.154953,-9.19102,-10.58575,-23.600765,-19.5393,-12.154475,-7.608326,-4.6196866,-20.63074,-17.085785,-7.3728604,-5.567291,-11.098986,-15.039563,-10.831508,-2.25618,-13.357923,-13.390845,-4.3358855,-9.010538,-5.7813225,-0.43303898,-2.2591712,-5.3636084,1.2681772,-0.42918006,0.23668353,0.41058487,-4.587205,-2.596617,-3.477847,-0.47496602,-4.7847366,-4.3016877,-5.6707244,-6.236592,-4.1635346,sad,Shreya,Shreya_sad_003.wav
-170.51642,180.3046,-37.353313,27.93599,-4.5644884,-12.285797,-23.955029,-22.088997,-14.991027,-10.765085,-4.384483,-19.36596,-16.212967,-2.3077183,-6.8931665,-11.442204,-9.846045,-8.656119,-4.3928123,-13.855284,-11.094662,-3.6184757,-8.032825,-4.7764225,-2.6546457,-2.8074267,-2.7991552,1.3447154,-1.1336662,-2.917855,-2.0999446,-5.6850915,-5.7420316,-4.2572255,1.6744953,-1.2866594,-5.0843067,-8.301759,-7.4143414,-2.4918087,sad,Shreya,Shreya_sad_004.wav
-175.3607,157.34857,-17.42994,24.741653,-3.827163,-13.943096,-15.859772,-11.0369625,-19.40203,-7.655303,-6.792921,-19.11526,-17.072233,-6.135542,-7.4063344,-15.159482,-13.288894,-9.049056,-2.87222,-11.186273,-8.766702,-3.17675,-4.0956106,4.690215,-3.0074568,-7.930949,-9.565322,-5.435934,-3.0932388,-4.9253073,1.5164373,-3.1819613,-2.7281902,-4.389447,-4.301624,-5.640229,-8.086963,-10.638509,-7.825754,-2.2699645,sad,Shreya,Shreya_sad_005.wav
-184.8188,171.28658,-50.17928,18.53632,-25.715061,-12.760047,-26.178535,-18.398495,-25.570473,-22.12448,-11.181092,-21.045902,-8.713285,-5.9233813,-17.136969,-15.86023,-4.709342,-3.053631,-6.5076904,-13.07077,-9.39216,-5.405356,-3.1866937,-1.9638433,-6.3475065,-3.4820142,-5.7003093,-5.513827,0.20654401,-1.471777,-4.265661,-5.211613,-8.813343,-7.9260025,-1.0245442,-2.8018672,0.12769735,-3.9134746,-5.700523,-3.5420284,surprised,Shreya,Shreya_surprised_001.wav
-166.97832,166.39871,-45.80019,18.682562,-25.469854,-11.554918,-26.774115,-19.366964,-24.33598,-17.9794,-10.460931,-17.113539,-11.730129,-2.6097739,-15.640423,-20.480343,-3.521687,-1.2564483,-3.5703783,-11.173135,-8.39784,-7.0413346,-6.7576914,-2.7594335,-9.777879,-3.008883,-6.7180295,-5.50799,1.4500657,-2.8035622,-2.8289843,-6.9197874,-5.850983,-9.568258,-1.2708437,-1.6248994,-1.1866312,-3.763126,-6.32337,-2.8405685,surprised,Shreya,Shreya_surprised_002.wav
-155.84145,171.841,-45.62094,19.270538,-26.278091,-17.852346,-19.312094,-19.157488,-25.464367,-23.823011,-11.199766,-17.545319,-11.265598,1.3809406,-21.179245,-20.67999,-4.095308,-3.961894,-3.7764525,-8.767865,-6.8076663,-10.402626,-3.5804815,-1.9373685,-9.14503,-0.94268787,-3.8026419,-4.1768093,-1.600091,-2.5237825,-4.6270757,-8.132103,-6.888474,-7.9981556,0.4305384,-0.5640498,0.082613766,-4.880848,-5.9380703,-2.8004553,surprised,Shreya,Shreya_surprised_003.wav
-168.7901,179.45012,-48.50386,12.568748,-22.422184,-15.911498,-17.847895,-25.568514,-20.680914,-21.600471,-11.656081,-13.067253,-8.482589,-4.1881166,-17.560968,-21.575193,-8.8368845,-0.6919293,-2.1562743,-6.896849,-5.6604075,-7.4082813,-3.8988225,-1.5369061,-7.4303536,-3.2114313,-6.181903,-6.868189,-2.3192565,-3.2386246,-4.944437,-8.059372,-10.314568,-10.955293,-2.3559158,-0.12661299,0.67638975,-2.526663,-5.66915,-0.83454084,surprised,Shreya,Shreya_surprised_004.wav
-185.27077,182.11882,-47.57481,19.460268,-22.434069,-15.8616905,-22.383194,-28.571417,-20.618938,-19.458084,-13.803164,-18.351353,-12.384937,-5.416528,-15.314218,-20.785883,-5.055604,-1.3760662,-5.048698,-6.7462177,-6.169031,-4.6422615,-4.1230736,-4.387306,-9.939324,-3.7515247,-5.14118,-4.57973,-0.40266263,-3.0109582,-2.8162038,-6.7337074,-9.863509,-8.286832,-1.1204873,-1.8647348,0.43153977,-2.7832112,-5.7640796,-1.427698,surprised,Shreya,Shreya_surprised_005.wav
-149.76166,168.22676,-55.21286,18.253502,-11.823528,-14.897993,-26.921535,-9.7644,-24.041426,-10.17499,-9.585371,-28.093676,-14.408926,-9.558834,-3.249031,-11.690954,-14.716997,-12.544031,-2.6087003,-9.066013,-13.208773,-6.6760006,-10.86477,-6.024044,-7.0856805,-8.418137,-9.670361,-10.010801,-8.065287,-1.8232232,-0.35283762,-6.2700863,-6.9797187,-6.388344,0.35332075,-0.6385202,-1.2422853,-4.407245,-6.1124763,-3.5612764,angry,Shubham,shubham_angry_001.wav
-161.48215,159.3104,-52.16687,14.66138,-10.948895,-12.291189,-23.72634,-5.7377396,-25.221338,-14.548749,-11.147924,-25.363838,-14.748418,-7.9182677,0.93131816,-15.081806,-14.562483,-12.500174,-3.8295918,-10.770144,-14.424178,-3.1449528,-10.445982,-3.729192,-9.369486,-11.71983,-7.3669944,-9.323957,-5.889304,-0.62950915,-0.32914123,-7.4600515,-6.316443,-4.3515015,-0.027716285,-0.12246015,-5.8877587,-7.5337834,-5.2717767,-4.6030655,angry,Shubham,shubham_angry_002.wav
-159.45863,162.66272,-54.498108,19.939371,-12.983317,-12.415319,-27.111874,-4.417396,-24.593307,-16.767223,-13.749081,-27.606356,-12.455548,-8.1743555,0.24788672,-14.665999,-15.095996,-12.815001,-4.4493155,-9.668788,-14.276291,-3.7827497,-10.888455,-4.9483933,-9.355412,-11.257234,-7.888445,-8.791765,-6.665209,-2.179707,0.7715026,-4.2863803,-4.40672,-5.6312213,-0.827488,-0.0567082,-2.4765143,-6.339878,-6.5342903,-5.667265,angry,Shubham,shubham_angry_003.wav
-196.57262,189.65398,-59.028774,19.168556,2.8114178,-18.830267,-18.30849,-20.66716,-20.801043,-10.840883,-18.727535,-25.124065,-2.2693396,-5.746851,-18.061058,-20.562826,-12.272495,-6.1195626,-6.527535,-14.28993,-15.024122,-5.859728,-6.985682,-4.707675,-6.073285,-7.156369,-8.966062,-7.655968,-2.5162501,-3.1360276,-1.4085126,-5.661279,-7.1384315,-6.4692354,-4.2346163,-0.7127872,-3.7633622,-6.2251024,-7.2240853,-4.0685725,angry,Shubham,Shubham_angry_004.wav
-181.30603,194.47685,-55.67966,21.311003,10.434338,-25.525925,-19.973122,-18.654924,-23.752928,-9.408703,-22.367168,-25.134312,-2.362948,-8.644595,-17.273031,-18.613247,-10.362624,-4.613626,-3.2284486,-15.487844,-15.254244,-5.62964,-11.294133,-7.3808513,-8.250968,-7.445007,-9.2348175,-7.60316,-3.0089207,-6.440227,-5.2491937,-7.588893,-5.5723686,-6.342925,-2.9869628,1.1048079,-2.743683,-3.6936781,-5.7484818,-2.1289897,angry,Shubham,Shubham_angry_005.wav
-189.59497,193.76598,-43.605396,17.392378,-11.52232,-19.643787,-18.423473,-16.581106,-24.085888,-15.273918,-12.291188,-20.406033,-4.8752933,-5.3560143,-12.914477,-18.911371,-13.705041,-9.566884,-2.5812743,-11.478917,-23.224604,-8.430348,-6.9885473,-9.749394,-7.9231815,-6.148953,-8.6143,-5.120149,-4.3280473,-6.817599,-0.011362791,-7.5769405,-8.80793,-4.060645,-3.2989097,-0.6639064,-1.5637641,-7.2026925,-7.942125,-4.549406,calm,Shubham,Shubham_calm_001.wav
-172.13702,191.93695,-46.24294,19.95086,-13.172231,-19.047382,-18.4006,-21.266949,-28.57547,-13.323084,-15.30609,-22.12238,-0.92034787,-6.249986,-14.143663,-16.467802,-16.395649,-8.411996,-4.321092,-16.163876,-14.966437,-7.0828204,-9.620348,-7.95006,-7.9558387,-5.4883585,-6.2470326,-5.247847,-5.692535,-2.2854357,-1.6449945,-9.176497,-5.6801825,-6.195368,-1.9920992,-0.6287722,-4.060643,-6.0840383,-6.3789606,-4.9562273,calm,Shubham,Shubham_calm_002.wav
-179.20235,192.05742,-43.261616,19.56237,-13.538188,-25.822954,-8.029496,-19.166561,-30.751997,-13.220449,-18.885248,-22.933712,-1.6357492,-4.327176,-14.639154,-15.378057,-16.043938,-7.0461683,-2.9807978,-18.721973,-13.469844,-7.1205707,-10.451203,-7.9002223,-8.60351,-5.1511993,-5.4758716,-6.3954673,-7.055237,-1.4127036,-2.1838107,-8.367336,-4.922336,-6.636795,-2.27509,-1.9875919,-4.089332,-6.9781504,-8.056951,-5.6464543,calm,Shubham,Shubham_calm_003.wav
-176.09142,179.76042,-45.112854,14.9518795,0.74826527,-26.133778,-12.9129925,-15.56677,-23.472456,-15.120707,-17.690672,-20.296108,-4.7581105,-8.313743,-17.330507,-16.31278,-13.875685,-6.8502336,-4.539128,-14.024097,-13.248784,-8.306757,-8.166724,-5.3433676,-6.8724904,-8.337908,-6.659735,-4.2185955,-3.1674058,-0.6011047,-1.8825074,-6.422037,-7.928105,-7.3063188,-0.49163142,0.92857665,-3.2011704,-7.220042,-9.267051,-6.618683,calm,Shubham,Shubham_calm_004.wav
-224.55266,188.02708,-44.50339,15.950455,3.1208801,-20.006119,-20.813074,-18.98174,-16.709816,-12.455415,-15.876422,-24.12371,-10.409808,-4.3856263,-16.02883,-18.358166,-8.992947,-6.3348436,-6.4652004,-12.825195,-13.913672,-10.538226,-9.058741,-5.11599,-9.747256,-9.737429,-7.54511,-6.653537,-2.2227051,-1.81116,-3.9588945,-4.029682,-3.8148158,-4.7053537,-2.5245423,-1.3493546,-4.0053363,-7.462577,-8.168409,-5.6917124,calm,Shubham,Shubham_calm_005.wav
-189.38533,192.16965,-53.99418,24.870132,0.68965316,-22.814083,-22.79684,-19.768486,-26.607697,-13.107749,-17.522348,-27.76792,-0.06694794,-3.3903596,-18.515448,-18.8572,-8.337606,-9.717944,-6.3559704,-13.281539,-20.065681,-5.260697,-9.59325,-7.369728,-6.609201,-9.312296,-6.3674297,-5.0487647,-2.9275002,-3.4815543,-0.4093125,-6.6879964,-7.7757163,-5.524301,-6.4615297,-0.71279496,-3.5031998,-8.578826,-7.682063,-3.4918125,disgust,Shubham,Shubham_disgust_001.wav
-277.7487,184.91449,-32.390896,10.174409,9.9514065,-19.835781,-28.757713,-19.457233,-18.894325,-12.076762,-16.227077,-25.064066,-7.8525767,-4.4361615,-13.800023,-17.53784,-5.859074,-6.149368,-10.712491,-11.886447,-14.121129,-6.7178264,-8.177298,-6.833311,-9.81786,-10.951846,-5.3557143,-6.1509366,-3.8457115,-3.954629,-4.2506304,-6.8157024,-6.6433544,-5.32448,-5.7831144,-1.8661162,-4.694542,-8.020562,-7.33076,-4.0122666,disgust,Shubham,Shubham_disgust_002.wav
-200.13718,192.50119,-50.27757,17.704071,0.58973235,-13.8592005,-21.233643,-23.59135,-21.872204,-13.824489,-17.70221,-25.69765,-5.681066,-4.213957,-14.5801935,-19.106134,-10.588795,-5.693246,-3.964988,-11.072127,-16.87188,-8.165611,-8.689076,-6.8415394,-8.533453,-10.430075,-8.798646,-6.3364434,-2.8035316,-3.9575906,-3.584774,-6.651139,-7.339963,-6.030259,-3.2901304,-0.44404575,-3.4243448,-5.600056,-7.310035,-4.7877135,disgust,Shubham,Shubham_disgust_003.wav
-186.4745,188.43477,-45.497692,16.751099,-5.8655334,-12.359192,-22.20609,-15.483292,-18.313967,-13.825582,-15.238535,-26.457417,-8.543709,-5.6512146,-16.747042,-17.921627,-5.8457894,-6.885625,-7.593774,-12.76343,-14.68113,-8.012805,-10.057772,-6.480479,-9.421847,-9.633234,-9.035211,-7.1833496,-3.2080102,-3.621918,-3.0105994,-6.3205457,-4.2209444,-3.065096,-1.2077936,0.40107623,-3.098139,-7.030175,-7.8790956,-4.516385,disgust,Shubham,Shubham_disgust_004.wav
-198.31285,194.04816,-48.64335,18.156742,-6.060796,-17.165262,-23.04095,-20.74389,-19.769022,-12.328181,-15.533037,-24.42089,-5.9673705,-5.844341,-16.545107,-16.765953,-9.322003,-6.7096577,-5.62329,-12.883232,-13.354435,-6.8984404,-8.346891,-5.293173,-7.4797277,-9.002272,-9.059124,-5.28905,-3.4044094,-3.9469817,-2.2329001,-7.090556,-7.0716524,-7.0110865,-3.9233532,-1.8496004,-5.315213,-6.8958626,-6.206432,-4.502307,disgust,Shubham,Shubham_disgust_005.wav
-192.79506,187.02519,-51.427517,31.799353,-12.165843,-24.335539,-13.047249,-20.973763,-33.611195,-7.8039827,-15.389989,-26.41601,1.6759744,-14.422726,-13.369981,-11.489381,-20.750393,-4.6643453,-6.084826,-19.194668,-14.254863,-6.6442013,-9.345676,-9.1238365,-5.181009,-5.5737004,-5.584941,-7.344834,-4.81469,0.670331,-4.291408,-6.3122373,-5.845317,-6.421157,-2.757661,-1.449033,-3.8882701,-10.11204,-8.863053,-6.836766,fearful,Shubham,Shubham_fearful_001.wav
-194.56387,181.80237,-46.82013,23.834103,-1.2103508,-17.501616,-16.620472,-23.744854,-25.891119,-10.734163,-21.49037,-20.789955,-6.260598,-12.517639,-7.188444,-20.092411,-12.812992,-5.476558,-6.3623805,-11.250271,-19.959633,-6.0490556,-7.9156504,-10.30139,-8.27764,-3.5054312,-6.306599,-7.962016,-1.9027147,-7.8308754,0.16611135,-6.855936,-10.998021,-0.8258863,-4.4112372,0.31536052,-1.6452214,-7.9728966,-8.036358,-5.48219,fearful,Shubham,Shubham_fearful_002.wav
-200.47903,180.96959,-50.355644,25.062025,-2.308293,-14.841025,-14.194816,-19.379768,-25.274403,-13.118833,-17.095873,-24.650145,-7.9083686,-7.5906167,-10.218422,-23.463747,-10.40829,-2.170612,-6.9793124,-11.236818,-21.542435,-6.543591,-5.9552593,-12.829427,-8.039413,-4.0723248,-8.507882,-7.447431,0.00996079,-6.328796,-1.7343916,-5.937841,-11.002371,-1.6621258,-4.468793,-2.9873893,-2.2539651,-8.595069,-10.015922,-6.2246175,fearful,Shubham,Shubham_fearful_003.wav
-182.32004,186.99097,-50.424114,23.1279,-7.9039636,-12.8659935,-23.560783,-16.007559,-26.892076,-14.284477,-13.265583,-27.90859,-2.2399318,-4.6880245,-18.953611,-21.770704,-10.138852,-8.919531,-3.6956038,-11.97626,-18.373077,-4.8703666,-9.248064,-5.6730185,-7.908225,-8.065783,-7.48747,-9.599857,-4.008659,-3.3213232,-2.2654104,-5.53815,-5.4182515,-6.682179,-5.300046,-1.2858539,-3.7912967,-8.640114,-7.7290397,-5.838016,fearful,Shubham,Shubham_fearful_004.wav
-189.52919,189.32884,-49.29615,12.365401,-7.0699553,-8.662587,-21.451355,-13.344755,-19.443731,-16.405266,-10.545035,-23.545187,-7.153946,-2.7430735,-15.427562,-23.723314,-6.397056,-6.0951467,-9.840077,-10.330855,-16.68955,-6.920114,-8.372715,-6.7853394,-8.102232,-10.316677,-8.370271,-7.310792,-2.507492,-2.547722,-2.0087686,-4.31811,-6.0449624,-7.509432,-4.066572,-1.1485541,-4.011806,-7.580527,-8.7678385,-5.357681,fearful,Shubham,Shubham_fearful_005.wav
-167.59747,167.45354,-48.638866,22.518621,-0.5023315,-16.421616,-24.465744,-8.181992,-23.94231,-14.612476,-15.142124,-22.79185,-15.822128,-7.594623,-0.34131095,-19.446363,-11.611275,-12.864333,-1.1001606,-5.742907,-17.705835,-0.44109383,-10.430209,-6.469016,-6.860206,-10.58658,-4.870886,-10.276187,-12.140447,-6.883154,-0.1779101,-2.3411944,-5.463608,-4.473609,-2.276328,0.8720997,3.0599997,-6.03889,-4.77211,-3.7046459,happy,Shubham,shubham_happy_001.wav
-147.37094,171.05531,-57.07362,25.510206,-15.5253,-14.720636,-26.217503,-10.107214,-24.336239,-15.642421,-12.31213,-24.103624,-18.405983,-9.704135,-1.0335088,-12.658841,-13.82098,-12.693963,1.2457805,-10.880765,-10.873559,-4.0743666,-13.638128,-3.1534736,-8.556717,-6.366483,-5.601533,-10.016975,-12.4997425,-5.024048,1.3778591,-4.8876767,-1.6216458,-4.1263547,0.998386,2.4855666,0.1595676,-4.8875003,-3.9004064,-2.3513968,happy,Shubham,shubham_happy_002.wav
-162.4842,163.07768,-47.14137,26.45939,-7.3694706,-24.970196,-23.797855,-10.25421,-23.121664,-14.165081,-17.808567,-23.911129,-11.359672,-7.8343105,-3.2971647,-10.916258,-20.643744,-10.9273815,2.179354,-17.607422,-10.5976095,-1.7647922,-12.178599,-3.2725968,-5.476608,-6.5719037,-4.257618,-10.566068,-12.531395,-1.5546907,0.56305283,-2.7033029,-2.939817,-7.0212655,1.1158266,2.5119247,0.13405325,-5.131278,-5.2684336,-3.4745948,happy,Shubham,shubham_happy_003.wav
-195.83456,179.41698,-47.914852,21.77156,-0.10635545,-26.18159,-16.64974,-21.196287,-26.244223,-9.419743,-17.401617,-21.309189,-6.2739525,-10.214918,-10.737596,-16.002394,-12.934546,-8.218491,-8.484738,-17.145655,-14.322881,-5.4068193,-7.9925203,-4.4678297,-9.135776,-6.8318324,-5.623931,-4.1332417,-2.407616,-5.1906934,-3.6548138,-6.1186223,-1.3064224,-3.7545722,-2.4069786,-0.2929406,-5.85744,-6.0795336,-8.636753,-4.808969,happy,Shubham,Shubham_happy_004.wav
-182.35744,188.22867,-50.543983,19.940145,-1.8922038,-25.643097,-24.016354,-21.294184,-21.647339,-8.950294,-13.429475,-23.185122,-6.932765,-9.989319,-13.990965,-17.892426,-11.598117,-7.4300933,-10.228124,-15.365311,-16.54146,-6.941936,-7.260216,-5.997222,-9.0646515,-5.331889,-2.7831912,-4.326763,-0.76477534,-5.7810917,-5.38753,-6.382383,-5.709809,-3.8944693,-3.1425529,-0.6976654,-4.986452,-6.250938,-5.510659,-4.0728297,happy,Shubham,Shubham_happy_005.wav
-155.6422,177.60844,-49.15377,13.852479,-5.900669,-16.952446,-29.825954,-8.665122,-28.122168,-16.156298,-8.335924,-30.995813,-11.728497,-7.779024,-2.642911,-13.073396,-15.481889,-10.567071,-5.5843782,-10.455165,-15.730795,-6.8035417,-9.577693,-7.055032,-7.142857,-6.783332,-7.9634295,-6.4216275,-6.4381914,-5.429992,-2.6342845,-7.754532,-6.3177705,-6.5292263,-1.6788939,1.4978694,-1.2795821,-3.716497,-5.720171,-3.6730623,neutral,Shubham,shubham_neutral_001.wav
-133.00154,191.72266,-53.321568,13.480837,-7.359925,-16.890303,-29.800108,-11.84996,-24.381329,-14.560544,-9.381744,-28.337212,-13.056916,-6.3505106,-2.630126,-17.276566,-15.955228,-9.780673,-3.4197612,-8.408985,-11.819156,-5.981586,-11.724632,-4.471752,-7.8736362,-6.7070746,-6.204497,-9.531099,-7.850476,-6.0225983,-3.339567,-8.863986,-7.5445614,-5.923112,-1.7011821,2.7138586,-0.8666967,-2.7671833,-2.927165,-2.313168,neutral,Shubham,shubham_neutral_002.wav
-141.02887,191.87186,-47.13778,20.556303,-5.7704244,-21.95463,-27.644152,-10.490739,-26.3509,-18.104635,-11.929728,-25.258135,-10.548627,-11.26011,-4.1169252,-15.332659,-16.597082,-8.987064,-6.2916956,-10.789314,-11.786663,-3.6218092,-10.853525,-7.329062,-10.057372,-8.773884,-3.671818,-6.2214603,-4.2100644,-3.0055454,-2.289318,-5.48175,-5.2487464,-4.363714,-3.1650598,-2.2887664,-3.1795478,-2.8626497,-2.5347748,-0.84841806,neutral,Shubham,shubham_neutral_003.wav
-200.20454,196.658,-47.624622,17.14645,-6.156139,-17.501877,-16.37473,-17.06993,-25.685854,-19.571148,-13.626909,-20.304592,-8.22158,-11.608607,-13.213161,-15.472571,-11.79152,-5.4327517,-6.23519,-13.670999,-16.650263,-9.903579,-10.55941,-7.5457253,-8.58101,-7.8575172,-7.472953,-6.687407,-3.1592956,-2.9107344,-0.3820328,-6.375405,-8.289852,-5.367658,-2.0051591,0.7515215,-2.5833507,-4.8269234,-5.2914214,-3.6831055,neutral,Shubham,Shubham_neutral_004.wav
-190.06834,197.90837,-60.223885,19.740557,-13.759717,-18.605965,-19.835913,-17.832878,-24.48631,-17.15743,-9.80511,-20.347094,-9.063264,-12.965771,-12.819222,-15.555609,-12.449136,-7.860685,-6.989265,-11.2117815,-14.061945,-7.0239882,-8.322369,-7.434101,-9.356192,-7.359401,-6.222679,-6.151804,-3.8565812,-1.8537769,-0.8226738,-6.4548974,-6.7556596,-5.086423,-0.09843961,0.85717887,-4.3009906,-7.0516124,-7.2579494,-6.070388,neutral,Shubham,Shubham_neutral_005.wav
-161.16142,159.92068,-50.07118,20.384157,-4.8289056,-15.856613,-28.411285,-7.6941576,-21.442486,-15.266897,-11.366844,-28.965675,-15.919741,-4.8191724,-4.741323,-13.876024,-9.026599,-14.019385,-2.6525884,-6.3981776,-17.237978,-4.09614,-11.912243,-9.183363,-4.839129,-4.514387,-8.174852,-9.814756,-5.761359,-3.9783778,3.1198769,-2.9525585,-5.523332,-3.1937523,-1.3612084,0.12206037,-2.3166215,-4.50472,-5.7866483,-5.08383,sad,Shubham,shubham_sad_001.wav
-149.87286,169.4695,-43.577526,20.376194,-9.995973,-16.820093,-30.74977,-7.280727,-24.778343,-16.950033,-10.016448,-29.069138,-12.587358,-5.738245,-8.05401,-17.280489,-11.81301,-11.899565,-0.5571904,-9.762547,-16.214933,-1.919043,-13.34034,-10.935257,-8.16877,-6.6353545,-6.0771084,-4.291109,-2.9971447,-0.6493739,4.5035205,-1.267233,-2.2963853,-6.312111,-4.0366488,-1.7284722,-4.2621813,-5.4736977,-5.3184385,-4.2191586,sad,Shubham,shubham_sad_002.wav
-151.05215,165.72131,-48.529,24.051971,-3.8392503,-13.790566,-24.903107,-9.878809,-28.146759,-10.760629,-7.805143,-29.99056,-9.952966,-4.7806454,-6.082916,-14.660584,-16.98853,-7.6646423,0.21636412,-8.21084,-11.546286,-5.6009965,-9.263493,-9.306999,-7.820901,-5.3454766,-6.6949215,-10.155594,-7.5612416,0.0339224,0.46324676,-2.5242996,-1.6005901,-3.4225652,-0.8951266,-1.9705331,-1.144802,-5.2616944,-7.6286397,-4.6944604,sad,Shubham,shubham_sad_003.wav
-208.79568,194.28358,-45.917816,22.103125,1.9669656,-27.208298,-21.807938,-18.428635,-22.596695,-12.709596,-14.976728,-25.761433,-6.8063073,-7.3687334,-14.060566,-13.314237,-10.176493,-7.940561,-9.329884,-15.841759,-15.953334,-3.7690108,-6.856655,-10.186667,-7.892156,-6.8230433,-6.8808637,-6.8824677,-4.0164976,-3.6598103,-4.286916,-6.628597,-3.574978,-4.3354683,-6.438524,-2.1808636,-5.5322137,-9.227455,-7.892057,-4.484829,sad,Shubham,Shubham_sad_004.wav
-195.83931,194.01218,-38.767242,16.808237,1.895325,-21.15818,-22.577305,-21.648184,-20.820755,-15.41899,-14.447273,-23.879406,-7.2411995,-5.4729214,-15.186962,-12.885546,-11.9707155,-10.569528,-9.113477,-15.025926,-15.539474,-5.4187026,-6.7388096,-9.96278,-6.203421,-6.2261066,-9.027142,-5.2671742,-1.9823561,-4.190269,-3.7834442,-8.396391,-9.4559,-4.240792,-3.1656432,-1.0960109,-3.920793,-8.941988,-6.526085,-3.301766,sad,Shubham,Shubham_sad_005.wav
-175.7412,198.15529,-43.919067,19.564426,-2.0326414,-17.727934,-28.436972,-19.06914,-21.108532,-12.035613,-17.40677,-26.52596,-4.7861114,-9.327444,-15.86916,-21.545156,-10.408871,-4.7767253,-4.10155,-10.229107,-15.804096,-6.8483686,-10.201524,-5.036174,-7.38321,-7.5037937,-8.827598,-8.551156,-0.090098634,-3.82994,-1.6614043,-5.476527,-6.5082016,-5.3925543,-4.4956145,0.073983386,-3.9979355,-5.857393,-7.9971642,-6.1928806,surprised,Shubham,Shubham_surprised_001.wav
-177.02766,194.20387,-48.58298,23.526703,-5.4869614,-16.458662,-34.980602,-20.753988,-23.371944,-15.264313,-18.06643,-28.471354,-9.908776,-10.80378,-11.903081,-19.793379,-9.744448,-8.971538,-9.152723,-14.077088,-16.208649,-4.5411425,-8.791302,-3.3948758,-4.5739975,-4.09192,-6.337272,-7.311376,-1.9394053,-4.191792,-2.2655783,-6.3135033,-7.2348557,-6.837866,-4.910847,-1.1937853,-3.7650633,-6.8513455,-5.9200234,-3.1117308,surprised,Shubham,Shubham_surprised_002.wav
-195.9182,190.6896,-45.49442,14.708819,-3.6771946,-20.235355,-31.714924,-18.291265,-20.119177,-14.635479,-15.919061,-25.374714,-7.117081,-8.4859295,-11.815206,-20.663597,-10.145898,-4.824921,-9.045059,-11.107217,-13.758306,-5.187075,-9.077113,-3.183278,-5.854618,-9.779959,-5.701028,-7.1693134,-2.017106,-4.0360413,-2.9225752,-4.246396,-6.6865053,-6.6748743,-5.737662,-0.5415368,-6.444123,-7.099157,-5.61385,-6.444064,surprised,Shubham,Shubham_surprised_003.wav
-201.61993,182.6585,-36.972538,0.94413453,2.127006,-19.49838,-23.60804,-17.165089,-22.575453,-12.859049,-14.100835,-26.11768,-8.763803,-4.2362947,-18.06434,-20.254904,-7.027796,-9.004357,-11.249664,-12.921189,-14.225334,-5.1860533,-7.6873846,-8.006687,-6.108434,-5.415615,-6.6466703,-6.873372,-2.956695,-4.422269,-3.1594927,-4.000112,-7.0369177,-5.8557634,-3.5064068,-1.3059186,-1.6035669,-2.9381595,-1.2246158,1.2994581,surprised,Shubham,Shubham_surprised_004.wav
-157.5095,193.21767,-50.112953,12.807437,-0.1983693,-29.083551,-26.406652,-20.128819,-28.76339,-12.668588,-17.635736,-24.784458,-1.4249394,-6.7946506,-16.114685,-21.36181,-13.622396,-8.035056,-7.3812165,-11.5744505,-17.186481,-7.7168555,-10.035729,-8.613991,-4.834992,-7.0680323,-9.712918,-7.121519,-0.2030832,-1.9181353,0.14825219,-2.2406695,-4.4401474,-0.8167054,-2.0709336,-0.5654292,-1.7627457,-6.6417656,-2.8754282,-1.2527591,surprised,Shubham,Shubham_surprised_005.wav
-154.79152,149.6681,-35.366383,16.88728,-8.443383,-3.3612533,-48.973583,-13.456848,-27.710072,-29.384827,-11.460443,-23.090147,-17.885593,-11.7263365,-6.6718936,-6.462409,-12.082593,-5.765986,-5.1157846,-18.422785,-3.925744,-1.1902542,-7.483385,-5.614573,-9.599114,-8.378745,-12.815167,-5.8459277,-5.9468436,-4.707721,3.2585485,-1.7924917,8.124291,6.5700336,4.4784393,6.079116,2.4429975,-4.5806847,-0.5496733,-1.5858488,angry,Sukarman,Sukarman_angry_001.wav
-170.13297,141.33606,-27.658257,21.07497,-14.648679,9.797289,-53.66596,-17.033215,-11.34011,-24.091282,-27.532572,-17.916876,-7.5170445,-25.14242,7.181913,-17.714685,-16.011065,9.495884,-12.79825,-16.15412,-7.8413916,-5.678113,-8.395469,-6.506624,-11.208631,-4.538266,-5.03833,-1.6839132,-2.709831,-8.081384,1.4839095,-7.9550633,-4.3792977,-2.4293294,-2.8601928,0.5707913,0.16291551,2.8316462,6.3380823,5.5510597,angry,Sukarman,Sukarman_angry_002.wav
-163.55956,155.22073,-29.825989,17.44662,-28.601797,6.6675773,-40.66993,-33.741554,-12.800573,-12.510894,-16.4716,-17.120163,-9.669043,-16.393513,-4.234773,-6.639477,-15.239588,-3.8700333,-7.369354,-14.732141,-1.2899083,-8.206598,-10.848616,-5.721621,-13.85131,-4.5213895,-9.456904,-4.3355517,-0.2440696,-7.0367265,0.6853576,-3.982554,-2.2802396,-2.601002,-0.7013041,-1.5571548,-2.6381931,-4.7936153,-2.5116909,-1.3340374,angry,Sukarman,Sukarman_angry_003.wav
-153.24767,156.3172,-41.188732,12.511864,-6.897864,-17.940624,-45.0031,-9.018698,-16.81053,-23.23245,-3.013614,-19.508139,-20.405668,-13.925956,-5.8042464,-12.735425,-9.356408,-5.297622,-7.9812713,-8.330449,-8.265582,-2.6018493,-7.2015433,-9.974951,-11.29982,-9.714486,-9.0614195,-8.629161,-5.4933224,-4.409842,-1.3024836,-3.4745662,-1.840695,-1.3301576,0.1712641,4.0333734,2.8746603,4.1695285,5.474003,2.0367885,angry,Sukarman,Sukarman_angry_004.wav
-171.87492,142.53015,-25.974442,20.23943,-10.864357,4.5856085,-57.644497,-15.999701,-22.852213,-31.336535,-9.630246,-19.047426,-19.808475,-12.407275,-6.611092,-8.5038805,-5.6055512,-0.7699951,-6.741225,-14.8864,-5.5955334,-4.66039,-13.53155,-10.284508,-11.664765,-10.854367,-8.483474,-2.5230854,-4.5540247,-1.2565638,4.747398,-0.9294807,8.461467,8.084862,8.645598,-0.29075852,-2.4655695,-3.980708,2.9262927,3.0529087,angry,Sukarman,Sukarman_angry_005.wav
-210.42484,182.85153,-38.465794,14.125963,-1.5859225,-15.190655,-26.955366,-24.496105,-10.119984,-12.362756,-10.068249,-15.196576,-14.452115,-14.633821,-6.306763,-9.644327,-12.794303,-3.7135677,-10.480366,-7.821011,-3.189968,-4.417947,-4.753606,-8.760706,-10.732391,-9.689915,-8.425105,-7.8064294,-4.790786,-6.1999516,-4.508025,-1.7950374,-4.69596,-1.835099,-1.7859819,-4.2495875,-4.0774746,-4.275415,-1.9821789,0.053525746,calm,Sukarman,Sukarman_calm_001.wav
-243.61737,186.44989,-43.796055,20.40024,-2.6476858,-11.871502,-31.556463,-24.730886,-8.025017,-14.167012,-12.140321,-13.449034,-10.380252,-17.625614,-7.859342,-9.7917,-12.7267475,-5.275962,-10.05967,-5.3422656,-3.3007934,-3.2706888,-7.4114356,-11.2162285,-11.150467,-10.920689,-6.8358555,-5.559273,-4.3001447,-6.494722,-6.0665064,-3.4335823,-4.6280503,-1.879518,-1.7014204,-5.9283023,-5.1516466,-4.2054663,-4.28582,-1.8664371,calm,Sukarman,Sukarman_calm_002.wav
-224.55917,176.19327,-30.371428,15.516138,4.056171,-15.009824,-30.981348,-26.2406,-11.900585,-12.829071,-12.247406,-15.522494,-14.860516,-16.251684,-6.7105618,-10.619584,-12.905639,-3.9144876,-11.477241,-8.690449,-0.6895222,-3.231092,-8.820518,-10.627161,-12.428611,-12.498592,-7.4723554,-7.055447,-5.395849,-5.999115,-6.438319,-3.6202295,-4.427299,-2.607432,-3.68494,-5.0168934,-4.415665,-5.507966,-2.3981943,-0.12833522,calm,Sukarman,Sukarman_calm_003.wav
-225.94934,169.11505,-36.88579,28.35625,1.6137364,-22.130554,-29.197058,-21.120329,-16.896124,-3.5735044,-6.594185,-24.662544,-14.903697,-11.041371,-3.136908,-9.697203,-9.24929,-2.5877686,-9.388602,-5.4755,-4.9818254,-7.2370877,-6.840513,-10.359281,-13.164178,-9.482243,-9.550966,-6.910302,-2.6479318,-5.33753,-2.8228276,-4.6560807,-5.3364697,-2.3502817,-4.278899,-2.080514,-3.805966,-8.606667,-3.6275413,-1.6176466,calm,Sukarman,Sukarman_calm_004.wav
-244.39734,175.70206,-39.387825,8.097989,3.1019304,-7.7943244,-42.14308,-24.142717,-10.259752,-11.879785,-10.678829,-15.185051,-11.632183,-14.059981,-1.0874078,-9.506907,-13.952223,-0.7208985,-8.741902,-11.384945,-4.8605227,-3.0755234,-4.95519,-10.681743,-12.141676,-6.7157826,-8.602497,-7.7352285,-2.311737,-6.839663,-4.7555757,-3.1716435,-5.8130035,-2.2745707,-3.2791376,-4.392098,-3.0010223,-5.3425803,-2.2664943,-0.845718,calm,Sukarman,Sukarman_calm_005.wav
-222.71004,173.19008,-34.203197,10.935699,-7.79149,-12.679289,-24.811375,-23.79861,-23.073538,-4.2819843,-13.161245,-19.532808,-12.050129,-19.758522,-1.6819731,-10.196114,-13.399602,-2.3204253,-9.905452,-12.008646,-7.5636535,-3.404871,-7.3646955,-9.648666,-11.2382555,-6.320587,-6.8095264,-4.997632,-1.8475913,-5.8730316,-3.0884125,-4.6150947,-3.459717,-3.6869264,-3.1004126,-4.2957535,-4.913966,-4.6607943,-2.883437,-2.056498,disgust,Sukarman,Sukarman_disgust_001.wav
-208.9584,181.37885,-37.58314,9.494305,-10.31114,-8.969974,-27.89589,-28.96507,-17.2281,-4.4609585,-13.68656,-16.014616,-15.842003,-15.997327,-3.5871003,-10.570028,-11.201746,-5.286455,-9.691342,-11.50546,-4.1558743,-6.14935,-9.704296,-7.1615005,-12.863243,-6.1650043,-6.9714355,-6.1619425,-1.1336167,-8.594736,-4.249899,-3.8390436,-5.3276105,-4.3193502,-3.8337135,-5.567603,-5.1303053,-6.4205847,-2.043457,-0.6575847,disgust,Sukarman,Sukarman_disgust_002.wav
-211.66833,177.59029,-35.52799,10.3033695,-9.334359,-7.2113824,-32.209282,-29.102644,-15.92973,-5.6693997,-15.840351,-16.672682,-16.099731,-16.69411,-1.7199254,-13.637484,-10.554105,-6.6376386,-10.592315,-9.566541,-6.713702,-4.11088,-8.734697,-7.6705146,-12.965328,-6.1603627,-6.7134457,-6.8768992,-1.9159021,-8.701747,-1.8453627,-4.9345016,-6.623904,-3.5302823,-3.9625154,-4.035514,-5.475036,-6.0528665,-1.9686395,-4.171664,disgust,Sukarman,Sukarman_disgust_003.wav
-248.79198,182.80234,-38.698566,8.817092,-7.952013,-3.6143022,-40.6171,-21.574652,-17.646564,-11.829904,-9.026382,-23.72355,-15.311374,-15.742262,-2.3657396,-10.5367565,-13.039719,-4.4165483,-9.246305,-12.923324,-5.7961464,-3.3446991,-8.823208,-6.85712,-12.465913,-5.2494683,-8.9665165,-6.861195,-2.1946492,-9.1633,-1.866846,-7.0700746,-5.149679,-4.7717566,-4.971553,-4.0571947,-5.514171,-4.0805354,-4.882641,-2.4599411,disgust,Sukarman,Sukarman_disgust_004.wav
-221.7851,177.62581,-31.179321,1.3427373,-4.1318283,-7.110143,-35.468563,-28.4619,-12.111246,-10.171279,-12.737005,-19.433655,-17.627258,-14.289998,-0.78667796,-10.69208,-15.676937,-4.4331417,-8.321302,-11.308515,-6.147403,-5.3048644,-7.4627457,-9.743758,-10.008423,-5.140897,-7.176676,-5.082595,-4.8759184,-7.1116056,-2.5379725,-6.405752,-5.2877917,-2.9186335,-4.7391095,-4.4930167,-5.4920588,-5.536146,-2.9297867,-1.9934828,disgust,Sukarman,Sukarman_disgust_005.wav
-192.59267,195.87897,-47.696163,19.857086,-7.426594,-13.621832,-28.561424,-24.975664,-12.00271,-13.256866,-9.629609,-20.95024,-15.853603,-15.040968,-6.050555,-10.842471,-13.252545,-2.9324484,-10.21859,-9.765529,-8.541882,-6.0921617,-5.2604103,-8.180454,-8.810048,-8.0977745,-7.9722347,-7.2487283,-2.7823691,-5.0745354,-5.0430627,-4.2614913,-5.176776,-2.0437238,-2.398677,-2.6941907,-2.0189583,-3.6173677,-1.7091569,0.4591439,fearful,Sukarman,Sukarman_fearful_001.wav
-200.07602,189.33406,-42.913284,21.690905,-3.7194288,-14.5067625,-29.616371,-24.389235,-14.160075,-16.258097,-8.603035,-18.991772,-15.673372,-15.6184025,-5.446661,-10.1716585,-16.488333,-3.4830093,-10.012365,-10.313606,-6.7491903,-6.199566,-5.5640454,-8.844322,-10.826275,-9.391187,-8.862526,-8.276396,-4.7331553,-8.026014,-6.5935535,-4.558324,-5.6833596,-1.790168,-1.4185711,-2.8102348,-2.9459622,-3.086608,-2.837192,-0.5154138,fearful,Sukarman,Sukarman_fearful_002.wav
-191.09158,194.9485,-42.245705,18.600073,-0.8445933,-16.452007,-25.894188,-27.315462,-13.563813,-12.219858,-9.52176,-17.17083,-16.042496,-15.31435,-6.9652867,-9.873996,-12.368403,-2.5033903,-9.502396,-7.668774,-4.5158596,-5.329262,-4.860748,-8.997127,-9.566872,-8.834401,-8.775919,-7.694979,-4.2637677,-5.871594,-6.6126504,-5.305662,-5.44787,-2.0115771,-2.7477207,-3.2799242,-1.7933397,-2.994469,-1.7141703,-0.2879585,fearful,Sukarman,Sukarman_fearful_003.wav
-220.16283,184.62279,-45.75352,19.512455,-3.5471287,-17.578829,-27.679276,-24.667423,-12.480442,-10.544434,-8.911004,-17.407715,-14.875693,-15.308687,-4.3872724,-9.595825,-13.636692,-3.6111882,-10.479057,-10.128195,-6.1861753,-4.241782,-4.900821,-9.626726,-11.159962,-8.4796295,-10.579486,-9.524735,-3.5775127,-8.615778,-6.7927914,-5.2224283,-7.611475,-2.3577871,-3.4376595,-4.564769,-2.69941,-3.2347283,-1.682866,-0.7273529,fearful,Sukarman,Sukarman_fearful_004.wav
-214.69565,181.9934,-38.632015,23.286655,-7.8536725,-14.790778,-23.50337,-31.290466,-15.213798,-7.1176147,-13.932978,-19.332396,-17.219362,-15.6126795,-7.6596875,-9.077596,-10.677108,-6.792465,-10.567284,-9.998493,-3.3745756,-7.7560143,-9.451067,-8.776239,-10.201765,-8.79129,-10.678593,-5.0572324,-3.534467,-6.299229,-4.3258,-5.2615414,-5.1038566,-4.1022067,-3.0980713,-5.8146014,-5.278224,-5.3295465,-4.5182223,-1.852207,fearful,Sukarman,Sukarman_fearful_005.wav
-228.67818,179.46762,-32.19764,7.3626156,-7.121259,-20.92708,-19.134018,-30.23856,-21.04968,-7.2440405,-18.367744,-15.857608,-10.754332,-13.707523,-2.6841605,-11.254542,-12.030787,-1.2306118,-10.826812,-10.505859,-1.7201014,-4.7034097,-6.862588,-9.670842,-12.12807,-8.252817,-8.835773,-7.369793,-3.0518088,-6.5765176,-5.0006332,-1.0076569,-3.6390057,-3.1315825,-4.2128134,-6.350289,-4.6455145,-7.2978888,-5.7504153,-2.2650084,happy,Sukarman,Sukarman_happy_001.wav
-172.60204,180.59993,-38.883026,10.374687,-16.745296,7.5199738,-35.73709,-30.618002,-19.04207,-15.963098,-10.895092,-18.676691,-8.639942,-14.660438,2.9393363,-6.7377687,-14.524865,0.75185156,-8.9651,-15.587248,-4.3059273,-4.446761,-10.122254,-5.2376423,-13.494678,-9.963289,-8.348764,-7.7117176,-2.1958103,-7.781145,-3.9052193,-3.2381992,-5.9366717,-6.216071,-5.7715945,-7.829948,-5.6587625,-6.29771,-8.35834,-3.4090033,happy,Sukarman,Sukarman_happy_002.wav
-219.58525,186.96489,-41.141136,2.6823742,6.335852,-14.574405,-30.821558,-30.021374,-20.195902,-18.179783,-13.804285,-8.992104,-11.111786,-13.9994335,-2.1915534,-6.7788553,-11.475652,-1.7527729,-7.3777237,-13.990021,-4.4346733,-2.516313,-7.251212,-9.685696,-13.685107,-8.923785,-5.7809143,-5.499727,-4.145632,-5.238271,-5.2521377,-2.7786698,-3.2127862,-6.4575357,-4.5283465,-5.9503837,-6.2324724,-5.335845,-7.0985518,-3.9560437,happy,Sukarman,Sukarman_happy_003.wav
-234.69614,153.99858,-22.135082,17.758858,-1.7917374,-20.18507,-26.906965,-17.998016,-23.55826,-13.224116,-12.422415,-21.190193,-18.255564,-16.80672,-6.64356,-9.550953,-6.9565587,-2.7079523,-10.546555,-12.838773,-4.992454,-6.591617,-8.127625,-9.0155525,-15.858567,-8.826811,-7.105623,-6.2749786,-1.2095674,-1.9842553,-1.3354807,0.28494376,-1.0051736,-2.6653266,-1.8252864,-3.9848115,-1.3065134,-3.5639107,-2.4419029,0.5921987,happy,Sukarman,Sukarman_happy_004.wav
-200.34229,155.84357,-33.91669,23.008024,-1.068277,-14.997355,-31.659805,-17.268595,-24.960669,-19.391998,-14.46186,-24.809412,-11.412671,-19.871454,-4.8300967,-4.5784388,-12.539426,3.9124668,-8.901174,-16.271303,-1.4385486,-8.964541,-13.010243,-10.750045,-17.305082,-7.34358,-7.1532483,-7.1675687,3.2736073,3.8083858,4.615971,5.2728047,2.3655984,-0.58987784,0.7782213,-0.7795145,1.5352507,2.7628155,-2.7890027,-0.9910144,happy,Sukarman,Sukarman_happy_005.wav
-196.06958,181.70274,-51.768646,26.707638,-4.5129175,-21.775919,-26.283224,-13.832343,-17.041908,-14.394461,-8.020625,-14.471747,-14.534243,-19.981178,-7.858769,-10.6313715,-15.844356,-11.584532,-8.2034645,-12.016413,-8.634391,0.03338656,-8.641765,-5.244408,-6.397295,-9.750323,-4.6784577,-6.3977933,-3.8162036,-0.9600117,-2.4511144,-3.6749587,0.47801417,-1.9043521,-3.445802,-0.9406139,-5.6792493,-3.9141061,-1.4608362,-4.3089366,neutral,Sukarman,Sukarman_neutral_001.wav
-222.42131,182.92758,-42.548367,15.92029,-10.51834,-13.894409,-29.000414,-22.414919,-15.603645,-12.298539,-4.1093273,-13.708005,-11.685618,-19.415003,-6.4717593,-4.431712,-14.340058,-3.5621722,-7.8837357,-12.316515,-5.2442718,-6.1571045,-9.856277,-8.795876,-10.484545,-8.878721,-4.9607205,-6.5136127,-5.7304187,-5.134513,-6.5949993,-6.582784,-5.723903,-4.6327505,-4.5683174,-4.636141,-3.6261265,-4.0040927,-4.344371,-2.670035,neutral,Sukarman,Sukarman_neutral_002.wav
-236.3779,184.12233,-43.20307,9.983894,-2.621364,-22.089718,-22.102888,-21.73534,-18.484726,-16.879425,-6.609547,-13.752612,-16.430836,-16.847116,-8.25603,-6.1690316,-15.688686,-4.153243,-4.7741394,-9.048026,-2.9121656,-7.1119924,-8.83668,-9.688775,-11.716795,-9.021106,-6.3958225,-4.1529856,-5.215534,-5.4072456,-1.7439517,-3.2952917,-4.232625,-1.5549595,-3.3093536,-4.9529934,-5.034826,-6.278199,-5.726805,-3.8670268,neutral,Sukarman,Sukarman_neutral_003.wav
-239.4414,201.09598,-46.923695,7.0650606,9.750517,-13.730451,-31.222376,-30.253626,-12.970911,-15.080487,-13.394702,-10.472245,-15.347623,-19.39714,-6.9627633,-7.8506494,-12.874263,-3.4130852,-8.81354,-13.395284,-5.4961963,-4.3975577,-8.373022,-12.330256,-13.947393,-7.7414246,-8.292564,-8.513784,-2.9386296,-6.276522,-3.4118667,0.054603778,-4.0506277,-4.263993,-4.220781,-4.3883004,-4.77378,-6.92426,-6.402919,-3.9477952,neutral,Sukarman,Sukarman_neutral_004.wav
-213.4072,183.70721,-37.993195,9.460677,3.469558,-16.709612,-28.22782,-28.121819,-9.956954,-9.267465,-10.563228,-12.849919,-15.588869,-14.867239,-6.736719,-11.09306,-15.185833,-7.300927,-10.821352,-11.256639,-6.4517117,-5.416984,-5.960584,-10.935718,-11.422331,-6.580901,-6.0280175,-4.4823227,-2.2059863,-5.532102,-4.8588977,-2.4165454,-2.5743582,-0.07127807,-2.502511,-5.0237546,-3.1890879,-4.7428956,-3.8721378,-1.7402085,neutral,Sukarman,Sukarman_neutral_005.wav
-236.39328,180.55486,-37.847927,24.532536,-5.1947665,-16.376547,-21.834238,-23.113283,-16.947992,-11.017932,-8.141521,-17.870071,-15.015745,-16.46336,-7.4785323,-8.477516,-13.614518,-4.5798163,-9.374477,-11.814406,-6.5406837,-5.685541,-7.8156257,-11.118967,-14.183327,-12.50825,-8.280803,-5.9237027,-4.1841383,-6.7543583,-4.1056867,-3.525674,-5.4367313,-2.5706303,-4.2896714,-4.0737386,-3.9853337,-4.580021,-2.3965166,-1.1883954,sad,Sukarman,Sukarman_sad_001.wav
-227.89853,184.6532,-41.649498,19.603378,11.584463,-13.852389,-29.722898,-25.004965,-13.144352,-10.966607,-10.898237,-15.707141,-16.807331,-17.570976,-5.0790257,-5.2957997,-12.034374,-7.4539866,-9.236997,-10.594834,-5.5142336,-5.8177123,-8.83507,-9.02528,-10.401141,-9.202117,-6.9390903,-4.9378295,-3.7645354,-6.7939944,-5.6435,-2.4588757,-3.6180143,-2.130102,-4.0405917,-6.158382,-4.556382,-6.145889,-3.7820027,-2.1905277,sad,Sukarman,Sukarman_sad_002.wav
-221.3969,179.88393,-32.581623,9.877637,19.96006,-16.987103,-32.44713,-24.457813,-15.943626,-14.8184185,-12.656215,-15.203208,-16.86288,-15.942864,-4.976852,-5.3436623,-12.688315,-6.5583787,-9.880436,-11.752302,-5.0088778,-6.055035,-6.084346,-7.9967947,-10.206104,-7.903466,-7.4654784,-4.5803256,-2.3767502,-4.6158614,-5.277688,-2.0181537,-2.0406864,-3.1378403,-2.8585632,-4.086701,-2.447289,-4.16094,-4.9081054,-1.4325111,sad,Sukarman,Sukarman_sad_003.wav
-251.02008,176.58548,-30.958073,8.442871,-10.09789,-15.159029,-29.914331,-21.273176,-16.885134,-13.181069,-11.307438,-13.528827,-10.448354,-15.280451,-4.485498,-9.286973,-12.061166,-5.4501295,-10.940837,-11.854094,-4.972762,-3.9324493,-5.3811574,-8.5831995,-11.1819725,-6.950907,-8.845462,-4.6537127,-4.079699,-9.23795,-6.1120787,-5.484497,-4.6368957,-3.5235124,-3.6307998,-5.502882,-3.1934226,-5.1448345,-5.014771,-0.6624311,sad,Sukarman,Sukarman_sad_004.wav
-194.02432,192.73428,-39.687237,9.142071,-2.5008953,-13.259537,-33.505066,-19.560396,-19.241873,-15.599269,-12.327285,-16.610628,-13.146335,-14.56933,-2.2915528,-12.56923,-15.856631,-3.7667217,-8.797181,-14.349655,-8.423261,-3.369422,-3.9481485,-4.016503,-8.595574,-4.2478395,-5.647603,-7.5746202,-1.6505346,-6.539469,-6.808493,-5.474847,-5.4538527,-4.6627774,-4.1382484,-6.034992,-5.831615,-4.9187307,-4.214845,-2.744612,sad,Sukarman,Sukarman_sad_005.wav
-207.57573,172.76982,-32.156643,10.2492695,3.4543188,-10.679622,-32.135017,-15.386357,-27.554214,-10.097257,-11.555385,-22.629648,-10.522126,-25.355597,-5.5785165,-4.239796,-13.101254,-5.0410824,-4.7871137,-7.8982787,-7.730621,-5.6403155,-10.009232,-7.9812393,-12.111157,-8.04198,-4.3373885,-8.3488655,-4.0046716,-5.1820583,-4.090162,-4.428086,-5.875112,-3.6158879,-5.242422,-7.109934,-5.7672524,-6.3551674,-3.9107025,-3.9265435,surprised,Sukarman,Sukarman_surprised_001.wav
-209.76233,184.63455,-33.076515,11.023502,5.862076,-16.969793,-29.719997,-24.30371,-14.6276245,-12.174783,-15.044187,-17.910011,-16.469738,-18.837671,-7.135633,-8.845556,-12.507651,-4.8934507,-6.796005,-9.4497385,-7.055953,-5.3557835,-7.46163,-10.964455,-10.055058,-6.2773514,-9.178762,-7.1277184,-3.947585,-6.2352786,-4.227605,-4.475831,-4.8408194,-2.3842604,-3.2853613,-5.6079707,-5.385032,-6.0757174,-5.6644216,-3.4972532,surprised,Sukarman,Sukarman_surprised_002.wav
-223.29224,179.02892,-29.772013,15.299956,5.9380007,-14.844582,-30.189817,-22.972017,-15.144832,-9.01572,-14.466293,-19.695778,-15.785572,-18.375261,-6.431974,-7.07829,-11.958165,-4.438848,-8.634261,-11.794943,-5.071871,-3.6819649,-6.0129833,-7.0782638,-8.807507,-7.825815,-9.189846,-7.2865434,-3.6663644,-6.192598,-6.131593,-5.087966,-4.7512774,-3.9781415,-3.4950907,-5.367468,-3.6530528,-5.3146734,-5.628672,-2.8586347,surprised,Sukarman,Sukarman_surprised_003.wav
-233.7546,181.0051,-20.569653,6.418903,11.464887,-13.800794,-31.266134,-26.196226,-18.189371,-9.901946,-15.015565,-18.80851,-18.79184,-18.699623,-4.2720313,-11.717675,-14.397104,-6.0381575,-7.5073905,-9.67878,-6.521308,-4.291699,-7.672963,-10.292168,-10.703853,-5.929201,-9.243916,-6.4715347,-2.2123215,-8.038546,-4.7656713,-4.406906,-6.498183,-4.1977487,-3.6340635,-5.9717097,-6.845399,-5.2055006,-3.9413989,-1.4162631,surprised,Sukarman,Sukarman_surprised_004.wav
-249.5146,182.05415,-28.250637,12.601188,11.03999,-16.636816,-27.312971,-25.121124,-18.30135,-12.2271,-14.848585,-19.062712,-18.752483,-18.570387,-5.50673,-8.78009,-13.863198,-6.6643643,-7.800144,-9.583284,-5.588305,-4.061695,-8.563662,-11.421762,-10.440889,-7.070637,-7.9673324,-7.966073,-4.8555145,-5.092268,-5.652756,-5.92369,-5.396452,-4.258125,-4.240785,-6.0055313,-6.3318157,-7.368715,-6.6781197,-1.9076471,surprised,Sukarman,Sukarman_surprised_005.wav
-234.013,159.43962,-40.529194,23.366394,-11.288458,-27.081385,-22.814339,-18.46702,-21.577736,-30.221788,-12.76942,-6.3522167,-26.018698,-9.574354,-1.8727607,-31.689266,-6.6048603,-6.612299,-19.944328,-5.9937115,-17.59761,-13.322486,-2.4776027,5.9229746,8.133864,1.8944665,0.70803416,-4.6591372,-1.9859468,2.1148822,1.9965829,-0.13048808,-4.766755,-7.5023627,-3.1041813,3.944525,-1.9356016,-10.765735,-10.244093,-3.7562773,angry,Sukhman,Sukhman_angry_001.wav
-228.142,151.07788,-33.183754,23.197504,-16.305363,-28.362984,-27.51252,-13.95311,-13.827631,-23.373476,-10.616468,-10.542179,-28.245752,-9.16982,-2.156089,-29.799398,-5.7220464,-7.751889,-17.370953,-5.235658,-14.987953,-11.741927,-3.1325653,8.5660305,6.8323774,0.6856898,1.7434149,-2.9998124,-1.9190689,-1.8156666,-1.4082277,-1.7467656,-1.8649496,-2.8718984,-2.297261,1.518064,-2.048243,-7.011365,-7.7374735,-6.524099,angry,Sukhman,Sukhman_angry_002.wav
-226.19731,174.45718,-51.246483,-4.073589,-16.147663,-16.839556,-23.960142,-18.061619,-11.198157,-16.857094,-15.9607935,-22.975931,-22.482681,-5.4472523,-6.7051554,-17.523022,-1.5191194,-7.2797904,-19.734972,-11.311827,-13.633203,-10.258512,-1.2807107,1.9682367,3.915866,0.7592446,-3.2668402,-4.6476235,-1.7906301,2.5743942,2.8838413,1.35349,-4.196874,-8.164711,-5.359659,-3.8677404,-2.7616236,-6.2657833,-4.7051687,-3.5163105,angry,Sukhman,Sukhman_angry_003.wav
-247.65767,160.6902,-30.497782,-7.881621,-1.683048,-22.95162,-24.074839,-6.732816,-13.177301,-17.280397,-12.014787,-21.906414,-24.76036,-8.915118,-13.71961,-19.200598,2.424144,-2.5240774,-8.012054,-5.372837,-13.975822,-13.965561,-8.251386,-3.390798,-4.5281982,-0.5849442,4.1364717,4.8543124,0.91977155,-2.494318,-2.5142605,-7.0681243,-7.9594307,-7.646916,-2.6055012,3.9187508,1.0131047,-7.2410574,-6.035565,-0.63306946,angry,Sukhman,Sukhman_angry_004.wav
-218.86815,175.08716,-42.520718,24.727087,-8.146106,-22.033031,-6.8845906,-10.424193,-24.544353,-22.626722,-10.368394,-15.007533,-21.446726,-4.8343616,-15.039518,-31.712446,-8.200964,-7.6509113,-3.8662555,-5.8445,-17.639568,-9.107193,-2.9350808,2.3214056,-3.0669065,-6.2638264,-6.151379,-5.5927863,-5.6509557,-4.597685,-1.4862252,-8.011602,-9.363444,-6.4432764,-1.4601867,-2.135847,-4.6367946,-5.09563,-3.6261623,-1.1963992,angry,Sukhman,Sukhman_angry_005.wav
-227.56564,195.79059,-43.258793,4.9532404,-17.296377,-15.86411,-19.553413,-13.039344,-12.912499,-17.034256,-8.910586,-22.325455,-24.465794,-10.730812,-9.226419,-21.66829,-9.279339,-5.8446727,-8.670066,-2.6169505,-10.833881,-6.8895993,-1.0330924,-3.2904117,-10.077016,-12.099905,-4.286312,-3.892659,-1.5058495,0.8251777,0.14277555,-1.1000232,-4.8737674,-3.286356,0.42202452,2.2638981,-2.8072774,-8.788728,-7.510094,-4.8614964,calm,Sukhman,Sukhman_calm_001.wav
-193.70003,191.51648,-47.91736,3.0822272,-14.358893,-16.18724,-19.170708,-12.91686,-16.470322,-24.839075,-12.827262,-17.267988,-17.436829,-7.934331,-15.639017,-23.215221,-8.649502,-3.3944342,-5.280989,-4.1303926,-12.966572,-13.621997,-6.1675606,-4.5998363,-8.211779,-10.72945,-5.5107718,-4.4745183,-2.9497955,1.7953231,3.169374,0.9823465,-2.8975422,-1.6225967,1.054506,2.6126842,0.5166203,-4.8573146,-5.937613,-5.765234,calm,Sukhman,Sukhman_calm_002.wav
-185.37016,188.94627,-51.00871,8.921136,-19.463175,-16.824636,-15.352647,-10.883355,-13.788286,-21.393795,-11.548637,-20.133335,-23.251328,-10.616391,-9.387311,-24.304796,-8.238591,-3.0538821,-12.153051,-5.624951,-16.30556,-15.921089,-5.6991825,-2.4762304,-0.12362228,-0.9761924,-0.78449786,-1.8525131,-0.9056491,-2.4828498,-2.029651,-2.1789472,-3.133626,0.7976165,0.9201455,1.3970276,-1.3915058,-6.4038806,-6.8293743,-5.172688,calm,Sukhman,Sukhman_calm_003.wav
-200.91656,175.60239,-46.62811,8.413977,-17.172768,-15.310779,-21.095427,-17.486351,-16.439835,-15.096242,-12.488624,-19.103127,-23.115044,-11.313693,-5.894196,-21.542488,-8.940175,-2.3302517,-11.723236,-9.22276,-13.308761,-11.294152,-4.3293953,-3.4346387,-4.6031876,-6.9718513,-1.4669908,-0.92593384,-2.884164,-1.7882556,-3.697019,-2.7127464,-3.2957544,-1.5193177,3.1139834,1.5647635,-2.1513407,-10.507773,-6.48284,-1.0125524,calm,Sukhman,Sukhman_calm_004.wav
-192.19537,176.91151,-40.211906,15.2968645,-11.698902,-19.412537,-16.814167,-14.703499,-17.214792,-20.07595,-9.5516615,-20.586664,-25.707354,-7.8719172,-7.670538,-24.594288,-11.1044035,-7.880378,-15.216729,-7.673395,-11.638323,-12.384231,-5.957356,-2.120865,-4.4976377,-3.8784175,-0.6618689,0.58432144,4.392555,0.7950496,-2.6702986,-5.29574,-3.5695732,-0.8127872,-2.4982052,-0.29464152,-5.6288595,-9.824379,-4.8063273,-3.5654662,calm,Sukhman,Sukhman_calm_005.wav
-240.80305,169.62071,-25.69684,5.345159,-1.8064837,-22.087069,-24.582651,-18.820787,-22.406067,-15.10284,-10.630682,-25.01147,-18.778719,-0.38270405,-8.232741,-18.138704,-8.118734,-9.29088,-9.30072,-6.8164697,-12.376921,-11.766734,-1.2196105,-0.41024277,-5.4463177,-3.6236975,-6.142298,-0.40605545,3.2022247,3.5056257,2.6578727,-7.6370034,-7.780803,-3.7417388,-3.6489213,-2.9220033,-2.9217584,-5.81598,-3.3725123,-1.390789,disgust,Sukhman,Sukhman_disgust_001.wav
-232.86101,160.45082,-25.494244,18.018953,-9.828858,-21.722082,-21.961185,-10.1828165,-22.582565,-21.97512,-8.923799,-21.751165,-21.035723,0.7382236,-7.6482,-23.252464,-11.591558,-8.348353,-9.877893,-11.437049,-11.570704,-15.615166,-5.269714,3.6508286,-4.465834,-1.3517084,-2.3712113,2.0199456,2.3627813,-1.6949868,0.5662341,-5.235306,-6.8800063,-6.0800586,-1.9693131,-0.20413451,-0.9255534,-4.9586973,-5.0036893,-3.1706495,disgust,Sukhman,Sukhman_disgust_002.wav
-190.03328,165.39108,-40.8537,27.063406,-9.571738,-19.633951,-27.715754,-12.281079,-19.375456,-23.147661,-6.3728733,-26.732475,-25.634508,1.0995288,-12.142125,-21.706263,-8.517376,-10.260538,-3.498471,-0.20892136,-0.1531391,-1.5426631,-1.7361283,-4.1285176,-10.808912,-9.648137,-12.035111,-2.6849294,0.16674517,-4.621077,-4.5150414,-9.156876,-7.145752,-4.0510607,-1.6069603,-2.6796575,-2.498333,-6.324437,-5.8260765,-0.3090321,disgust,Sukhman,Sukhman_disgust_003.wav
-221.16922,166.45723,-26.869043,12.893968,-9.282228,-15.716864,-24.567024,-11.837902,-23.25627,-14.414001,-5.191739,-24.95232,-20.964787,1.1021856,-9.144149,-24.141443,-11.585462,-15.692389,-11.865249,-9.399514,-13.335024,-10.409404,-2.006744,0.12630364,-6.547439,0.31744087,-1.4904367,3.6386337,4.49444,-2.9628928,1.437465,-6.191171,-8.577813,-5.9404807,-2.899648,0.89113027,0.11536015,-6.0678854,-7.3113008,-3.470117,disgust,Sukhman,Sukhman_disgust_004.wav
-206.87561,162.61302,-29.400196,17.82903,-11.241374,-19.57656,-29.542433,-12.235465,-22.431269,-13.989654,-4.432296,-24.58822,-22.205873,1.6954064,-9.214708,-22.769278,-9.122374,-15.666326,-9.384655,-7.9049277,-13.377382,-9.942733,-4.455918,0.14580132,-5.502505,-2.5180433,0.41008162,6.607721,5.645513,-4.630779,-4.6213326,-8.366719,-9.111982,-5.2132506,-0.90190405,-0.7111717,-1.8848327,-7.1582074,-5.0330043,-1.5539249,disgust,Sukhman,Sukhman_disgust_005.wav
-193.38011,177.46863,-46.45013,11.736237,-16.676975,-14.91137,-16.556887,-17.864517,-23.501856,-22.618673,-9.368342,-25.426916,-14.811279,3.2801259,-16.081587,-23.217985,-13.290682,-8.115609,-7.1833425,-12.175005,-5.26158,-5.9517016,-6.110213,5.2618046,-1.4109113,-6.4336104,-4.4905033,-3.523225,0.9896931,2.0197194,-0.61158395,-5.164366,-7.3733425,-4.675837,-2.1232953,-2.2991548,-0.9535635,-6.4241276,-6.811051,-3.2885783,fearful,Sukhman,Sukhman_fearful_001.wav
-219.15234,160.73174,-27.988222,19.314894,-10.459541,-16.001938,-17.206028,-13.159036,-20.686172,-20.436346,-11.519724,-23.59227,-20.172632,-2.0186005,-11.378451,-23.882719,-9.625433,-11.730219,-12.670077,-10.172603,-10.753812,-10.648363,-3.1621923,8.078474,-1.8737991,-2.8984444,-1.2532061,-0.83753145,3.393789,0.4766684,1.3519214,-1.6939808,-5.4722095,-3.7210276,-0.34801054,-0.4618376,-2.910301,-7.7100635,-9.262157,-3.9623423,fearful,Sukhman,Sukhman_fearful_002.wav
-210.97186,177.55745,-36.754013,17.239805,-7.3121314,-16.118668,-20.878433,-16.466381,-14.515658,-17.403944,-8.428284,-26.357988,-24.82601,-6.8368573,-14.759225,-19.345655,-4.856837,-4.8452783,-10.552851,-13.832424,-13.185988,-8.2533865,-5.2625356,1.6406474,-2.910241,-6.9711103,-0.6010733,3.2372038,-0.28389585,-0.7518484,4.311284,0.35770684,-2.2165375,-2.9395516,-4.7846003,-3.5232856,-5.3612413,-7.2070327,-5.694776,-2.9689593,fearful,Sukhman,Sukhman_fearful_003.wav
-170.99126,180.38539,-40.577442,14.717742,-8.127929,-16.369354,-21.002005,-15.705313,-21.39307,-14.081947,-13.367933,-25.607756,-21.230682,-1.8723103,-4.795048,-18.417532,-8.885936,-10.263598,-15.96949,-13.378581,-11.262874,-10.728547,-5.957489,-2.7155726,-5.0973806,-2.8303642,-3.7760081,-1.116559,1.9351162,0.4090021,2.8327885,-1.3665397,-3.3464408,-1.3476541,-0.18572706,-0.8510316,-1.2780757,-7.7682962,-5.8806577,-3.5750303,fearful,Sukhman,Sukhman_fearful_004.wav
-186.87044,174.81288,-35.175495,14.01293,-11.847099,-19.790874,-23.120575,-16.125488,-22.289825,-12.985098,-6.9171224,-25.186733,-19.320417,-4.899319,-14.303654,-19.181622,-8.836622,-7.2083664,-6.7175374,-9.201013,-12.114193,-13.271832,-5.6582527,0.38689965,-3.7602322,-3.448668,-3.9870472,1.2468543,-0.97684944,-2.7255044,-0.14821649,-6.469,-3.2957919,-3.6549451,-2.7282915,0.0890344,-1.7110444,-8.2267685,-6.423977,-3.475113,fearful,Sukhman,Sukhman_fearful_005.wav
-214.63844,157.28023,-39.064693,20.946589,-7.235269,-25.594995,-23.118217,-11.36749,-18.258936,-24.204622,-7.5768476,-27.92519,-22.981813,1.6976044,-8.395715,-14.04479,-11.338799,-9.885365,-0.7588007,-6.311562,-11.816792,-2.5448804,0.020478249,-3.0049722,2.097211,0.67079777,-6.7976394,0.18642989,1.364326,-2.885312,-2.01898,-3.4063718,-6.6506405,-5.146762,-1.8725697,-6.113905,-7.469444,-8.075412,-7.3852315,-4.12005,happy,Sukhman,Sukhman_happy_001.wav
-197.32361,174.68321,-42.109962,11.633676,-2.4763274,-16.138214,-14.7692995,-13.629509,-11.507219,-16.012012,-16.54467,-17.212198,-19.650562,-9.598349,-0.0377452,-18.099003,-20.657362,-9.554054,-3.2531934,-3.308257,-10.223533,-4.134562,-1.7463078,-7.1093645,-5.445854,-3.2746015,-4.508147,-4.8326273,-1.8932693,-1.178964,-3.6640666,-5.527633,-7.6323624,-6.8814425,-4.298863,-6.665124,-10.099898,-8.366364,-6.1460295,-6.962951,happy,Sukhman,Sukhman_happy_002.wav
-184.58018,160.70065,-33.771793,14.572087,-3.227992,-9.1432085,-16.434626,-17.87461,-8.38928,-8.791495,-21.03102,-20.41452,-17.940998,-12.640278,3.3594244,-15.921603,-23.20528,-12.781308,-11.0258045,-4.5086937,-13.899699,-10.010534,2.3556535,-5.85702,-1.2203193,2.39236,0.45362335,2.4298542,-1.2276068,-0.84014624,-4.6924715,-6.1158686,-1.8749226,-5.059362,-6.113133,-6.455979,-11.851843,-10.999593,-6.002108,-10.448688,happy,Sukhman,Sukhman_happy_003.wav
-180.11765,152.12775,-41.469166,25.72963,1.4002166,-23.833448,-20.834843,-18.470255,-7.7210917,-6.955156,-26.245628,-21.876057,-13.691464,-11.239428,-3.2746716,-11.469295,-13.403384,-5.849833,-2.0288286,-0.8104446,-7.965458,-9.656371,0.040714446,-7.020667,-8.964952,-2.4185214,-8.33755,-8.58302,-8.797078,-6.458091,-5.9430323,-9.822813,-1.8961962,0.159147,-5.0551124,-1.8420265,0.87699044,-6.373761,-7.826638,-9.762684,happy,Sukhman,Sukhman_happy_004.wav
-183.47528,184.30469,-46.237537,14.964865,-6.10628,-13.65014,-18.089523,-10.115477,-7.944248,-7.3221917,-14.936449,-20.574118,-13.584857,-8.765654,-1.5096668,-15.557295,-18.607487,-7.6508007,-6.003898,-6.069801,-9.151259,-7.356423,-1.0128534,-4.33075,-4.6909966,0.5156402,-3.7489953,-6.3231688,-7.5619216,-5.342836,-4.632228,-7.1273975,-2.478938,-5.081256,-6.587932,-4.90551,-5.3057294,-7.805791,-6.2483807,-6.797056,happy,Sukhman,Sukhman_happy_005.wav
-191.42152,179.21796,-37.88246,16.568993,-3.983851,-16.20293,-17.895008,-16.78867,-18.590652,-24.915102,-8.790597,-16.2139,-21.553446,-4.162707,-9.360649,-21.651558,-6.5308332,-5.790651,-12.283846,-7.0092893,-14.454597,-12.536972,-4.0753717,-3.0530548,-4.3801312,-7.710315,-4.117081,-4.396751,-2.4290621,4.2612896,2.111071,-1.7631843,-5.457062,-4.756011,-0.42192376,1.3029306,-2.1385927,-8.157236,-7.1309257,-2.3395023,neutral,Sukhman,Sukhman_neutral_001.wav
-212.62544,173.14319,-37.76131,16.14118,-13.139237,-15.284481,-17.466726,-18.726013,-14.847672,-23.972307,-9.914053,-15.581216,-22.199465,-2.3384717,-8.138147,-24.725935,-8.071729,-4.6896954,-10.729783,-8.658773,-16.324732,-12.11524,-7.8639474,-4.8942266,-1.4484258,-5.004425,3.9458504,2.8225899,-2.0007405,1.9577885,-0.51526886,-0.89696807,-1.7357064,-1.0996491,-1.0105355,-1.1250749,-3.1612315,-9.241996,-5.205369,-2.9580274,neutral,Sukhman,Sukhman_neutral_002.wav
-233.49933,177.99771,-37.740334,0.4730096,1.1435248,-18.372303,-13.88245,-13.111202,-18.906963,-17.2064,-8.439686,-19.855148,-20.053074,-6.847185,-10.557083,-19.030624,-9.852219,-4.763608,-12.613211,-12.04237,-11.786998,-9.931541,-2.2972045,-1.1906152,-5.5066495,-5.0442667,-2.30054,-2.9878325,-1.6081705,-0.32075587,0.062431246,-1.8485668,-2.0561705,0.2446575,-1.3337328,0.48865086,-4.092177,-12.394772,-9.944731,-4.8559313,neutral,Sukhman,Sukhman_neutral_003.wav
-213.37163,183.9841,-43.140358,11.6616955,-8.440247,-19.851503,-17.443653,-18.567324,-17.142097,-19.928865,-10.324473,-18.105145,-20.388443,-7.9775996,-6.542153,-19.028044,-12.772562,-5.8902297,-12.199754,-8.623456,-13.106688,-11.553158,-0.7138699,0.89499193,0.07189545,-1.3964756,-1.904465,-4.4137344,-5.6057463,-2.4001083,0.2731837,-1.9996755,-6.2601895,-5.3752403,-2.9818492,1.184287,-1.8883569,-9.313445,-6.185203,-2.7862897,neutral,Sukhman,Sukhman_neutral_004.wav
-226.0363,185.57822,-41.059483,8.356219,-10.921464,-16.489666,-15.576257,-17.536434,-16.855446,-17.694666,-7.371609,-19.165157,-17.941204,-6.452502,-9.76476,-20.267933,-12.678017,-5.963625,-12.083446,-8.19085,-12.882395,-12.055408,-2.36778,-2.067526,-2.153295,-1.9664696,-1.1943,0.45454556,-0.88799834,-2.1236265,-1.3509645,-5.055133,-5.5422854,-4.406038,-4.036932,2.6615655,-1.5212021,-9.731214,-7.952194,-4.292197,neutral,Sukhman,Sukhman_neutral_005.wav
-198.21005,183.10631,-35.727825,13.89419,-7.1086125,-14.95958,-8.561782,-15.746041,-8.555774,-16.87292,-13.82247,-18.29803,-21.759193,-0.660012,-1.2959367,-19.117628,-20.254663,-12.609295,-5.2979927,-10.810925,-16.120382,-9.739704,-6.88726,-3.405785,0.7695623,3.570588,3.830307,-0.49545422,-2.620779,-3.482417,-3.202133,-3.215519,-7.617225,-7.233343,-4.7737994,-8.845859,-8.28674,-6.126717,-10.48879,-9.305036,sad,Sukhman,Sukhman_sad_001.wav
-153.32857,186.65627,-40.03142,14.879455,-3.0143092,-12.73721,-12.227557,-12.310209,-5.9348607,-10.812126,-8.326775,-19.642334,-19.245586,-4.845951,-2.933484,-18.85358,-21.119755,-11.482064,-9.292247,-7.882038,-13.581799,-11.204793,-4.835788,-3.357287,-1.8257349,-2.158453,-3.2535322,-1.689307,-0.10066425,-6.5169516,-5.0408163,-2.380955,-6.813379,-5.5876875,-5.5860987,-6.35164,-6.693674,-8.565444,-9.907117,-8.459675,sad,Sukhman,Sukhman_sad_002.wav
-145.99367,187.8661,-38.042736,15.0505085,-3.3382628,-10.37799,-8.647148,-9.396594,-7.6695395,-12.857217,-8.046479,-20.524168,-20.328623,-6.131126,-1.0301301,-17.566751,-22.520332,-9.573752,-8.471176,-8.365397,-14.343752,-11.1053295,-0.7964872,-1.3016675,-1.9439785,-0.6392799,1.1685052,0.90559894,-2.4518778,-4.969643,-3.2029219,-4.6548,-5.165076,-4.7072153,-7.9963894,-6.194214,-7.850252,-10.3571825,-8.443736,-8.782977,sad,Sukhman,Sukhman_sad_003.wav
-202.2885,193.32756,-35.56231,8.472298,-9.951756,-15.989663,-12.809752,-11.132053,-18.292723,-22.517775,-7.983996,-16.697895,-18.974949,-6.7015586,-11.206079,-24.66757,-12.30626,-4.6715627,-10.343466,-8.394395,-13.666616,-14.576331,-9.783056,-6.735359,-7.2295637,-5.439869,-1.9101228,-0.17836271,4.249931,3.8998415,2.7819724,0.14101122,-2.922385,-2.5596323,-2.101757,2.9464366,1.4776561,-7.2836056,-6.6458945,-4.034021,sad,Sukhman,Sukhman_sad_004.wav
-238.723,180.01085,-30.883265,7.4464903,-3.2839203,-11.728192,-10.570313,-10.932164,-17.146387,-20.047266,-11.318646,-19.394543,-19.17877,-8.308557,-11.507315,-23.634575,-13.190427,-1.9858315,-10.147338,-8.615481,-11.330937,-15.303407,-9.145935,-9.000833,-9.242268,-6.465774,-0.8069325,4.4821386,7.6225767,8.545209,4.272962,-1.7723892,-3.933856,-3.2295685,-1.2426139,3.245132,-1.0864346,-8.471538,-5.936045,-4.6915607,sad,Sukhman,Sukhman_sad_005.wav
-227.38835,149.66866,-30.19602,28.961304,-5.5338244,-25.734692,-19.866844,-9.496624,-22.405811,-21.243612,-8.61497,-27.997421,-27.53802,-1.8289257,-9.948647,-18.853699,-3.9827442,-6.537952,-6.400292,-7.002655,-11.228469,-9.004955,-2.0980973,0.62315714,-3.815987,-0.8674906,-3.4778275,0.31935772,3.309755,-4.3590484,-3.5953197,-6.690045,-7.9854894,-2.5829566,0.2477855,0.29580787,-2.3865864,-8.201197,-7.2371063,-3.5611968,surprised,Sukhman,Sukhman_surprised_001.wav
-232.67511,168.36603,-42.962166,26.359833,-9.289778,-30.262999,-23.847591,-11.816259,-23.973312,-15.4073105,-5.794856,-33.028828,-16.264505,-2.513508,-12.801723,-19.188875,-13.761622,-7.7267175,-8.063794,-4.965163,-8.431481,-8.156057,0.3884356,-2.5008638,-7.4120545,-3.3866105,-3.8459039,2.904182,4.4655237,-4.163818,-3.0224192,-9.919603,-10.183842,-2.9311683,-2.1138716,1.5700438,-5.8027678,-7.4071865,-2.679119,-5.8872743,surprised,Sukhman,Sukhman_surprised_002.wav
-244.85103,157.97188,-37.093212,28.981583,-2.162891,-35.167194,-14.810884,-12.85751,-27.536898,-10.915845,-13.256884,-33.562202,-17.51343,-4.9740295,-13.006657,-20.070543,-11.24852,-8.06961,-6.470292,0.22765903,-5.3298917,-5.745829,-0.38723835,-4.53525,-7.008745,-5.6116667,-4.7972875,2.2208548,3.8479362,-2.1961713,-2.930959,-7.448971,-8.256231,-1.8978188,-1.8345953,-0.47439075,-2.840396,-6.4987736,-4.3956356,-4.893598,surprised,Sukhman,Sukhman_surprised_003.wav
-261.3209,152.74097,-16.244377,16.712433,0.06524779,-25.159706,-16.327925,-13.6484165,-30.104624,-18.79709,-6.522154,-27.868378,-19.84826,-1.9809813,-8.254744,-15.511472,-12.938625,-10.587223,-15.61903,-16.143698,-13.283836,-10.999064,-2.3412714,0.85129124,0.7835317,1.8041021,1.4361429,5.251431,2.7616162,-0.26509386,2.145631,0.61925423,-2.3067017,-1.525193,-1.5340453,-2.9022021,-3.600463,-6.6854863,-5.7250347,-4.4940853,surprised,Sukhman,Sukhman_surprised_004.wav
-227.7236,158.39075,-23.14114,11.96978,-0.8673629,-21.324444,-21.311615,-17.614183,-25.621197,-21.611319,-15.079279,-27.602472,-23.569178,-1.6167496,-10.241004,-20.419392,-6.1566615,-5.402046,-4.289057,-2.6619227,-4.368272,-3.0518382,-1.258544,-0.08787531,-5.5092874,-6.1493335,-5.513744,-3.0668,-2.9576783,-4.135643,-2.93854,-7.369753,-6.9239326,-5.8096905,-2.4113328,0.8969886,-0.69154596,-3.7978325,-3.0675318,-1.3112395,surprised,Sukhman,Sukhman_surprised_005.wav
-220.98393,167.79982,-30.055038,-5.2035627,-2.0017428,-17.682184,-14.97105,-18.574863,-21.119982,-12.194145,-9.999367,-15.41527,-12.742624,-0.30661824,-4.033344,-24.034784,-21.2626,-12.172565,-8.798743,-8.945781,-9.010281,0.81795365,5.5473323,1.0367026,-2.2165356,-6.399399,-12.131376,-10.740073,-5.1830864,0.13977641,-1.3461632,-4.5357375,-3.5156667,-4.7363477,-5.2371097,-5.2270803,-4.819168,-4.0484233,-4.99215,-6.204455,angry,Tarinee,Tarinee_angry_001.wav
-195.816,167.35379,-42.804123,7.2400117,-4.2637687,-11.967825,-11.640234,-9.087789,-19.921988,-7.3744903,-10.738766,-18.368011,-13.580184,-6.578875,-7.1415644,-29.217815,-20.51241,-5.2340865,-3.5714555,-8.327089,-11.2451105,-4.1527777,2.6247473,-2.5155447,-4.191445,-4.521245,-11.228641,-8.878522,-8.548866,-3.8771207,-2.2936907,-4.5976,-4.098576,-7.277651,-7.6281548,-6.599577,-4.076077,-6.9927306,-7.0275497,-6.290373,angry,Tarinee,Tarinee_angry_002.wav
-212.95612,174.16739,-29.667356,5.226787,-3.5467942,-21.407299,-23.106085,-15.798226,-18.905941,-17.37229,-13.090103,-20.293282,-23.216492,-6.6632257,-6.8537326,-18.826069,-7.123522,-10.290869,-14.04598,-11.321087,-7.512493,-7.6139736,-4.0432887,-4.4013543,-12.867381,-8.395567,-10.64159,-4.5524793,-5.5959606,-6.4964333,-0.40440723,-3.0838745,-1.3641846,-2.0854042,2.1905406,-1.3359734,-4.2188888,-6.3835726,-7.0302644,-3.238993,angry,Tarinee,Tarinee_angry_003.wav
-225.76613,176.77861,-28.058195,3.9812875,-0.40667593,-21.996367,-21.126623,-17.218868,-17.870502,-18.129972,-16.237408,-23.4239,-21.96483,-6.719828,-7.2123837,-14.647723,-7.857621,-6.4410834,-12.072936,-12.732605,-9.678745,-9.09064,-4.739744,-8.4585,-11.938398,-8.940489,-8.060549,-0.24110183,-2.4066489,-1.6026338,0.4319279,-4.202645,-2.5244508,-1.2645648,-0.32550564,-2.1343455,-3.755233,-5.3900695,-4.805536,-4.4653525,angry,Tarinee,Tarinee_angry_004.wav
-237.00029,174.00458,-29.56152,6.0330167,3.6008253,-22.503801,-21.464554,-14.4065895,-17.785286,-17.474663,-12.058188,-22.64356,-22.876902,-7.548309,-9.901306,-16.393557,-7.8647003,-9.071155,-14.112526,-11.222713,-8.892932,-5.98609,-3.389096,-7.49588,-10.070362,-9.779424,-7.2185645,-0.25926214,-1.3044724,-2.253581,-1.3885411,-3.1195405,-1.5063479,0.90886,1.0500603,-1.0667197,-4.3949423,-6.899058,-4.9317417,-4.401952,angry,Tarinee,Tarinee_angry_005.wav
-190.99576,161.11755,-34.700672,13.643274,-8.548763,-24.780285,-23.923395,-10.845786,-11.951748,-26.10734,-14.068401,-11.3579855,-30.253132,-5.6168,-4.195093,-23.421368,-1.7070719,-12.968126,-14.633744,-9.082739,-8.909217,-2.1467624,-5.597224,-3.8440213,-9.044086,-10.937438,-8.902413,-1.4895312,-2.0895085,-4.590656,-0.9101443,-2.5780241,-1.133163,0.0941582,-0.8488844,-4.8790584,-4.169652,-8.671827,-7.1825733,-4.3547354,calm,Tarinee,Tarinee_calm_001.wav
-209.76073,175.71397,-36.969578,11.7679405,-6.5231733,-24.542143,-22.757584,-12.197192,-15.610995,-21.135054,-11.212959,-15.876189,-28.491177,-6.830988,-5.53242,-21.470676,-4.9846926,-14.581206,-16.623972,-8.164503,-9.633932,-7.596086,-7.078316,-5.7326093,-12.253887,-9.735431,-5.6078157,-2.5059865,-0.7272015,-2.4861574,-1.7065307,-2.7708538,-1.4792051,0.21487293,0.73822176,-1.3496536,-2.467742,-7.520245,-5.3542776,-1.535036,calm,Tarinee,Tarinee_calm_002.wav
-214.03528,167.83774,-34.654358,6.5593667,-3.339836,-25.837458,-23.197376,-10.6785755,-18.032612,-22.82614,-11.328903,-17.585564,-26.188292,-3.8600883,-7.7172227,-19.104221,-5.38887,-13.174885,-13.50116,-10.523401,-9.032816,-7.8087363,-6.1442475,-5.673376,-11.730798,-9.120818,-6.3447294,0.1168092,-4.285352,-5.9046187,-2.3334196,-4.300437,0.35302463,0.8519947,1.0356513,-0.16633411,-1.9855686,-6.129256,-4.171579,-0.99206716,calm,Tarinee,Tarinee_calm_003.wav
-169.75998,186.86908,-47.460056,13.819596,-8.004621,-13.893646,-26.942204,-10.310451,-10.871538,-17.790503,-13.035678,-24.484646,-19.24767,-12.972323,-8.358589,-14.3008585,-9.227553,-9.349683,-13.275634,-11.240605,-10.766492,-7.8440785,-7.02599,-5.0086145,-9.010043,-7.856368,-5.451961,-2.8669825,-4.7702327,-6.437643,-4.3595033,-8.749599,-4.1131277,-2.828997,-3.658942,-0.07794528,-2.9566784,-5.6560216,-3.5512424,-3.649475,calm,Tarinee,Tarinee_calm_004.wav
-189.51782,180.74301,-33.260212,12.997964,-2.4038866,-24.009148,-26.86794,-8.875953,-23.00864,-19.854256,-10.218297,-24.795868,-21.389845,-10.31772,-10.829497,-18.545248,-8.943199,-10.11155,-15.129263,-10.99282,-6.7000437,-5.570877,-5.153364,-5.6059704,-9.5144415,-6.1943054,-6.0072613,-4.4386735,-4.306096,-6.1318583,-4.823438,-5.1808176,-2.3943188,-1.4100285,-1.5641248,-0.03174545,-1.5617311,-6.6331954,-4.23292,-2.8763452,calm,Tarinee,Tarinee_calm_005.wav
-193.44922,187.55292,-43.453472,16.525827,-11.527363,-11.280894,-21.9584,-12.692057,-11.772183,-19.913637,-11.885388,-21.834648,-20.152578,-10.484432,-8.59135,-17.014578,-8.343466,-10.255703,-15.853464,-11.072229,-8.300315,-5.5716324,-5.9065948,-3.3334033,-9.876749,-9.525152,-4.6304107,-0.6466212,-0.28083238,-5.5586567,-4.1985,-5.1388335,-5.1569557,-4.371807,-1.4086524,-2.0993187,-7.024194,-6.075086,-5.213488,-2.812111,disgust,Tarinee,Tarinee_disgust_001.wav
-191.35098,182.60892,-40.85129,14.287509,-10.196228,-11.280488,-23.170717,-14.205315,-13.999023,-20.137753,-12.497944,-21.341148,-20.812696,-8.647732,-7.419472,-16.029081,-10.166767,-10.532734,-13.9339285,-12.886128,-9.267812,-6.7832932,-5.3639283,-3.7924216,-8.7168255,-10.088351,-7.2586594,-1.589514,-3.5694368,-4.215381,-3.9270327,-4.681158,-2.126609,-4.273491,-0.12694319,-1.9178405,-4.1903234,-5.1051846,-5.794895,-2.2206428,disgust,Tarinee,Tarinee_disgust_002.wav
-197.66089,184.63919,-36.75867,18.36438,-10.368363,-10.706767,-22.395237,-11.942141,-12.154161,-24.369053,-8.950009,-18.011501,-20.682562,-5.566655,-9.213104,-18.804684,-8.0288105,-10.556357,-12.215296,-10.055262,-9.429376,-8.145508,-6.743417,-3.9510403,-12.46744,-9.7480545,-6.204656,-3.2562335,-3.1788,-5.0535436,-2.1285412,-5.9389715,-4.3329153,-2.973972,-3.207341,-2.286532,-4.9124775,-7.7865753,-4.127984,-2.9604156,disgust,Tarinee,Tarinee_disgust_003.wav
-198.88126,182.11678,-32.911232,14.025959,-5.1642265,-14.811758,-21.297333,-15.24175,-16.094275,-16.95918,-10.145424,-23.89581,-20.505125,-7.992134,-9.799906,-15.313105,-9.878935,-7.6130867,-13.46888,-10.771063,-6.7726097,-8.021769,-4.6518235,-5.100269,-11.918374,-11.948461,-6.652643,-5.1477914,-5.1972566,-3.550199,-3.215205,-2.9704635,-1.7161804,-1.2497171,-0.503008,0.73159146,-3.4792666,-5.5109577,-3.6471813,-6.1092997,disgust,Tarinee,Tarinee_disgust_004.wav
-204.41118,185.43884,-28.113974,9.104444,-5.640319,-15.879642,-15.403803,-15.183959,-13.334827,-13.794144,-13.334391,-19.037746,-16.792513,-7.4459524,-8.720538,-16.02558,-7.6316423,-8.849016,-12.280391,-9.826223,-8.950541,-5.8528543,-5.3382664,-6.1790514,-11.383862,-11.0514765,-6.9163527,-3.8453484,-2.3505785,-2.2574399,-1.6388053,-0.9182627,-1.0301188,-2.8314195,-1.5195364,-2.4409163,-4.547981,-6.9178486,-7.615325,-3.6571622,disgust,Tarinee,Tarinee_disgust_005.wav
-194.42056,185.7091,-46.123333,9.861873,-11.821368,-13.913439,-18.620693,-7.3804684,-13.900466,-20.33437,-9.78333,-23.136063,-22.133327,-7.562067,-9.586776,-19.805517,-9.238933,-8.453499,-12.546629,-11.731424,-8.668589,-6.6243114,-6.3003736,-5.0350823,-8.871956,-7.448414,-4.749512,-2.2113569,-4.7783575,-0.9349862,1.3321794,-1.05181,1.4963404,-0.7505761,-0.36799967,-0.28202873,-3.6214583,-8.211072,-6.580229,-4.829939,fearful,Tarinee,Tarinee_fearful_001.wav
-212.69902,180.15651,-29.87852,10.947293,-0.7223475,-22.49194,-18.036129,-11.207444,-19.95075,-17.940445,-10.087205,-23.532347,-24.028486,-8.066663,-8.634982,-19.3597,-9.623062,-8.6751375,-15.369706,-11.86084,-7.509272,-7.4347997,-6.8852906,-5.7245913,-12.078955,-12.141295,-4.3427114,-0.7468718,-3.2848084,0.18078567,0.027320575,-1.3167996,2.424539,-1.1874479,0.7028327,0.7886159,-4.591269,-8.171687,-7.3021894,-3.948423,fearful,Tarinee,Tarinee_fearful_002.wav
-221.06828,180.34981,-33.530434,12.994824,-5.0592446,-18.21517,-20.066814,-10.521177,-18.142963,-19.064442,-8.839609,-22.85691,-23.562635,-7.565706,-8.185805,-18.735424,-8.028753,-9.621788,-15.843959,-10.7062435,-9.210961,-7.7011957,-3.887998,-7.6569676,-11.9434595,-8.253837,-6.8761177,-1.0481931,-3.2016299,-1.7835248,3.0109642,-0.6560248,1.4137553,0.4554153,-0.2827478,0.07244386,-4.3877926,-8.611585,-6.9526486,-5.6250277,fearful,Tarinee,Tarinee_fearful_003.wav
-216.31697,184.87769,-33.99465,13.329391,-3.372028,-18.440952,-23.501368,-12.188701,-15.76967,-21.659191,-10.8501,-21.129313,-24.04337,-6.954359,-7.224617,-16.514006,-8.7444,-12.173166,-15.720756,-12.047268,-6.780662,-6.7782784,-4.1099753,-3.352572,-11.775435,-8.8963995,-7.4961963,-1.9048469,-3.3386047,-6.9045672,-3.4221482,-4.6925454,-3.278509,-3.4345953,-0.08627316,-1.1738799,-4.4642897,-6.49365,-6.5975547,-3.2636716,fearful,Tarinee,Tarinee_fearful_004.wav
-198.52502,176.91168,-34.433243,11.415446,-2.610474,-16.628874,-20.748234,-13.7463875,-12.78027,-19.071655,-11.744382,-21.476816,-22.889235,-8.525951,-5.865573,-14.505959,-10.629103,-9.1480255,-14.138217,-10.625455,-5.7226334,-6.420966,-5.612853,-4.253961,-10.01333,-8.517927,-3.3067133,0.011503377,-1.138527,-4.7505817,-3.3665059,-4.4144783,-3.4787369,-1.2061282,-0.4255036,-0.79645,-5.3307376,-9.527565,-8.080267,-4.7550454,fearful,Tarinee,Tarinee_fearful_005.wav
-234.62883,184.52107,-50.827705,13.645748,0.5449829,-19.064224,-10.468024,-21.9847,-28.01929,-16.293453,-0.6465801,-17.78045,-26.288448,-0.04009716,-4.7053814,-30.870522,-17.404648,-7.4368286,-6.8363442,0.95707965,-5.549407,-9.055431,-9.529103,-9.659441,-3.219441,3.015338,-1.8795308,-9.437349,-4.6224737,-2.9771712,-3.9831827,-4.9666843,-9.228355,-5.689524,-4.9877176,-9.351869,-4.340561,2.6171458,-0.5736676,-5.9616656,happy,Tarinee,Tarinee_happy_001.wav
-204.8029,182.62987,-49.920155,9.6001625,-5.9018793,-17.453907,-14.729926,-19.376446,-17.408047,-13.630033,-10.134785,-15.325868,-19.83225,-0.28471112,-2.432864,-29.421251,-14.559014,-9.475445,-12.482712,-5.368942,-8.59327,-5.7003217,-0.8084446,-3.4037707,-4.3171453,-1.2928925,-7.3740664,-8.438552,-4.664864,0.3662007,3.801199,-3.3845205,-6.9761157,-4.193965,-2.4822264,-4.7186985,-6.1547136,-4.878719,-2.7937613,-3.4543118,happy,Tarinee,Tarinee_happy_002.wav
-176.10042,191.2633,-44.498093,10.407914,-10.719993,-20.011992,-26.187056,-13.572619,-17.609713,-18.46774,-11.562474,-27.356586,-17.6758,-11.371856,-11.675547,-15.1773615,-10.459484,-9.540557,-14.487238,-9.203593,-8.218852,-6.105823,-5.7820954,-7.7860208,-10.486481,-9.086104,-6.439111,-5.2753897,-3.8053186,-5.8600187,-3.9710736,-2.419411,-2.7664428,-2.0479136,-2.3173044,-2.6905801,-4.3581095,-7.0228944,-7.516796,-4.338458,happy,Tarinee,Tarinee_happy_003.wav
-196.40767,183.42744,-41.854374,8.171265,-9.963152,-17.695898,-19.92407,-15.090616,-17.367105,-17.256126,-10.924975,-23.359015,-20.1231,-7.857502,-9.4772415,-16.792112,-7.877313,-8.759403,-14.996752,-10.663236,-10.605428,-9.0087595,-4.733659,-5.358151,-10.168659,-8.85884,-5.1684318,-2.8848124,-2.4779716,-4.3148527,-3.2431662,-4.145806,-5.3526616,-3.6188762,-3.8315022,-1.4374068,-2.9568303,-7.759439,-3.734793,-3.5208163,happy,Tarinee,Tarinee_happy_004.wav
-213.69296,175.5523,-31.8087,9.350293,-3.6799037,-17.711119,-21.24381,-16.881804,-21.439398,-14.96563,-14.806831,-23.112377,-15.688149,-10.100114,-8.726148,-13.878023,-9.036065,-10.129597,-15.272443,-13.229857,-11.109996,-7.4969196,-5.129718,-7.21109,-9.85309,-5.4353614,-4.2683334,-1.3261485,-0.8574984,-5.858148,-4.6214123,-4.3573303,-4.5407963,-2.74604,0.26675,0.035980154,-3.1131232,-5.9440784,-5.8405414,-4.899728,happy,Tarinee,Tarinee_happy_005.wav
-213.85146,188.33391,-53.9192,10.1386795,-14.087934,-10.11767,-24.53206,-14.137351,-21.569828,-17.487057,-11.301114,-17.55811,-12.828349,-4.3461933,-4.9294496,-26.85372,-15.034134,-6.9015384,-4.44982,-12.254778,-16.19162,-2.2605555,-2.5595627,0.9390843,-2.8986995,-2.7515478,-7.908066,-10.773872,-5.4888473,-3.9875724,1.5464613,-2.5239186,-2.5218856,-6.821662,-8.410631,-1.5393741,-3.3810174,-7.590824,-6.0448174,-5.8582916,neutral,Tarinee,Tarinee_neutral_001.wav
-219.01773,169.92705,-42.85229,19.161575,-11.977732,-8.272662,-19.930763,-10.475369,-20.125853,-16.938204,-2.9925206,-16.110199,-14.52627,4.8782697,-5.777488,-28.288292,-14.08357,-13.397827,2.9855576,-5.995466,-20.705112,-4.0448503,-4.038489,-0.73833454,-6.8077545,-5.459021,-11.076181,-12.808873,-1.7343882,-2.1999905,0.35103923,-5.1169868,-3.9640145,-1.9347748,-5.34978,-3.9079301,-1.935835,-4.090551,-5.25637,-6.508847,neutral,Tarinee,Tarinee_neutral_002.wav
-200.11705,181.53766,-38.93297,7.1438503,-3.428844,-23.368149,-23.15865,-12.154148,-17.271091,-21.463614,-11.729589,-25.382376,-24.497646,-8.725833,-9.789601,-15.167521,-9.865223,-10.139946,-13.558331,-13.437056,-11.456939,-7.8261156,-6.2777777,-7.41462,-9.325986,-7.676988,-5.422843,-0.20813745,-1.4047022,-3.5459583,0.6350247,-2.1861174,-0.9744955,0.30725303,-1.5121111,0.93852884,-3.2320309,-6.320639,-5.610027,-4.2355485,neutral,Tarinee,Tarinee_neutral_003.wav
-199.30185,181.82922,-26.955978,2.3699596,-5.3051796,-23.912544,-17.035374,-14.441142,-22.69172,-15.530066,-15.309409,-27.13867,-20.495184,-10.34533,-12.157012,-16.466625,-8.061816,-8.505425,-13.830786,-11.216489,-10.091812,-9.104443,-4.6369615,-6.7770586,-10.212478,-6.3481107,-6.4846063,-3.8547657,-2.478547,-3.3326635,-2.0057952,-2.1959054,-3.7482898,-4.4918094,-0.84586495,-0.62467456,-2.6756775,-5.5691724,-6.3041716,-3.52294,neutral,Tarinee,Tarinee_neutral_004.wav
-210.12917,181.44766,-30.466372,9.287689,-2.838467,-24.73518,-19.892307,-17.48197,-21.828371,-14.940904,-13.794311,-23.351265,-19.317724,-8.7542,-13.990716,-18.43558,-7.1603556,-12.495383,-14.797278,-11.866502,-10.97103,-8.112005,-6.1332345,-5.1998425,-8.43279,-6.3658385,-3.2478266,-0.6182663,-1.4395514,-1.1738068,-3.800677,-4.318813,-2.8559937,-7.001786,-2.75696,-2.9205315,-5.4778876,-6.0061255,-6.736991,-3.5122333,neutral,Tarinee,Tarinee_neutral_005.wav
-216.81544,160.49854,-30.558872,4.3579206,-8.5964575,-24.321646,-18.098637,-12.067244,-14.332713,-10.798027,-7.299957,-16.67105,-15.541829,-6.5365353,-3.9883454,-20.204702,-25.836164,-14.938137,-7.122331,-7.8169985,-8.546154,-0.24653357,0.801463,-5.864728,-5.722898,-1.1306368,-2.743345,-3.9986136,-3.3228238,-1.2373321,4.126169,4.7163095,-0.19871297,-6.925981,-7.076574,-4.327786,-6.9969864,-8.696648,-6.1581945,-3.9481924,sad,Tarinee,Tarinee_sad_001.wav
-203.46246,195.04593,-39.86811,9.507969,-7.1770554,-19.88609,-21.511318,-15.657357,-21.597778,-22.807856,-10.259198,-24.781567,-18.629612,-4.9174385,-8.512427,-17.03237,-11.492122,-8.725397,-16.464693,-13.451225,-11.7252445,-9.445169,-3.592697,-3.3679237,-7.604653,-7.769267,-4.8602285,-2.8982055,-2.4483404,-3.0000348,-1.2876614,-3.226578,-4.2558017,-2.120391,-2.7017753,-0.8807441,-2.5533228,-5.848323,-4.166009,-3.4308822,sad,Tarinee,Tarinee_sad_002.wav
-220.37294,178.33954,-28.048151,3.9239047,-1.8511422,-25.014252,-18.86538,-15.538626,-21.023249,-18.433306,-15.346999,-24.634546,-19.380503,-5.755232,-10.359066,-16.444723,-9.531632,-12.126734,-16.399454,-11.305158,-9.9206,-8.358794,-1.7363682,-3.3335009,-7.86662,-7.7314105,-6.096244,-2.6867206,-3.5339446,-2.6498473,-1.8118632,-1.7403469,-0.04950521,-0.17108558,0.62716967,0.31516895,-2.2610087,-5.626863,-5.958387,-4.559576,sad,Tarinee,Tarinee_sad_003.wav
-201.3277,184.3253,-27.396446,3.945055,-5.424359,-25.09401,-21.5927,-16.053085,-20.743845,-19.273756,-14.00098,-21.705885,-18.481913,-6.734449,-8.371065,-16.373604,-10.773958,-10.492706,-15.3438015,-13.318892,-10.449877,-8.717389,-6.1480145,-6.10527,-9.757125,-8.280735,-6.2228765,-4.419624,-3.939377,-4.7435975,-2.256056,-0.9588987,-0.6818849,0.029259644,-0.8423294,-2.2965066,-4.9939594,-7.2042227,-4.1674533,-2.9389234,sad,Tarinee,Tarinee_sad_004.wav
-210.60793,190.28229,-35.645447,10.272678,-5.8764925,-22.761211,-19.542515,-18.24055,-18.736046,-14.19472,-13.258252,-24.960964,-18.91309,-9.42688,-10.250466,-15.928373,-9.704392,-9.225849,-16.987299,-11.413939,-8.408427,-6.8582125,-2.8693433,-8.177523,-11.409726,-8.318102,-6.5653257,-2.9164891,-3.821065,-4.8138847,-2.0217316,-2.4565966,-0.76596963,-0.11321859,-1.5398034,-1.2691686,-5.7560897,-10.014871,-7.7243614,-6.14776,sad,Tarinee,Tarinee_sad_005.wav
-207.1948,172.09885,-36.476746,8.2317095,-2.7518692,-14.415846,-17.667511,-9.59797,-13.279792,-16.81392,-10.41737,-23.186836,-18.374765,-7.0076575,-10.350479,-14.514434,-9.091885,-8.402134,-13.450502,-13.118689,-7.047825,-5.174194,-6.192216,-6.298467,-9.310322,-8.030087,-5.999526,-1.7092214,-2.2004752,-5.2968903,-3.638542,-5.160701,-3.226707,-2.3731556,-2.277555,-0.69978017,-5.1996317,-7.3033514,-4.478503,-3.3453074,surprised,Tarinee,Tarinee_surprised_001.wav
-235.50697,167.85556,-28.32697,9.65171,-2.584563,-14.498994,-14.126599,-11.636321,-16.097696,-18.475962,-13.525712,-20.183683,-15.878527,-6.9432044,-8.307488,-15.415072,-8.678227,-6.057466,-13.134309,-11.294622,-10.480457,-9.393371,-4.0003114,-5.1867924,-7.7086244,-6.1320124,-4.607927,-1.4769734,-2.816029,-2.2580576,-1.2391219,-3.0783498,-2.674054,-3.8934858,-2.3274431,-0.24207972,-2.4898543,-6.152354,-5.2712483,-3.5567195,surprised,Tarinee,Tarinee_surprised_002.wav
-221.83539,175.87315,-22.970911,6.5336256,3.9380095,-16.957506,-16.439037,-13.9702,-16.878426,-16.690035,-13.970404,-21.788105,-21.388012,-9.489857,-9.117549,-16.953983,-7.9614763,-7.3526516,-16.887352,-12.956494,-10.192282,-8.455637,-4.163692,-6.96913,-10.212422,-7.5277615,-3.6609848,-0.9000426,-1.3860759,-1.6683632,-2.2526608,-3.9116492,-4.219882,-3.916895,-3.4008756,-3.5569782,-3.6413288,-6.509593,-6.341487,-3.213096,surprised,Tarinee,Tarinee_surprised_003.wav
-167.89966,189.59967,-57.09385,31.879772,-13.752458,-9.767252,-22.092484,-11.278179,-17.905968,-13.228094,-5.366286,-26.10702,-16.480194,-13.34889,-7.4591312,-14.244541,-7.2771087,-6.4458175,-14.255995,-12.055048,-11.464715,-5.56501,-6.97242,-3.1913152,-10.145157,-9.548392,-3.5552742,-4.1410284,-3.225161,-5.7436595,-3.3348007,-6.6391635,-4.620247,-4.31491,-2.9529512,-0.71018815,-6.605769,-8.191172,-6.768365,-4.1793466,surprised,Tarinee,Tarinee_surprised_004.wav
-212.68135,187.04958,-42.55766,26.284752,-5.420938,-15.915174,-17.189268,-9.028633,-18.14227,-16.755514,-9.164418,-26.293287,-18.106567,-9.452301,-10.83532,-17.285643,-12.18587,-7.889557,-12.881743,-14.72788,-11.584797,-7.161171,-7.4492207,-4.192593,-9.721217,-11.503926,-5.1418796,-3.5024693,-3.4146507,-3.6532211,-1.9801037,-5.108106,-7.101372,-4.3847566,-1.4816425,-0.94763356,-3.2468648,-6.30628,-4.68598,-3.6852505,surprised,Tarinee,Tarinee_surprised_005.wav
-259.91907,154.67717,-14.937164,-2.5302262,3.3488803,-27.0144,-17.376457,-12.291225,-27.649357,-22.680065,-19.228949,-23.014198,-15.133842,-1.3540105,1.9169183,-9.700424,-10.996233,-3.0906758,-2.3330934,-8.550652,-10.300368,-6.3697057,-5.3450804,-6.9623775,-9.052111,-7.89097,-5.2848873,-3.06647,-3.1793385,0.07714386,3.7138824,0.46352458,-0.32464302,0.14600196,-1.8156301,-2.3507438,0.015286028,-3.0354054,-8.587816,-6.561781,angry,Vinay,Vinay_angry_001.wav
-238.11407,166.55644,-24.880983,-5.081259,-2.5271213,-22.26894,-12.559011,-17.258322,-26.284948,-16.829044,-16.066679,-22.841652,-14.635372,-2.7679036,-1.8474978,-10.65592,-10.492733,-1.4801006,-1.7353135,-9.8774805,-10.293428,-6.4074726,-5.128893,-6.0104322,-8.8539095,-8.856164,-7.7913303,-6.8662,-8.938706,-5.629073,-0.22290047,-3.4045703,-4.7095637,-4.3169,-1.725405,-0.014124257,-1.2373847,-1.1104822,-2.7020884,-3.1976142,angry,Vinay,Vinay_angry_002.wav
-196.32507,163.45767,-33.723606,8.211776,0.708074,-23.869284,-20.157867,-16.977592,-24.861645,-13.756102,-18.693594,-20.777958,-11.295004,-8.786591,0.66655064,-13.963926,-11.7353,-3.913863,-6.3063154,-9.299333,-13.912085,-6.153404,-7.8822393,-7.897461,-8.759747,-11.417879,-8.417546,-8.118055,-3.45689,0.7214062,1.5680795,1.2147727,-0.026042113,-0.59437966,-2.2945526,-3.3230035,-4.211204,-6.275244,-3.7913823,-4.0924225,angry,Vinay,Vinay_angry_003.wav
-213.75784,179.61577,-31.048561,10.963161,8.045755,-17.695375,-13.91852,-11.795857,-21.296572,-24.060568,-21.461912,-11.352469,-16.027508,-13.4854,-6.2001934,-16.2921,-14.312936,-6.189416,-3.7118244,-14.252751,-12.346983,-10.152873,-10.443814,-1.9838941,-7.5174203,-10.85572,-8.735986,-5.910134,-6.9229937,-4.134777,-2.9991527,-6.384863,-5.649052,-7.565846,-3.156728,-0.59239006,-2.4070024,-7.0684595,-6.477587,-3.2686436,angry,Vinay,Vinay_angry_004.wav
-207.02264,184.7911,-27.424158,9.280149,9.770696,-18.333874,-16.23332,-8.954667,-21.522821,-24.795712,-21.364405,-9.382919,-13.458503,-15.02996,-7.42797,-16.201248,-13.964148,-6.2470255,-4.5361176,-13.415758,-12.734785,-9.330538,-7.9531794,-1.364366,-7.0402584,-9.91383,-7.2794795,-4.3592277,-6.1194158,-6.03833,-3.3821867,-6.0748014,-6.585465,-7.115458,-3.0086393,0.7249462,-1.7244439,-7.453786,-5.2305555,-2.1719043,angry,Vinay,Vinay_angry_005.wav
-211.1264,190.57591,-34.997078,14.69488,4.798082,-19.538536,-21.24605,-14.267386,-19.330877,-22.569267,-19.042828,-12.933519,-16.351158,-15.866191,-6.241018,-18.549635,-15.85582,-8.547785,-7.1339192,-13.639833,-14.989542,-7.2163315,-9.423425,-5.4237785,-8.01045,-8.185179,-3.4180183,-2.3500967,-0.99090147,0.16455401,-1.6473863,-5.7186465,-5.2923727,-7.1575546,-3.5373764,-0.63533354,-5.3730283,-8.2569685,-6.591295,-2.8098435,calm,Vinay,Vinay_calm_001.wav
-198.79547,181.29205,-29.356613,12.111929,2.4121733,-18.641615,-24.441574,-10.764971,-16.323605,-20.727905,-16.360476,-14.367331,-12.370789,-16.026188,-7.440995,-15.892555,-15.52691,-3.9486604,-5.173251,-11.943369,-13.820383,-10.343006,-9.510487,-3.4344425,-5.838578,-9.079536,-4.2594557,-2.2445734,-2.5197892,-0.5162804,-1.7103932,-7.2684517,-8.064119,-8.482828,-4.753813,-0.575644,-4.068961,-9.383402,-8.589147,-3.795926,calm,Vinay,Vinay_calm_002.wav
-198.16537,183.59712,-38.410015,19.920664,3.200448,-23.557682,-27.722729,-15.262066,-17.395903,-19.880793,-18.515577,-12.558989,-15.49205,-14.108265,-3.6285203,-16.513727,-14.393327,-6.267133,-5.977783,-12.334834,-11.151028,-6.1622133,-7.286697,-2.9444306,-5.5247097,-8.41532,-4.056082,-1.4447873,-4.855054,-1.9844667,-3.1940072,-7.2525253,-6.457973,-8.16405,-4.307239,-1.5515844,-3.0633717,-8.145297,-4.873037,-1.2665379,calm,Vinay,Vinay_calm_003.wav
-237.628,172.99568,-33.737183,16.046057,6.4682984,-16.770203,-24.17937,-7.6175394,-18.457726,-24.048794,-14.849069,-10.596427,-14.316836,-9.019144,-4.449807,-21.213776,-12.552372,-6.1017365,-6.278691,-10.835108,-12.351103,-6.9774227,-8.109738,-1.1699779,-6.599136,-9.135368,-3.815243,-2.7017074,-3.7390747,-3.7370188,-3.5913649,-6.994043,-8.115387,-8.379929,-2.4498384,0.3034845,-2.3990388,-10.181473,-8.4495,-4.611091,calm,Vinay,Vinay_calm_004.wav
-230.44977,181.00069,-35.933456,12.300674,7.159111,-17.714066,-22.15453,-15.285314,-19.637215,-23.38559,-17.377224,-10.581437,-14.719252,-9.083855,-4.9505687,-17.914957,-12.990415,-5.8516273,-7.561564,-13.637889,-11.803722,-8.926175,-7.922169,-2.1360116,-6.570219,-8.193738,-5.775275,-4.0135794,-4.628945,-3.6755896,-2.4752288,-5.549159,-6.1402206,-8.535255,-4.9038773,-0.5511242,-4.335085,-11.230983,-8.557897,-5.011791,calm,Vinay,Vinay_calm_005.wav
-194.64754,170.02151,-26.240847,14.270706,-3.658879,-12.1737795,-17.823027,-9.249225,-21.25953,-26.380463,-17.316612,-17.190079,-15.53358,-9.770361,-9.563973,-20.864355,-12.378655,-2.6956983,-5.9660234,-14.555175,-12.424668,-9.138244,-7.822734,-2.0834868,-7.5058794,-10.97909,-6.587568,-3.0833604,-7.6127386,-1.5100586,1.2255821,-7.08905,-5.4378285,-6.056988,-2.1455052,-0.17295974,-3.4832904,-7.3767056,-7.7001143,-4.4521904,disgust,Vinay,Vinay_disgust_001.wav
-203.36,168.08224,-29.565441,11.873839,-0.9432553,-14.200127,-16.273163,-10.102329,-22.770496,-24.663265,-13.937002,-12.8734455,-16.541039,-11.745833,-7.6118407,-17.604376,-11.433265,-5.309378,-4.137169,-11.374898,-13.258297,-8.9483185,-6.877804,-3.3986428,-5.0891566,-9.421796,-10.876701,-1.5143979,-8.73876,-6.265059,1.8693607,-5.730149,-4.293134,-4.0818295,-2.179359,-2.0975153,-3.2990832,-9.131678,-6.824781,-1.368461,disgust,Vinay,Vinay_disgust_002.wav
-184.7609,174.54688,-35.50009,12.549614,-6.62782,-7.320678,-25.38073,-5.242403,-23.410988,-22.73101,-12.638307,-15.700235,-10.327935,-11.64042,-12.316813,-21.117386,-10.666585,-7.0194707,-2.9673011,-9.791871,-12.268352,-7.243703,-8.391865,-0.99067396,-6.7647047,-11.454851,-9.581421,-4.5125036,-8.965996,-1.8354794,0.9130948,-8.811242,-1.1153098,-5.3042407,-3.7732167,-1.2653042,-3.9630198,-8.152115,-6.5400577,-1.8077023,disgust,Vinay,Vinay_disgust_003.wav
-189.13387,176.51123,-32.66428,18.239202,-3.7373548,-18.259882,-20.083344,-12.159117,-26.057913,-25.28407,-17.734415,-16.107841,-12.831852,-9.581554,-6.306686,-16.80948,-10.386721,-4.8843546,-2.2523007,-10.255563,-14.6147175,-10.625074,-9.156264,-4.1555686,-7.289806,-9.810431,-10.269518,-1.5668513,-6.769737,-3.499527,6.8558264,-5.252892,-5.245164,-4.2195616,-3.6937509,-1.8712536,-4.21342,-9.420007,-8.977553,-2.8073695,disgust,Vinay,Vinay_disgust_004.wav
-199.5618,180.37877,-38.656197,17.981102,-7.0948343,-6.013999,-15.688512,-7.459457,-20.70916,-24.02258,-15.599272,-15.195113,-12.350761,-7.640087,-8.987933,-23.393063,-10.39254,-4.581887,-5.5050507,-10.123497,-11.503761,-9.044498,-7.459319,-2.401975,-6.2419634,-7.2563744,-9.105327,-2.295931,-5.2094164,-4.3156576,-0.63314134,-6.7663,-5.873573,-8.615313,-1.4693844,-2.3264964,-6.413913,-9.825502,-10.057463,-5.516787,disgust,Vinay,Vinay_disgust_005.wav
-211.86185,187.03511,-38.54609,18.783913,3.8464732,-19.83118,-19.891832,-13.023358,-20.37925,-24.447906,-15.1251335,-14.848518,-16.92851,-10.5189905,-5.8731794,-14.734182,-12.511179,-4.8360023,-3.9826694,-16.676912,-12.572518,-6.484761,-10.44229,-1.3558097,-6.8037815,-10.295462,-2.4372492,-1.2634118,-6.4955444,-3.9196815,-2.0115213,-5.968279,-6.4668126,-8.556181,-3.985238,-2.3592546,-5.409578,-10.204411,-11.135948,-6.893025,fearful,Vinay,Vinay_fearful_001.wav
-216.94531,179.28691,-31.120907,11.467025,8.187594,-21.06548,-18.94738,-12.942894,-22.25036,-24.228285,-17.345596,-15.521857,-12.078538,-9.247906,-8.965635,-17.581392,-16.812239,-5.4711757,-3.7401867,-11.879363,-12.533924,-8.582388,-3.7343009,-0.2304948,-4.201786,-7.4604106,-6.7295012,-2.5031545,-7.225786,-6.061135,-1.0899332,-8.239269,-8.234142,-6.0421224,-5.5186996,-1.892237,-5.073033,-10.840584,-7.931984,-5.095103,fearful,Vinay,Vinay_fearful_002.wav
-211.31778,186.83882,-37.875847,14.952652,2.1019275,-16.5356,-18.422157,-12.735925,-21.59446,-25.57013,-19.931395,-19.49576,-13.814745,-10.618805,-10.216317,-17.466969,-13.109441,-5.768691,-3.4761958,-11.40324,-12.950514,-7.156132,-5.548611,-1.5774643,-5.544065,-8.979905,-7.7904716,-3.0883565,-6.9189305,-5.007863,-0.7330997,-7.0714,-7.3532596,-7.017994,-3.2404199,-1.927476,-4.9553113,-8.904629,-7.97372,-4.331536,fearful,Vinay,Vinay_fearful_003.wav
-202.33711,197.24821,-43.211403,14.547684,-0.315816,-19.526873,-22.213842,-15.452978,-18.396996,-24.781012,-17.758615,-16.654186,-14.578389,-10.088781,-9.958694,-17.06747,-12.618711,-8.312938,-6.9391713,-12.512211,-13.088023,-7.3096833,-5.308036,-3.4774318,-7.1888914,-5.9463058,-5.762367,-1.9390748,-2.8675232,-3.7588384,-0.24009699,-6.287112,-6.8827796,-6.017848,-4.973597,-2.1741714,-3.4183505,-8.27912,-7.3235536,-3.488584,fearful,Vinay,Vinay_fearful_004.wav
-189.38019,193.98175,-42.040035,16.33903,-5.721105,-15.188554,-20.958714,-13.592663,-16.867302,-20.734644,-14.455568,-14.755925,-12.241484,-10.969042,-9.836808,-18.289341,-11.474356,-7.273003,-5.811636,-11.5370245,-13.26254,-6.9752464,-7.1083217,-4.361735,-8.797521,-9.533568,-7.9390755,-2.5018146,-3.7714891,-2.8290224,-0.8917338,-7.2090745,-6.0242863,-6.6510205,-3.1403408,-2.3891885,-4.985197,-9.606353,-10.444358,-5.7521663,fearful,Vinay,Vinay_fearful_005.wav
-184.81425,181.17638,-43.156975,6.868547,-0.70244044,-20.154705,-13.721048,-20.822594,-23.548618,-15.653834,-16.616385,-19.041636,-14.0985365,-7.792542,-1.3830646,-10.638344,-13.112219,-6.105312,-5.718001,-11.520183,-12.093326,-7.8713923,-7.2941637,-10.067907,-12.30244,-5.2694874,-6.8193655,-9.34957,-5.870651,-1.759002,2.712024,-1.8825533,-1.4622391,1.7150278,-0.59652436,-4.210407,-3.8317285,-2.3830795,-3.1058614,-3.0754943,happy,Vinay,Vinay_happy_001.wav
-171.4661,185.14914,-53.071533,10.20624,0.29063565,-26.802094,-16.87412,-18.400425,-20.956043,-17.571722,-19.385761,-17.925238,-15.953383,-11.1017685,-3.4928277,-10.96721,-10.668134,-5.9069247,-5.610021,-8.499038,-6.1885023,-5.2784486,-6.66982,-7.382049,-10.906074,-3.9876888,-4.984151,-7.0728817,-7.097966,-5.749711,-0.4971739,-3.6420493,-2.6238215,-0.9301962,-0.6847105,-2.9661567,-5.7081256,-5.11793,-4.940104,-3.7821214,happy,Vinay,Vinay_happy_002.wav
-123.48942,188.75014,-71.678894,9.79634,-16.866917,-29.210941,-20.400545,-20.41413,-23.140432,-16.774921,-16.679691,-17.247276,-13.066316,-10.420632,-5.4101706,-17.367538,-8.680062,-4.951848,-6.72155,-7.591848,-8.253629,-3.376967,-3.7981544,-2.2565193,-6.400374,-4.589261,-7.805591,-7.4587708,-4.810315,-4.4852834,-0.7425226,-3.1263921,0.5403743,1.5900942,-0.4243576,-1.6007892,-1.4814187,-3.864664,-4.7489786,-3.115969,happy,Vinay,Vinay_happy_003.wav
-240.8218,176.28139,-33.183357,9.599427,4.7756076,-15.278483,-19.427496,-15.292579,-16.958893,-20.869736,-15.07301,-16.747288,-17.005003,-6.763219,-6.36101,-15.387206,-12.704999,-8.578155,-6.080682,-12.033628,-12.8646,-7.287769,-7.5615664,-4.450155,-5.001513,-7.708185,-5.7690344,-1.05585,-4.384126,-4.150184,-0.94871545,-6.6519175,-6.9168825,-6.7812243,-5.1047773,-1.4981079,-5.0504556,-10.338708,-8.55567,-3.6918712,happy,Vinay,Vinay_happy_004.wav
-228.6896,182.65181,-33.494713,11.296646,3.6610732,-16.370632,-19.433758,-12.596308,-16.660286,-22.158293,-18.925201,-15.405869,-16.07442,-8.530704,-7.2808437,-16.693657,-9.865543,-6.639901,-4.1021256,-13.060786,-14.673865,-8.62786,-9.26037,-4.180856,-6.69974,-8.164538,-5.4667244,-0.46510425,-4.1123805,-3.7072694,-1.0752497,-6.7728386,-6.649781,-8.087156,-5.310729,-2.4753804,-5.5296946,-11.09704,-10.334638,-5.53403,happy,Vinay,Vinay_happy_005.wav
-172.25162,174.93956,-47.296776,19.016047,-0.58657944,-26.267767,-28.461208,-16.59798,-20.426733,-13.249545,-24.763758,-24.166168,-6.6925163,-16.381496,-3.7078912,-8.34916,-17.573004,-5.163591,-5.8276715,-13.205733,-13.834854,-8.010199,-7.1182127,-9.579618,-10.097427,-8.024335,-1.4857372,-2.207339,-0.9641207,4.684505,3.0253067,2.0433888,-0.599878,-2.0129004,0.12094128,1.1883321,-1.3683603,-5.239506,-2.386416,-4.4578,neutral,Vinay,Vinay_neutral_001.wav
-167.9028,169.95296,-53.92049,16.45756,-0.74134266,-18.338087,-20.783194,-9.2174,-25.42268,-18.443808,-19.09673,-18.032623,-13.821915,-19.98819,0.8711909,-13.21512,-14.133483,-2.6300838,-6.6210427,-13.512005,-10.861917,-2.3336778,-10.907859,-10.952844,-11.609514,-9.937414,-5.1467996,-5.4782457,-5.2934327,-1.8068719,3.8810108,3.0611184,-1.8174624,-1.5819345,0.82258576,-3.0491836,-1.8692139,-5.23786,-5.629126,-5.5458617,neutral,Vinay,Vinay_neutral_002.wav
-147.78482,180.63557,-52.05799,17.143255,-3.7109172,-13.111177,-24.07154,-13.5810795,-22.532478,-14.374467,-19.51873,-23.091158,-10.054168,-15.497345,0.009820087,-11.901071,-12.157684,-3.2745824,-7.935973,-13.245693,-10.541085,-1.3447702,-10.040886,-11.517302,-12.688733,-8.718779,-4.334594,-5.977505,-4.1473556,-0.9319172,3.2572927,0.37764987,-1.4345113,-2.5787287,-2.2621722,-3.8795166,-4.5366607,-2.9869673,-1.0239029,-3.8745093,neutral,Vinay,Vinay_neutral_003.wav
-211.72845,184.96187,-32.81466,21.280846,11.038992,-21.154259,-26.991123,-13.110998,-17.520895,-20.358112,-15.460999,-15.593427,-20.597712,-12.304469,-1.7509667,-13.690268,-14.132044,-9.245052,-9.096615,-15.921327,-9.736136,-5.4146485,-9.3403635,-5.015871,-11.084297,-6.7428203,-2.7239525,-2.2509062,-1.3592473,-3.9554272,-0.95262957,-4.1886187,-6.4701285,-4.8846745,-2.4677997,-3.1805024,-4.0236735,-7.1310086,-7.997244,-3.2514782,neutral,Vinay,Vinay_neutral_004.wav
-194.62314,189.20523,-36.733448,14.755274,3.07472,-24.476166,-22.005228,-12.819581,-19.456877,-25.18724,-16.638208,-12.995339,-19.764833,-13.846051,-6.184316,-16.903044,-14.619896,-5.081154,-6.087594,-13.426809,-10.030872,-8.540096,-6.3123236,1.6845585,-5.3419385,-5.8397827,-2.8401878,-3.409733,-4.0550423,-4.790444,-3.9893956,-6.645171,-9.389212,-9.974769,-4.460214,-2.638712,-4.1401415,-8.593931,-9.492968,-3.462635,neutral,Vinay,Vinay_neutral_005.wav
-138.29543,174.15875,-48.734364,14.14382,-9.313522,-20.06124,-19.79641,-19.662731,-17.717323,-11.86055,-20.412165,-17.344727,-16.488876,-12.507242,7.2715006,-19.481255,-14.882323,-0.85404044,-7.9010067,-8.361093,-12.795821,-5.57311,-4.945862,-5.786023,-7.692283,-7.6349945,-4.7947245,-6.326647,-7.3773704,-6.550509,-3.9643178,-4.671812,-4.464488,-3.1602094,-0.24837334,-0.8765013,-0.27849287,-0.55002624,-2.2473683,-2.7096322,sad,Vinay,Vinay_sad_001.wav
-144.09906,178.24199,-44.933,18.248682,-2.1911676,-22.488533,-21.076485,-15.83348,-22.04621,-16.250387,-15.92113,-16.79054,-21.281849,-6.156868,5.1327767,-18.293758,-10.536816,-4.57994,-5.7948413,-8.412695,-10.137428,-7.5150375,-7.5849032,-4.267113,-7.4979906,-2.0975273,-6.2074003,-8.227476,-6.866715,-7.877992,-2.6105118,-7.920772,-6.6002355,-3.2279825,1.1171592,2.022629,-1.1042705,-2.8413532,-4.299325,-6.1802278,sad,Vinay,Vinay_sad_002.wav
-153.0661,173.2706,-51.946682,17.777466,-7.8206873,-14.719793,-15.623308,-19.762127,-18.306517,-13.665628,-14.00153,-12.490561,-22.453846,-6.281261,4.1747046,-23.592674,-10.891263,-3.0926535,-5.040114,-7.880969,-10.541651,-7.6655884,-5.2095146,-2.1830473,-10.709226,-5.9444,-7.135991,-8.821368,-7.718959,-8.684435,-6.7892437,-8.83894,-8.872354,-7.7737164,-1.2472107,-5.476367,-3.782348,-0.47000164,-0.7099404,-1.8825629,sad,Vinay,Vinay_sad_003.wav
-217.75858,179.27017,-29.03033,7.3650403,7.401599,-19.815321,-19.65305,-11.188689,-18.715584,-23.944006,-20.653072,-12.813599,-13.640165,-12.168969,-8.988953,-15.5529785,-12.543423,-7.5177264,-5.8567615,-13.51093,-12.427847,-8.060237,-8.661068,-3.408594,-8.086682,-10.099901,-6.597092,-5.1795096,-4.4862547,-2.43725,-3.8562086,-6.3252454,-5.6173525,-6.2610927,-2.700033,-1.844115,-2.1300228,-7.854541,-8.934534,-2.7109447,sad,Vinay,Vinay_sad_004.wav
-201.31012,193.14189,-36.287964,15.479276,4.196787,-17.957544,-20.814486,-14.119587,-16.130371,-24.449934,-21.768023,-13.725179,-17.224642,-13.01429,-4.411509,-15.277336,-12.890019,-7.238219,-6.9404364,-13.016199,-12.079068,-8.598225,-8.764188,-3.5661957,-8.270628,-9.877214,-7.2224197,-4.647406,-6.212543,-5.343271,-5.552412,-8.191855,-6.767634,-8.5677185,-3.2551322,-2.8692048,-5.046719,-8.677649,-8.814634,-2.3138173,sad,Vinay,Vinay_sad_005.wav
-205.08972,180.42534,-31.886036,12.656442,10.013817,-19.680866,-21.20871,-16.766666,-23.096334,-21.569168,-19.018946,-15.91259,-16.80602,-10.851887,-6.3745685,-17.475704,-12.007259,-3.6415763,-6.0018,-14.76983,-11.833701,-9.358933,-9.230347,-5.238405,-10.293564,-10.857102,-6.812393,-1.01823,-3.0556402,-2.3836029,-1.6258284,-5.846601,-4.7215376,-7.0819263,-2.3027449,-1.7655809,-7.0941463,-6.510175,-5.5419383,-1.6734285,surprised,Vinay,Vinay_surprised_001.wav
-237.48528,177.58403,-27.837425,5.7544513,2.9165692,-17.065159,-15.624499,-12.31413,-21.661335,-25.202744,-17.573671,-15.560314,-12.497878,-7.441591,-11.901936,-20.220333,-12.638835,-4.021132,-5.323408,-11.300985,-13.545278,-11.75851,-7.0329294,-2.7957327,-3.9448063,-7.2812104,-6.3159313,-0.15269886,-4.2434554,-4.152476,-0.7349811,-6.4878564,-8.178601,-7.656783,-5.102025,-2.5720372,-5.235689,-10.462025,-7.9833755,-3.4714937,surprised,Vinay,Vinay_surprised_002.wav
-226.55421,174.2307,-29.335943,3.1728802,5.926145,-10.445454,-8.989547,-8.667157,-19.165289,-23.064608,-17.93375,-13.421892,-13.282791,-7.894955,-10.148689,-19.818228,-11.359447,-3.7333798,-4.1715517,-12.259274,-11.860451,-10.070908,-10.586988,-3.885402,-5.988676,-9.114747,-7.771565,-3.2859213,-3.858381,-2.370234,-0.8940567,-6.116273,-7.930101,-8.7548895,-5.365329,-2.741364,-6.380391,-11.833165,-10.023039,-7.2257614,surprised,Vinay,Vinay_surprised_003.wav
-221.20328,188.2896,-34.24295,9.313815,2.0186431,-12.131124,-17.799145,-17.738024,-22.32282,-24.47059,-16.088804,-15.458059,-11.789005,-7.702463,-9.662131,-19.58695,-14.198776,-3.863653,-5.00944,-11.351785,-11.398704,-9.607488,-7.28774,-2.0191605,-5.7386355,-9.246786,-10.126394,-6.7626944,-5.096641,-1.887764,0.34728855,-4.788635,-4.231974,-5.0960264,-3.5862703,-1.6267579,-6.128731,-9.190377,-8.240394,-5.640122,surprised,Vinay,Vinay_surprised_005.wav
-247.91124,163.39975,-10.641154,6.191613,11.398078,-4.5286245,-27.614817,-21.93534,-13.666344,-13.702048,-12.179262,-15.472485,-11.557345,-4.918657,-3.6880677,-14.775674,-9.798758,-3.4321864,-11.121963,-11.163347,-6.853864,-4.4055295,-8.037609,-11.129771,-9.100368,-4.0742145,-7.8309298,-11.428962,-0.29650348,0.61397386,-3.8589067,-0.62617004,-2.562345,-2.195163,1.5177763,-0.85407203,-4.138851,-3.6512954,-1.1487634,-2.5430238,angry,Vishesh,Vishesh_angry_001.wav
-240.74045,178.7705,-23.024477,17.736992,2.436052,-4.5095716,-21.784103,-17.792727,-9.46275,-9.798518,-9.377139,-15.214047,-11.173916,-4.84716,-2.436573,-18.302803,-15.152787,-2.9825408,-12.653546,-15.3244505,-7.3243804,-3.635365,-6.023341,-11.943347,-10.190505,-3.659496,-9.016477,-11.125631,-3.8272212,-1.2687502,-2.6648858,-3.215436,-2.5684958,-0.99207944,0.25297806,-2.8807006,-4.595171,-2.7757576,-3.4492617,-3.6115794,angry,Vishesh,Vishesh_angry_002.wav
-229.51216,170.02983,-16.252884,12.886875,3.0906656,-5.230455,-18.01786,-17.141611,-14.715568,-15.519503,-7.5608845,-11.562014,-14.853858,-4.114701,-1.3932396,-20.609695,-11.384859,-0.3967662,-14.643393,-17.468266,-6.7898965,-2.338492,-8.22279,-12.847075,-10.824866,-3.9179645,-8.431079,-8.488896,-1.9872571,-2.0284257,1.1881253,0.070073254,-1.0940142,-0.33641285,-0.771673,-3.8246443,-4.5250926,-0.14920013,-3.255032,-4.0336595,angry,Vishesh,Vishesh_angry_003.wav
-252.58536,171.48563,-18.095259,11.0498705,-3.0284934,-1.3906146,-24.08437,-19.180584,-9.439757,-11.3884735,-4.7924037,-11.131115,-12.911542,-6.2771387,-3.566666,-17.150106,-8.331015,-3.3964665,-15.287417,-12.691285,-6.975326,-5.4936194,-6.8095427,-9.557062,-8.849362,-1.863491,-6.6219597,-7.425554,-0.26802135,-1.6173182,0.15895045,-0.45353717,-4.0925746,-1.963639,-3.3344357,-7.6922894,-4.053437,-2.664757,-4.0917377,-3.6391585,angry,Vishesh,Vishesh_angry_004.wav
-318.23666,171.12822,-12.898645,8.006529,-3.301187,-0.17316438,-22.222052,-16.920843,-8.62478,-10.0674925,-6.8713093,-11.197864,-13.301264,-5.2150984,-1.1471249,-19.03671,-10.283247,-4.076602,-12.845495,-12.498793,-8.772684,-5.172221,-6.992828,-8.032756,-7.352859,-4.613663,-9.076233,-7.3137565,-1.6414918,-2.8931782,-1.8125216,-2.8755903,-3.244415,0.36887488,0.36873028,-4.844304,-4.8082023,-5.0785604,-6.0639844,-6.357264,angry,Vishesh,Vishesh_angry_005.wav
-195.06908,184.25485,-25.393541,18.475634,-0.587348,-6.218327,-26.621864,-18.807863,-12.749035,-13.178408,-0.8509363,-13.5999155,-17.005089,-6.819813,2.5991623,-10.131983,-15.36412,-2.508704,-10.708044,-12.671539,-2.1753738,-7.2906227,-7.0381923,-10.4831,-11.9505205,-4.886941,-7.8583837,-2.2806733,-2.5459588,-4.759964,-2.8133342,-5.5998106,-2.7517297,-1.3746817,-1.1225685,-0.41612646,-1.9976313,-6.451538,-5.7332387,-2.646278,calm,Vishesh,Vishesh_calm_001.wav
-244.60231,183.32143,-24.738846,19.206087,-1.580037,-8.155379,-21.543081,-14.2004795,-12.652498,-13.7744055,-0.55591035,-14.249729,-18.242281,-0.80810595,2.3907793,-16.65195,-9.811153,-4.042607,-13.429705,-11.499727,-8.531734,-5.1515226,-6.15907,-12.918393,-10.426915,-4.577928,-6.1084447,-3.3826342,-4.3938575,-2.8601272,0.1158752,-4.615149,-3.0534265,-0.9902022,-1.5304037,-2.2008772,-2.966285,-5.515433,-6.7253127,-3.2970872,calm,Vishesh,Vishesh_calm_002.wav
-240.94415,174.20804,-24.950184,27.181967,9.530369,-13.572163,-22.75506,-11.576907,-11.884693,-12.912411,-0.55603826,-15.40742,-16.520597,-0.14955896,0.63807523,-16.049097,-11.845796,-0.69406676,-10.931185,-14.9863615,-10.524534,-7.0497785,-5.6698446,-13.979894,-12.425439,-2.567137,-5.792709,-3.9345038,-2.9805698,-2.407422,-0.9919631,-7.0644445,-2.4786632,-3.3418422,-5.289984,-0.25347865,-3.3411636,-5.5984077,-5.7569304,-4.4552,calm,Vishesh,Vishesh_calm_003.wav
-300.94476,173.26474,-19.211021,16.647972,5.375061,-12.965132,-16.75707,-6.438309,-11.066633,-12.211901,-1.9706805,-13.903988,-14.451754,-0.14568155,-2.8940158,-18.182312,-10.685094,-4.5602264,-11.252198,-10.312355,-7.6438947,-8.8749695,-8.806808,-9.235991,-13.054074,-8.481466,-5.9440293,-5.0956974,-3.3276079,-1.3380371,1.9321243,-3.9345255,-4.134376,0.5060845,0.004648078,-0.13027419,-2.0952954,-5.8445907,-5.6423974,-3.5830266,calm,Vishesh,Vishesh_calm_004.wav
-287.62805,175.8121,-23.398304,14.886163,-0.6280225,-3.113359,-17.687641,-5.134652,-14.257824,-16.894356,-2.4862795,-16.86077,-11.338844,1.8187349,-4.798732,-22.353727,-9.635738,-3.9511433,-12.166563,-5.5214443,-11.784509,-12.832672,-7.5768223,-7.6149354,-7.413892,-6.867217,-6.792141,-7.3009906,-2.5705552,-0.4307355,-1.2760185,-4.171817,-5.029741,-2.1477637,-0.5800827,1.2483356,-2.0745564,-5.7925615,-4.155969,-3.1185598,calm,Vishesh,Vishesh_calm_005.wav
-242.11629,158.7819,-14.338197,19.517717,10.451317,-8.88934,-30.46302,-10.979666,-8.966638,-13.05993,-6.213252,-10.565616,-13.645525,0.14156412,-1.4267803,-12.646671,-5.2577987,-8.283671,-11.945288,-11.559667,-7.727578,-6.1040277,-9.036563,-7.636638,-10.997582,-8.886254,-7.3500576,-8.887758,-7.3981366,-4.1118383,-3.3094573,-7.892442,-4.4275975,-3.274639,-3.9326043,-2.98857,-2.5211298,-5.987692,-5.741753,-2.0315354,disgust,Vishesh,Vishesh_disgust_001.wav
-260.24622,141.77335,0.56631833,22.23556,-1.4737936,-0.56627935,-26.074684,-12.190892,-11.36677,-10.515249,-2.7017834,-9.088843,-13.877507,0.26957613,8.600128,-15.875543,-10.874293,-2.6977968,-11.047526,-9.319348,-9.355453,-8.8979645,-4.772005,-9.467436,-15.571244,-6.668556,-5.196628,-6.865552,-5.488899,-3.094327,-0.3046715,-6.9819903,-4.2754426,-1.5648155,-2.027466,-2.6524951,-3.530267,-5.56189,-6.5088367,-4.094396,disgust,Vishesh,Vishesh_disgust_002.wav
-217.42592,185.48105,-23.614344,10.835028,-4.344472,-14.209442,-30.641901,-20.761055,-14.539455,-10.633113,1.9958607,-9.486247,-14.735281,0.052717112,0.2508359,-14.253741,-9.169663,-4.8492794,-9.538935,-13.294051,-7.861969,-6.7702565,-9.068243,-8.242273,-13.83484,-8.642329,-7.044507,-10.296467,-7.166872,-2.941562,-2.5835998,-5.3126993,-2.5028481,-3.4337702,-4.2665277,-2.418261,-2.3347614,-6.0155163,-4.944034,-3.9793386,disgust,Vishesh,Vishesh_disgust_003.wav
-259.76395,156.35986,-17.353561,29.601334,-12.342424,-5.3641047,-27.972013,-8.270505,-12.8082695,-14.235432,-6.2929053,-16.713484,-7.9003754,-3.4570832,-1.1470109,-14.437941,-6.5993686,-7.257194,-11.7163105,-10.508862,-9.956286,-5.2426443,-9.854258,-11.298219,-9.561465,-3.4760191,-7.24194,-4.0082383,-2.6506774,-4.033528,0.487786,-2.0704122,-1.2876375,-3.1487012,-1.8401471,-1.0279125,-2.5702019,-6.1164527,-4.435682,-1.4243969,disgust,Vishesh,Vishesh_disgust_004.wav
-223.02846,171.56003,-9.452211,15.600103,0.269934,-2.436241,-25.698273,-12.708604,-15.052953,-14.156547,3.9807577,-13.255264,-19.011877,-3.4332583,-2.678053,-13.696086,-12.361552,-5.0209813,-7.9351196,-11.979423,-7.051105,-6.5781054,-5.5738635,-8.85469,-9.100191,-2.7081091,-9.158754,-8.742802,-5.2706523,-4.432,-3.8841927,-5.773456,-2.456061,-1.9379582,-0.3976471,-3.5412514,-2.5960133,-2.9803674,-6.1407294,-2.533114,disgust,Vishesh,Vishesh_disgust_005.wav
-245.64388,183.7854,-19.93942,18.800451,6.544116,-4.9172564,-26.075926,-17.945032,-9.161003,-14.693215,-5.646041,-14.404175,-12.248001,-5.1001863,-6.557102,-15.9312525,-14.203289,-6.0782394,-10.706325,-13.409194,-9.049109,-3.703702,-7.3811116,-11.657581,-5.7179604,-3.2687688,-9.904441,-7.355409,-1.6964328,1.216334,0.16027693,-4.156914,0.077783294,-1.8111691,-2.6948752,-1.5972639,-4.027646,-2.7038991,-5.234535,-4.737745,fearful,Vishesh,Vishesh_fearful_001.wav
-300.72318,169.85512,0.9570546,12.33382,15.399923,-10.318692,-23.405815,-15.091031,-10.5689125,-11.60812,-5.111416,-13.478375,-15.965228,-2.6748137,-7.449021,-20.263056,-11.504563,-4.9944243,-13.266953,-16.591646,-10.320653,-2.815854,-7.358492,-13.958693,-8.545108,-3.306116,-3.3253891,-3.997019,-0.5501039,7.4004774,2.7755027,-4.4674783,1.095518,1.1437703,-2.4877615,-1.8777272,-3.1872485,-5.9118166,-6.36174,-4.79729,fearful,Vishesh,Vishesh_fearful_002.wav
-273.50992,190.99841,-28.16026,18.652052,-3.7996182,-2.7805352,-22.442541,-21.111757,-13.575934,-12.437067,-2.3297153,-13.799343,-13.844351,-9.140502,-4.270932,-13.851928,-15.81306,-6.95165,-11.521743,-11.7125,-5.7304316,-6.23309,-7.300699,-9.303259,-8.868769,-3.928029,-7.4218097,-6.039352,-3.388541,0.74089384,4.6498923,4.4262366,5.500756,-1.5835725,-2.5711074,-1.5237335,-4.8981075,-3.9167922,-3.6575978,-6.683673,fearful,Vishesh,Vishesh_fearful_003.wav
-251.376,146.24258,-3.8323052,14.724566,9.329864,0.6863116,-18.221296,-15.434829,-8.961801,-6.4864135,-8.406573,-17.65421,-14.228028,-10.530855,-6.2952404,-12.104853,-15.499308,-14.696757,-16.507662,-10.507512,-4.75027,-5.474309,-7.0080447,-6.007784,-2.406159,1.7596086,3.9426823,3.5123508,-0.17945011,-0.76257575,-3.287111,-3.5969288,-2.0994024,-4.543677,-3.3181973,-4.390605,-4.343041,-4.858862,-5.3423,-3.3302522,fearful,Vishesh,Vishesh_fearful_004.wav
-220.15678,158.56654,-12.989021,11.908624,7.1983933,7.1097355,-12.072703,-14.7905855,-16.805395,-18.491638,-9.262712,-10.0931,-8.253902,-5.762504,-8.340897,-23.371323,-18.924604,-6.6340747,-13.3834305,-17.943033,-13.822395,-10.511069,-4.5590525,-3.6311617,-2.087606,6.457166,2.7013054,1.1549685,2.7403178,2.8067608,0.6636958,-5.6520553,-4.9508038,-3.3732133,-2.7900603,-4.3614554,-4.523876,-5.249266,-8.119763,-8.344372,fearful,Vishesh,Vishesh_fearful_005.wav
-215.82088,176.13745,-17.781857,22.580639,-5.293494,-10.229578,-24.781132,-6.025958,-13.633835,-13.124172,-1.401639,-22.510168,-9.541279,3.5191708,-7.4280195,-19.103975,-7.3175054,-7.9192295,-15.586194,-10.947023,-10.548731,-11.15416,-9.283857,-8.099056,-8.592529,-1.6524863,-4.835855,-5.125594,-2.9521685,-1.8366551,-0.34315276,-6.6293488,-0.98413646,0.520487,-2.180807,-0.64281225,-3.196567,-7.126085,-5.2942104,-2.5547414,happy,Vishesh,Vishesh_happy_001.wav
-218.22662,167.56232,-10.752311,17.081438,-0.5158402,-10.364767,-25.322647,-12.168937,-12.536199,-10.085634,-5.199282,-20.25848,-10.484037,-4.4426923,-7.6771493,-15.119493,-11.451657,-7.1226115,-8.438802,-10.157311,-11.154954,-6.146359,-3.4942117,-5.7853036,-9.512565,-6.3266287,-8.990443,-5.538127,-3.3782396,-6.2272496,-2.1460018,-2.921198,0.5892114,-2.8995144,-0.35053515,4.777186,-4.2267604,-4.0131116,-3.7113833,-4.0183344,happy,Vishesh,Vishesh_happy_002.wav
-234.94899,162.37354,1.2722744,11.029071,-7.6848106,-10.761536,-26.836311,-13.399621,-10.080438,-8.738485,-1.3126636,-18.817976,-16.304419,-3.8524354,-7.4811196,-18.04204,-10.759347,-6.698002,-12.054431,-7.9584427,-8.7635565,-7.0608826,1.6493652,-6.449895,-8.835737,-4.621294,-11.005741,-6.524179,-6.260169,-4.9334865,-1.7471958,-4.1989775,-2.1848001,-2.6326797,-0.28905368,0.3288578,-1.493756,-5.7068596,-5.707957,-3.1353302,happy,Vishesh,Vishesh_happy_003.wav
-261.08875,153.75476,7.525842,16.76399,5.4058795,-15.0817,-28.915642,-4.963894,-16.859976,-19.159044,-3.4367995,-15.138225,-13.568715,3.0316172,-6.7930274,-20.96157,-10.1529875,-10.205798,-12.029268,-12.54498,-13.872739,-10.618752,-7.014936,-9.263904,-10.5809765,-3.0072749,-1.3440493,-0.8340561,-1.7050518,4.6263657,4.0537596,-5.2523537,-1.8277395,-0.6647567,0.02627649,0.84711677,-2.2456427,-7.936165,-4.9932337,-5.1190166,happy,Vishesh,Vishesh_happy_004.wav
-274.80182,175.13475,-13.2791605,21.260145,-5.001779,-9.008717,-25.611208,-6.0470066,-15.364886,-20.00716,1.7755576,-13.884229,-12.056636,0.22716765,-8.892597,-19.068493,-11.457135,-7.999462,-11.162237,-12.1958065,-9.683836,-6.5718956,-3.9383097,-6.564466,-11.265997,-4.995355,-5.3117332,-5.9613743,-4.9179673,-0.24528486,0.6345959,-5.2629337,-1.1758103,-2.2561295,-1.6171832,-2.0690103,-3.782349,-6.6450744,-5.5532293,-1.9302167,happy,Vishesh,Vishesh_happy_005.wav
-220.05113,179.96729,-26.182852,10.837593,0.0284729,-17.485596,-2.1249998,-10.49218,-21.90311,-14.532398,-5.748315,-15.33711,-8.051332,5.295943,-10.970344,-21.368958,-6.779672,-0.6470036,-8.624186,-8.303889,-10.431257,-13.797049,-2.7949347,-4.347625,-9.642172,-4.809216,-8.214725,-12.485269,-8.859992,-0.21067403,-1.3588482,-4.797821,-1.8522646,-1.2522606,2.61856,4.191597,-0.042845905,-4.308551,-5.4539733,-4.30573,neutral,Vishesh,Vishesh_neutral_001.wav
-206.21349,179.47188,-21.946934,8.54271,3.895897,-12.632775,-2.584415,-9.427739,-22.355536,-16.628868,-3.4288974,-10.353131,-8.718108,0.72597826,-9.525758,-15.251443,-9.540964,-6.8886833,-6.655566,-7.856952,-11.145961,-11.588748,-2.421223,-4.958346,-12.96027,-6.657661,-5.0865045,-9.792395,-7.597986,-1.2788172,-4.1644483,-6.43326,-0.379786,-1.4100511,-0.87821764,4.0497246,-0.30152813,-5.64159,-3.5129082,-2.5570905,neutral,Vishesh,Vishesh_neutral_002.wav
-194.92802,182.29105,-22.90886,1.4236798,2.9272342,-8.996303,-6.0001082,-2.9602687,-20.604313,-18.610115,-8.389516,-16.17098,-8.822183,-3.7367036,-10.199648,-18.339725,-10.912851,2.0421305,-1.4320524,-10.569525,-16.349377,-12.834544,-1.100401,-4.0110736,-8.40209,-3.7314742,-8.622063,-9.617924,-4.6200423,-0.88507557,-3.0728552,-5.1006007,-1.6079788,-3.0849414,0.78992367,6.150641,0.094921514,-6.2563243,-3.8457646,-1.9526536,neutral,Vishesh,Vishesh_neutral_003.wav
-207.43578,175.72249,-19.85837,16.521984,1.3905916,-16.843426,-1.84132,-8.563671,-25.262058,-16.352274,-3.5401497,-20.766352,-12.880139,-1.1347756,-12.066357,-16.409706,-12.845195,-4.4340553,-7.80464,-11.174761,-10.578115,-9.488839,0.008465896,-7.580377,-13.369613,-4.407327,-4.589093,-4.525102,-3.724301,-1.1307539,-0.52988404,-4.684784,-1.6627976,-1.7403078,-0.6126322,1.2958943,-4.6186433,-5.3055267,-2.3343973,-0.99439234,neutral,Vishesh,Vishesh_neutral_004.wav
-244.3936,170.34511,-31.001299,23.325478,-24.526619,2.1801527,-15.367297,-8.567559,-16.906717,-19.849617,-4.940857,-17.22878,-4.9950385,-5.664375,-9.062982,-13.798869,-9.589573,-2.6036103,-6.03929,-9.508225,-9.862621,-6.712361,-2.2642267,-6.811484,-7.8365507,-3.1515687,-11.751209,-7.448769,-5.3167257,-3.4424314,0.060237944,-7.133238,-4.2051625,-2.41222,-1.4866569,-1.3715365,-3.5172217,-4.544295,-2.7988443,-2.2212553,neutral,Vishesh,Vishesh_neutral_005.wav
-267.38583,198.60428,-31.478964,24.85112,-4.2855077,0.18419036,-23.565784,-13.424924,-4.561748,-9.803938,-6.298258,-19.823977,-7.764752,-4.956011,-7.289544,-18.167654,-14.3681345,-6.533419,-12.3769455,-9.875233,-9.706562,-5.066838,-4.9442353,-9.830919,-9.915058,-5.454809,-6.1277127,-7.9629197,-5.685164,-2.474315,-2.6364949,-8.259397,-4.855877,-2.814169,-2.4817553,-1.6104075,-4.9320083,-2.5080345,-0.01702549,-2.8064873,sad,Vishesh,Vishesh_sad_001.wav
-230.56664,195.64006,-27.714457,15.66621,3.068183,-0.92971176,-16.538431,-14.137095,-14.836623,-15.462573,-2.9461448,-16.317633,-4.4765434,0.5003543,-13.375504,-18.674738,-12.239851,-6.509613,-9.489326,-14.36416,-14.420636,-7.733063,-12.284299,-12.523255,-6.773098,-5.054215,-5.478196,-8.706751,-3.6945794,3.649916,0.6380919,-6.945298,-8.397639,-6.505513,-1.5769631,-1.8372595,-4.1407294,-0.8492298,-3.505492,-4.227936,sad,Vishesh,Vishesh_sad_002.wav
-231.49625,196.73732,-28.594395,25.732307,1.2870518,2.7103963,-18.27572,-9.055744,-10.805444,-17.197054,-5.2153783,-15.335673,-1.9552362,0.5041549,-10.418886,-19.759945,-12.004258,-4.891529,-11.367671,-15.554473,-13.591563,-8.795904,-11.374971,-13.17766,-10.954804,-6.1474276,-8.292709,-6.680187,-1.7093784,2.5227792,2.1455884,-5.776807,-7.9754395,-6.352747,-1.2862167,-4.251737,-5.713694,-3.3027904,-4.7100163,-4.4010296,sad,Vishesh,Vishesh_sad_003.wav
-144.14828,197.31226,-44.051773,29.298967,-9.93607,6.0849814,-32.962914,-15.025216,-13.177018,-10.942247,-7.2297945,-21.55778,-2.9071043,-6.0677547,-8.97764,-18.79325,-11.703735,-7.0056176,-8.238125,-11.721754,-9.625729,-0.18378761,-4.095967,-7.0158587,-6.2370696,-2.4371624,-10.402131,-10.407931,-6.3541603,-1.772438,-4.50209,-9.487651,-4.7654614,-4.6446486,0.0022929797,-4.820322,-3.3525317,-2.570668,-2.318001,-0.59877145,sad,Vishesh,Vishesh_sad_004.wav
-266.57846,198.45291,-33.634182,23.166164,-4.8946795,-2.2427292,-22.310436,-20.479172,-14.171479,-13.286201,-7.2811913,-14.550109,-7.024266,-4.7574368,-2.102202,-14.0962715,-10.917798,-5.632078,-11.569317,-8.639455,-8.260512,-5.980973,-8.163888,-11.723799,-7.5238976,-5.9663243,-12.024832,-6.5246434,-3.5939856,-1.8460779,-1.7178009,-8.905057,-4.535652,-4.3977866,-2.2665427,-3.8363726,-8.1035385,-1.4033272,-0.5233049,0.5590466,sad,Vishesh,Vishesh_sad_005.wav
-259.2859,160.78033,4.613973,10.034457,14.982035,-1.0675449,-22.23683,-13.472551,-19.337679,-13.213968,-2.1108882,-15.54078,-19.185026,-5.3435454,1.3788527,-12.946733,-11.742561,-8.233273,-13.379022,-10.832359,-7.0541754,-6.4504266,-6.480661,-9.415215,-9.486352,-3.581573,-2.11637,0.4006755,-1.0680029,-0.42843935,2.118565,-1.3466874,-1.0289645,-0.4216813,-2.66033,-4.4122663,-3.3148623,-6.0471115,-7.2739086,-4.353641,surprised,Vishesh,Vishesh_surprised_001.wav
-266.25342,163.67744,-7.14225,19.553066,9.554917,-4.814644,-24.120752,-16.083324,-18.683575,-11.362687,-2.3908484,-18.27497,-17.057953,-8.779175,-1.2617505,-13.209168,-14.203093,-4.3848433,-12.315719,-11.274585,-6.5247135,-8.568923,-7.107355,-8.456545,-9.173868,-4.0088406,-5.345169,-4.6712837,-1.6480863,-2.1328073,-0.21084607,0.52916,-1.3076804,-1.5629171,-1.4223548,-3.0046964,-2.5664818,-4.8525324,-6.437423,-4.9849176,surprised,Vishesh,Vishesh_surprised_002.wav
-221.14334,155.59892,-9.588047,18.539759,8.524378,0.1776423,-20.983776,-15.997624,-17.446527,-9.377889,-1.6170936,-16.878271,-19.866596,-8.137065,0.7814646,-13.133713,-13.086291,-5.857722,-13.34245,-13.319109,-6.5733805,-6.269694,-5.3705683,-7.8819113,-9.295341,-3.5733917,-4.5492587,-1.5599256,-2.3763142,-2.5252612,2.8070161,-0.68087834,-0.8518051,-0.54082096,-1.038864,-2.8401237,-3.4169667,-4.0857935,-6.0098367,-4.418394,surprised,Vishesh,Vishesh_surprised_003.wav
-235.0154,145.68423,-10.388901,22.546806,-3.7278287,3.0461462,-28.726393,-11.907276,-16.09631,-15.385682,-1.9123007,-17.259993,-14.823768,-11.241646,-0.52296895,-15.882822,-15.914364,-4.766715,-10.364088,-5.821576,-6.7379375,-7.782424,-3.6275897,-6.301217,-7.3124986,-5.774454,-7.275476,-1.6710064,-3.484781,-2.4045956,1.7650707,-3.2670255,-1.6952115,-2.8370125,-1.1211272,-0.8249156,-4.6797,-5.2696295,-7.3857803,-5.8522677,surprised,Vishesh,Vishesh_surprised_004.wav
-235.20515,156.14659,-11.326799,28.731253,-0.8384604,-1.2524283,-25.446194,-7.009304,-20.723974,-15.199738,-0.5583432,-21.962667,-18.07446,-6.294974,-1.6334507,-13.438069,-15.642365,-7.9102316,-8.37042,-8.96431,-4.307504,-5.558645,-6.407401,-6.4263287,-8.255887,-4.412723,-1.9751601,-0.5182608,-3.7040403,-2.1120574,1.738041,1.0553681,-1.1953995,-4.2612844,-0.08250623,-3.2839794,-2.6244016,-2.909634,-7.6840806,-5.2733607,surprised,Vishesh,Vishesh_surprised_005.wav
