mfcc_1,mfcc_2,mfcc_3,mfcc_4,mfcc_5,mfcc_6,mfcc_7,mfcc_8,mfcc_9,mfcc_10,mfcc_11,mfcc_12,mfcc_13,mfcc_14,mfcc_15,mfcc_16,mfcc_17,mfcc_18,mfcc_19,mfcc_20,mfcc_21,mfcc_22,mfcc_23,mfcc_24,mfcc_25,mfcc_26,mfcc_27,mfcc_28,mfcc_29,mfcc_30,mfcc_31,mfcc_32,mfcc_33,mfcc_34,mfcc_35,mfcc_36,mfcc_37,mfcc_38,mfcc_39,mfcc_40,emotion,actor_id,file
-475.36145,128.66156,-10.98808,26.386919,14.508468,-5.558029,-9.686414,-12.318477,-29.368032,-9.753016,-1.6119391,-10.491249,2.7419355,-11.012528,-1.8277745,-0.37992036,-12.851696,-5.3580976,-4.034119,-2.9568799,-16.009373,-1.9322249,-5.515381,-11.770221,-4.835795,-2.362702,-12.41961,0.1838082,-5.84053,0.10476642,-5.5249004,-5.7677073,-6.251715,-4.5945935,-8.091414,-4.288662,-2.7419782,-4.7490354,-8.5451975,-3.4093814,neutral,01,03-01-01-01-01-01-01.wav
-475.27838,119.9053,-6.976894,29.602516,14.480287,-6.964827,-8.557398,-14.462408,-29.714369,-7.122497,-2.5779552,-8.868516,0.59402674,-11.955792,-2.106044,-0.123343,-13.451134,-3.6057787,-6.637701,-0.3229096,-16.029476,-2.800074,-5.5183525,-13.474564,-3.7067542,-4.228844,-12.913553,2.0740077,-6.0800977,-1.6203488,-4.2029862,-6.7544184,-4.4343514,-6.245308,-7.868758,-3.0809228,-3.7037978,-7.9521747,-7.652736,-4.961828,neutral,01,03-01-01-01-01-02-01.wav
-457.97974,122.867676,-6.0311704,29.281155,5.2978096,-2.8757017,-8.163219,-15.194167,-26.826042,-11.60111,-1.901313,-9.026659,2.8735037,-9.622704,-5.7895665,1.9001081,-13.22061,-8.353914,0.3187753,-1.0615116,-15.0770445,-2.7001295,-4.686576,-8.813359,-4.4889493,-0.9034978,-11.092763,-1.654231,-6.2305107,-1.617832,-4.4731956,-4.82375,-5.455871,-4.7281866,-7.05485,-4.963065,-2.9672925,-6.6113515,-8.066132,-4.9786186,neutral,01,03-01-01-01-02-01-01.wav
-460.94684,114.85395,1.208189,29.322582,9.210845,0.7177314,-8.37624,-18.38697,-24.951826,-9.48429,-1.0983588,-7.567579,-1.1828983,-9.837301,-5.4941435,3.1702724,-13.193339,-7.4735074,-1.0410094,-1.705995,-12.767874,-4.2792277,-3.6555655,-8.424645,-6.226421,-2.8010495,-12.255952,-1.7019482,-6.8404365,0.09067942,-7.0369515,-5.560081,-6.3012643,-5.788417,-7.157035,-3.3547618,-2.3276947,-5.755867,-7.794886,-7.7337947,neutral,01,03-01-01-01-02-02-01.wav
-529.6161,121.39683,1.1881688,27.899853,12.145414,0.24472895,-10.153529,-9.348992,-21.907263,-12.003468,-1.0054479,-8.987131,1.5231687,-8.830317,-2.3203118,2.7946472,-15.646837,-2.463148,-2.9164681,-4.457741,-12.628368,-3.0912359,-6.176962,-9.821036,-4.716344,-3.1428196,-11.338264,1.5834737,-7.824615,0.33687648,-5.356757,-2.7114415,-3.964637,-5.4206142,-4.684246,-1.3840355,-4.3188205,-3.4186788,-7.604339,-5.8434834,calm,01,03-01-02-01-01-01-01.wav
-535.63086,129.0828,3.5120592,20.688974,15.946901,0.60934466,-9.95,-10.515665,-17.304958,-10.51249,2.2700653,-5.910411,-0.045569446,-7.556556,-3.8874881,2.108186,-12.204888,-6.034335,-2.2771225,-3.3670442,-10.5945,-4.276646,-5.512346,-9.820169,-5.442446,-2.9900663,-9.725399,0.02659098,-6.707151,0.5470849,-6.7441335,-4.0961432,-6.763202,-6.7400017,-7.4100943,-2.2703803,-4.1066313,-5.812602,-7.9626026,-7.78432,calm,01,03-01-02-01-01-02-01.wav
-494.4482,123.45144,-4.6444044,24.362318,7.1931047,0.9882997,-4.830829,-11.04937,-19.69796,-11.812277,1.3836308,-5.1048965,2.730511,-11.472553,1.6207036,-0.9420395,-14.354571,-5.8612785,-0.7732255,-5.028571,-12.788486,-3.0050993,-4.856237,-7.4427843,-6.095983,-2.3630419,-11.749549,1.0839611,-8.870855,-1.0083619,-6.264538,-4.0478916,-5.4117193,-6.862475,-8.986386,-3.6155248,-4.855603,-4.9380026,-9.324937,-5.8093057,calm,01,03-01-02-01-02-01-01.wav
-485.5119,130.99965,-4.188628,23.797876,10.764026,-0.13770889,-5.5133853,-15.188181,-19.241888,-12.195707,-0.42682585,-5.421401,2.8551207,-10.158248,-0.4852905,1.6208972,-14.371333,-5.7034082,-2.102583,-3.8377478,-15.080814,-3.828775,-5.7232237,-6.397177,-6.6404414,-1.8123229,-10.400722,0.16533165,-8.51943,-0.5556755,-7.6812997,-3.6836767,-4.696057,-5.3300285,-7.6763363,-4.3845263,-3.2666147,-6.0655465,-7.721118,-7.299978,calm,01,03-01-02-01-02-02-01.wav
-544.9917,126.9572,5.8185973,24.317837,13.501465,0.87749434,-9.612316,-7.130634,-14.086161,-11.212532,1.4854842,-1.63777,-0.91933393,-7.8992767,-0.59902334,0.10341553,-5.01345,-5.9049516,-1.2191554,1.4676737,-14.6418295,0.6160834,-5.091105,-8.730554,-3.8135123,-1.9328027,-6.935102,1.8598465,-6.9949975,-0.3545787,-6.923768,-5.563852,-7.3339586,-4.1099544,-10.697639,0.55328065,-6.0285664,-5.2360463,-9.5965395,-6.5880394,calm,01,03-01-02-02-01-01-01.wav
-540.5627,116.61178,1.7645918,20.89304,9.810775,0.7030166,-8.198424,-10.542771,-13.931955,-10.450419,3.017276,-3.8360095,-1.3700356,-9.255971,-0.8761825,-1.4564556,-8.605067,-4.837315,-1.7795451,-1.3866667,-12.867732,0.84745175,-4.3174763,-8.085932,-4.9699965,-3.3134043,-9.407411,-0.38034022,-5.8640804,-1.6670632,-7.3224754,-4.4150395,-7.3904643,-5.193861,-9.582486,-1.9055035,-4.6638193,-4.505592,-7.9696193,-6.321804,calm,01,03-01-02-02-01-02-01.wav
-527.461,108.49837,6.2078576,18.688086,4.2224355,8.152343,-10.305053,-9.359104,-15.881861,-10.6560135,0.88583785,0.37870198,-0.25792846,-8.947025,0.9262745,-2.8864458,-9.891372,-5.2809052,-3.8147168,-1.6364392,-14.329653,-0.5157929,-2.5070996,-8.814754,-4.4602065,0.16137744,-10.287972,1.8875574,-8.159902,-0.6319354,-7.4456496,-3.7969737,-4.786333,-5.2373776,-8.162068,-0.7703628,-3.4673789,-6.2425184,-8.457473,-5.0616107,calm,01,03-01-02-02-02-01-01.wav
-506.67426,109.67476,-1.2771487,26.903315,6.81771,4.969771,-9.661441,-13.598668,-17.34249,-9.7627,4.0301843,-1.8190169,1.0565612,-10.084556,-1.3519281,-1.5480741,-10.621599,-5.650924,-1.9841225,-1.7218909,-14.737363,-2.7717767,-2.3267157,-8.310954,-3.0236194,-1.9494833,-8.919026,0.49636808,-6.06889,-2.3623757,-8.0800495,-5.126972,-6.781554,-5.1352606,-8.625402,-1.3878676,-4.0322385,-7.275908,-8.848473,-6.9654946,calm,01,03-01-02-02-02-02-01.wav
-434.06412,123.62624,-12.899037,25.5332,3.8508475,-9.731235,-12.680839,-13.417366,-25.771008,-9.187785,-6.099634,-15.843839,1.2830734,-11.970827,-7.2952003,3.327418,-19.003828,-6.558769,-5.7670097,-6.716951,-13.61379,-0.095194034,-6.734781,-9.987801,-5.711575,-4.7881737,-12.171126,0.10378271,-8.981227,-1.9945679,-5.8663254,-5.562427,-5.3473244,-7.7793155,-8.619499,-4.9528055,-6.166461,-2.556537,-4.526325,-1.0683,happy,01,03-01-03-01-01-01-01.wav
-460.50876,120.59037,-17.228426,26.474745,9.47463,-6.040639,-15.547121,-11.084901,-28.8018,-4.270088,-1.665665,-14.678971,5.349377,-10.255905,-6.845854,4.1560783,-17.445465,-6.885531,-0.45898443,-4.511546,-13.463232,-0.8116739,-8.043667,-12.047854,-2.1324131,-3.2665443,-8.109277,-1.9208636,-8.249983,-3.1356342,-3.7836146,-7.436903,-3.7525826,-5.9772143,-6.211948,-3.5508304,-2.605866,-4.369954,-4.688978,-2.0842917,happy,01,03-01-03-01-01-02-01.wav
-451.08545,123.47197,-3.4182332,27.179432,-1.9641423,-5.2616587,-12.695423,-13.785055,-29.686495,-12.529333,2.4256883,-14.562832,3.2737005,-11.199731,-3.9763856,1.5119535,-16.288246,-5.12749,-2.6221485,-8.112084,-11.448955,-4.174713,-6.6890707,-9.067101,-6.016586,-0.6424022,-12.240341,1.2363787,-7.27011,-1.8946509,-5.2242002,-5.0139856,-5.546852,-6.920384,-7.8676043,-4.643858,-4.4286137,-3.2281396,-7.8321943,-4.489896,happy,01,03-01-03-01-02-01-01.wav
-445.37372,105.76088,-6.3105426,30.29395,-1.3491646,-3.6953568,-8.793813,-13.771107,-29.140741,-11.838752,-1.6187155,-11.04331,3.259379,-11.332432,-4.109397,0.012878418,-17.917076,-5.34798,-4.073795,-7.001995,-12.421674,-3.032304,-6.2167897,-9.020183,-6.741185,-0.21958445,-14.025513,0.10819459,-9.160932,-2.155093,-6.4077044,-4.5172915,-6.1401634,-6.3747883,-7.8362236,-3.6230867,-5.0247,-5.3546023,-9.368229,-3.5656934,happy,01,03-01-03-01-02-02-01.wav
-385.3472,98.61836,-17.843323,8.539374,-7.9827824,-7.2325897,-28.061178,-18.844467,-22.742556,-20.839645,-4.0623393,-14.332775,-4.9210076,-10.048222,-14.143798,-2.5046003,-19.062548,-7.9717474,-6.9885015,-11.552831,-11.729748,-6.0599136,-9.660181,-10.740426,-7.259482,-3.9510243,-4.1510043,6.542026,2.912094,2.5927956,-4.636984,-2.5544732,-2.0940273,4.716881,4.1385703,12.492461,5.9853096,2.4336205,-2.0572484,-0.84316707,happy,01,03-01-03-02-01-01-01.wav
-377.05484,103.58891,-26.820845,9.119331,-2.824392,-10.469889,-25.247778,-14.868796,-33.150387,-22.219585,0.5569239,-19.301636,-4.2753816,-7.6862593,-17.762733,-1.699375,-17.692753,-13.987654,-6.065344,-12.39809,-14.397696,-8.119514,-8.387153,-11.123373,-5.7413454,0.88451064,-10.629941,0.3354487,-3.2288017,-6.4235115,-3.036734,3.0144277,2.1022315,5.05603,0.6003571,9.188105,8.774054,12.015068,4.944455,1.5711749,happy,01,03-01-03-02-01-02-01.wav
-343.72998,84.959236,-18.758696,12.49168,-5.142589,-9.008867,-21.767206,-14.696766,-35.730453,-12.6884365,-1.9916273,-18.713577,-0.46576995,-9.21485,-16.015574,1.5694997,-20.32052,-8.043732,-4.908334,-10.053752,-14.388721,-5.2795067,-10.0589695,-11.295509,-9.184533,-6.9076076,-13.213926,-5.0760903,-9.73343,-3.830647,-1.042898,-0.44730052,4.4263372,3.0654268,2.4046795,3.61368,5.4589467,4.8527074,3.087342,5.1761146,happy,01,03-01-03-02-02-01-01.wav
-351.04266,87.78546,-18.9764,7.2525125,-6.3781247,-9.836133,-20.189646,-18.025383,-33.647007,-16.1339,-4.9503756,-14.1219425,-1.6928604,-6.445893,-17.177095,-0.5038819,-17.121012,-11.96314,-4.780672,-6.2946587,-15.6274,-4.838583,-8.630685,-13.050722,-8.363133,-3.6651785,-12.560326,-3.8317094,-8.580331,-6.0212903,-6.115928,-3.8992789,-4.6444325,4.170307,0.29064083,6.8926077,3.3846424,4.0933514,2.0861354,5.907022,happy,01,03-01-03-02-02-02-01.wav
-513.22363,119.26658,-7.5787435,25.535244,12.741133,-5.9138365,-4.9522142,-16.334793,-22.129642,-7.761534,-8.217227,-4.16841,-0.846978,-13.464638,-4.196153,-1.9130392,-10.675422,-9.545648,-6.859705,-1.6811905,-14.772843,-4.534768,-5.0895414,-10.785108,-4.653875,-3.986924,-9.54638,-2.71323,-4.9561863,-4.070436,-4.721391,-4.2507167,-4.727113,-4.748357,-8.832034,-5.454651,-4.6901784,-4.6474223,-7.3847446,-5.976709,sad,01,03-01-04-01-01-01-01.wav
-501.78848,126.87224,-9.400286,30.942467,12.597974,-6.4786043,-2.2604015,-15.308631,-21.688723,-11.993453,-4.4184494,-4.2044344,-2.1380112,-9.333297,-2.9686174,-0.8603132,-9.985767,-6.997813,-3.9502385,-0.23288688,-16.917673,-3.7345524,-3.4371743,-9.964054,-3.6779585,-3.4381428,-9.143508,-3.9373693,-7.131484,-2.2137504,-3.6856384,-3.9680998,-4.1442304,-2.2682066,-8.284241,-0.86937535,-4.3538823,-5.071193,-6.963878,-6.0431294,sad,01,03-01-04-01-01-02-01.wav
-514.5408,128.17809,-9.591345,31.663254,11.998968,-6.7848916,-4.835098,-17.938278,-25.729574,-10.2538805,-3.0986946,-3.5138638,-2.232655,-7.438609,-6.721348,0.5606516,-11.579872,-14.227845,-0.40962338,-1.5245801,-15.681743,-4.9357386,-5.8834977,-10.438846,-3.605537,-1.8628572,-7.355434,-0.35574323,-8.024268,0.056048978,-5.9565854,-7.2342873,-4.1715765,-3.6209667,-7.5463767,-2.3332021,-2.5796313,-5.1527925,-9.588177,-6.5306225,sad,01,03-01-04-01-02-01-01.wav
-495.29623,119.7042,-4.5607443,36.16182,10.268322,-5.2342935,1.0829027,-16.640844,-27.43601,-11.412782,-8.205739,-6.786911,0.09381168,-9.380112,-6.8980384,3.8142912,-8.871248,-9.481661,-2.324926,0.2505402,-16.614452,-4.937927,-4.6813636,-8.499083,-3.805699,-2.0998545,-10.40467,-5.476844,-5.9117093,-0.67418253,-4.555123,-3.6369202,-4.8336987,-5.25902,-8.973465,-3.4370732,-4.6052938,-3.7230427,-6.170325,-5.968576,sad,01,03-01-04-01-02-02-01.wav
-493.83105,121.823265,-3.082817,29.577917,11.112503,-8.287097,-5.6496706,-18.568552,-22.626612,-5.733133,-7.87163,-8.016795,-1.9479805,-12.775463,-5.6416416,0.24069904,-12.131545,-8.01086,-6.8297997,-2.0931423,-12.688449,-3.7936754,-6.2454896,-11.266052,-5.0152164,-2.9502997,-8.556194,-0.06764439,-4.997857,-1.8048726,-6.7794285,-2.950423,-7.3167205,-4.444508,-8.61187,-3.5366497,-4.827277,-6.428127,-6.2813034,-7.005567,sad,01,03-01-04-02-01-01-01.wav
-433.6783,111.22429,-10.61206,22.023254,7.136577,-8.528302,-17.89343,-14.642555,-33.558445,-9.266057,-4.8943024,-15.456159,1.1500509,-11.7927,-12.577057,2.9296865,-20.871521,-8.383894,-1.8178078,-6.2647405,-14.453928,-4.7549706,-14.970928,-8.287057,-9.119018,-3.5954833,-10.555615,-5.4225655,-5.9049997,-3.4665933,-6.569306,-6.082747,-7.1683493,-3.8939233,-7.4380307,1.5215448,-0.9345186,-4.256621,-7.3872743,-3.961624,sad,01,03-01-04-02-01-02-01.wav
-429.27875,108.37127,-15.979887,27.876743,6.0103326,-9.279928,-14.615537,-17.767775,-39.00808,-10.988417,-5.169176,-14.897634,1.2328062,-11.879471,-8.860452,2.7409823,-14.645377,-9.862239,-5.5697894,-5.237656,-15.9720545,-7.6429634,-4.8882155,-12.079511,-9.921832,-2.1156754,-14.17176,-2.8439965,-7.9026947,-4.16836,-7.293666,-5.030686,-7.424094,-5.5690002,-8.340878,-4.935002,-1.6391826,-1.2379627,-0.84123015,0.10936285,sad,01,03-01-04-02-02-01-01.wav
-397.3705,98.671364,-11.736289,24.35734,1.9593477,-9.5485525,-15.94986,-18.80143,-34.45545,-9.190782,-4.434998,-13.253261,1.4024299,-12.994416,-8.666584,2.6643996,-17.174568,-9.340851,-5.662213,-6.4592347,-15.221366,-4.453131,-5.8911157,-11.832739,-6.7488966,-2.2905579,-12.125234,0.49959326,-9.900183,-1.8646306,-6.9638267,-4.778471,-7.8463044,-6.099087,-7.3539414,-3.343737,-2.923498,-4.8834424,-6.241369,-4.092573,sad,01,03-01-04-02-02-02-01.wav
-356.7029,82.89585,-8.331769,23.992935,-6.074459,-7.6588697,-8.429735,0.4574056,-25.41627,-11.402713,-2.7873557,-9.568277,-0.8988535,-10.206597,-7.190513,-2.5921407,-12.961754,-3.8861108,-7.826607,-6.860936,-9.892419,-4.4282713,-8.273424,-7.571586,-6.3211937,-3.0221164,-10.637564,2.9256637,-4.16143,-1.7492329,0.21293391,-0.16233742,-3.5029325,-3.3270535,-4.6804867,-0.08450882,-2.7007573,0.11174468,-7.484211,-2.4926636,angry,01,03-01-05-01-01-01-01.wav
-342.11487,73.236855,-8.065656,17.674734,-11.154684,-8.159592,-12.428367,-13.055396,-24.419973,-14.207366,-9.540788,-11.776574,-4.8709965,-11.013629,-8.395562,-5.5513635,-17.659748,-3.9375498,-10.893968,-8.505445,-8.443336,-4.6032877,-3.9696236,-2.8905284,-3.3987427,-0.6381108,-6.4813366,-0.048227973,-5.6995196,-4.089526,-2.6561878,-3.8957474,-4.0846753,-3.3188574,-4.4101243,3.1531816,0.08949801,5.530378,-0.5554245,2.4701114,angry,01,03-01-05-01-01-02-01.wav
-372.21655,90.64702,-3.5254488,25.45984,-5.224171,-7.614258,-12.040869,-12.165112,-30.147635,-11.980462,-9.691185,-9.653843,-2.419414,-12.970105,-5.6025357,-0.6529522,-18.491611,-5.8502584,-4.1098647,-10.17729,-13.171765,-4.2531276,-8.031489,-10.505757,-6.9593916,-4.6288414,-11.723011,-2.301194,-6.117196,-3.883323,-1.4517474,-2.3571346,-2.1018045,-1.9236648,-4.767204,0.7317404,-2.2791677,-1.0220435,-4.743298,-0.23686248,angry,01,03-01-05-01-02-01-01.wav
-341.06815,80.92845,-7.0551066,17.697145,-4.409892,-11.022975,-8.343137,-11.701834,-32.188732,-13.512318,-7.242564,-12.0794735,-0.44167215,-12.033048,-10.343435,1.7180058,-20.358477,-3.6681964,-3.7072165,-11.016134,-13.193324,-1.0170076,-10.111978,-8.410054,-6.8998785,-5.7722454,-12.301392,-3.8230495,-7.0334554,-2.3345387,-0.9609529,-2.3331106,0.00018310547,-3.417144,-5.310893,1.8062443,-3.1639938,1.883075,-2.98697,-1.7230146,angry,01,03-01-05-01-02-02-01.wav
-173.18271,43.84265,-37.403355,-2.368331,-26.517874,-13.324247,-22.839396,-19.711147,-23.257942,-16.80237,-13.622465,-8.816979,-13.412743,-12.262315,-10.946968,-4.298586,-13.668184,5.7976727,4.119702,7.8295712,7.11601,9.36612,8.812316,1.5719208,0.27706644,0.7245591,-5.1559315,3.4327605,3.3284752,-2.2864256,-1.9282894,-2.373824,2.2023728,2.0390751,-4.7073517,2.4320304,2.4371703,2.5613055,-4.226397,-0.4749747,angry,01,03-01-05-02-01-01-01.wav
-232.63858,52.58671,-24.686073,4.359242,-17.346285,-14.418435,-15.524961,-6.25789,-26.541515,-15.939799,-11.410083,-15.505787,-8.115228,-8.868104,-12.373354,-7.495269,-23.648594,-11.490634,-10.602384,-13.32958,-10.942372,-3.3575816,-2.3431299,5.247175,12.452111,10.386396,2.1578972,6.320718,-2.5776837,2.472921,7.182672,4.599248,0.09499427,-0.34686112,-3.8182473,3.4847736,1.8488841,1.2709349,-4.653915,-1.1612006,angry,01,03-01-05-02-01-02-01.wav
-227.30022,42.292656,-19.93731,7.596096,-17.18876,-13.754775,-14.009095,-5.7259154,-26.33138,-12.846596,-6.609784,-11.60098,-4.251821,-8.1564045,-13.369257,-3.4129376,-18.39162,-2.8763444,-6.7719665,-6.7071276,-4.4266253,-0.16921544,-3.0624762,0.4414486,1.3300624,5.5414667,-1.7009535,1.6310318,-0.026657537,2.5959632,0.98094517,0.82626605,-1.7987629,2.020205,0.35524747,4.4150248,1.7370691,5.7294846,1.2927182,3.8038926,angry,01,03-01-05-02-02-01-01.wav
-130.59521,35.236084,-36.82192,-6.330112,-21.716925,-15.551323,-29.438786,-17.35322,-26.524801,-17.757133,-4.730263,-14.806594,-11.337042,-7.315077,-8.55253,-2.3756955,-9.622657,4.350136,9.483538,4.2334905,1.78761,4.4783974,3.039428,3.8824651,2.441464,-1.6672996,-8.309958,-1.6928805,-1.6428394,-0.29116488,-3.8410757,-3.7456903,-1.7849488,0.92963946,-1.6330091,2.3184867,0.4949141,3.3218713,-2.3560119,-3.1157758,angry,01,03-01-05-02-02-02-01.wav
-397.3337,106.94453,-6.6770926,20.780313,11.11548,-8.503891,-8.869421,-16.440481,-27.97037,-4.510102,-11.366903,-6.738099,3.2521865,-14.728709,-4.195907,4.8743014,-14.835495,-7.3173904,-3.6793947,-5.5648994,-13.4246855,-2.285867,-7.637143,-8.672887,-4.5794606,-2.1588724,-9.355312,0.09824495,-10.134252,-2.8153472,-5.162516,-4.7014923,-6.6046906,-3.1128027,-8.633696,-4.171089,-1.9241607,-2.3327513,-2.1609955,1.2736049,fearful,01,03-01-06-01-01-01-01.wav
-407.80273,105.171585,-16.340195,17.790808,5.0726547,-11.662334,-16.397911,-23.217655,-33.953102,-10.631796,-9.012417,-13.167231,0.0088417325,-14.979229,-6.9239187,4.4139338,-17.35294,-9.685439,-6.1294694,-9.049097,-13.419174,-2.5966728,-9.966527,-11.62214,-7.0507894,-4.1895733,-12.605413,-2.1330123,-8.224143,-5.743728,-8.414726,-3.5628753,-5.801187,2.335548,-1.7803011,2.798836,2.140963,2.3530133,-3.4989114,1.1849066,fearful,01,03-01-06-01-01-02-01.wav
-408.97455,106.0168,-3.2879438,27.084805,11.068454,-2.0543315,-9.96326,-15.486442,-23.790667,-4.1558228,-5.009684,-4.9049563,0.8135109,-10.406463,-4.948985,2.9870687,-11.016431,-7.476293,-0.9814796,2.4838068,-15.291561,-4.14422,-5.9499135,-9.31517,-8.125787,-1.486284,-10.458116,-0.5768738,-6.5561085,-1.9907334,-4.265215,-2.8467937,-6.5435243,-4.349471,-8.081382,-3.7177439,-2.5790918,-3.5488915,-7.504087,-5.3851023,fearful,01,03-01-06-01-02-01-01.wav
-422.64148,98.91589,-11.127885,25.951342,8.959514,-4.0153184,-8.2288885,-19.210981,-22.972113,-6.8429585,-6.3813925,-4.7312346,-1.9516517,-10.934816,-2.4814227,-2.274339,-8.145976,-9.540235,-3.4966645,1.6982273,-15.825274,-1.4887801,-6.949985,-8.03483,-5.346053,-3.8678963,-11.877508,-1.6288136,-8.765675,-2.230178,-6.1198816,-1.6159704,-9.178188,-4.3845882,-9.095506,-3.3155982,-3.7255592,-5.6304116,-7.46415,-6.2443876,fearful,01,03-01-06-01-02-02-01.wav
-345.0933,51.86861,-15.553216,9.185859,-1.8154947,-0.9563364,-11.399233,-9.326872,-20.305746,-6.697175,-2.3262465,-6.7926908,-2.7352734,-6.725627,-6.4668245,5.507117,-6.932542,-9.347623,-5.110177,-4.078073,-11.729659,-1.5595094,-2.4635482,-1.6842637,-0.62237215,6.56453,-0.32527602,5.2518425,3.989042,1.425889,6.148119,6.145538,2.9476163,4.3947477,-1.8627149,1.8893677,3.3029525,4.420093,0.21579844,2.940882,fearful,01,03-01-06-02-01-01-01.wav
-293.9327,65.8766,-22.691011,-4.2599425,-0.5928063,-4.9888544,-18.164202,-19.906374,-26.954689,-15.356788,-10.145545,-15.2657385,-10.187557,-11.338646,-11.81839,1.4980298,-17.187428,-14.037409,-6.3379674,-6.5234437,-13.264606,-5.662004,2.1659472,5.458133,8.826824,15.215232,4.524617,7.7062016,4.185689,8.0517235,11.670069,7.186386,0.26700288,0.4741771,-3.0587351,3.6446395,4.03436,0.75205666,-4.935239,-2.0813332,fearful,01,03-01-06-02-01-02-01.wav
-210.72806,44.534557,-30.056522,-5.650354,-16.953163,-17.642574,-22.4207,-22.92304,-29.846981,-20.653826,-11.501693,-15.398191,-13.692592,-10.168735,-16.232653,-0.7971481,-20.559525,-10.74693,-5.7344046,-2.914489,-9.951946,-3.3725555,3.5193264,6.4853415,12.377126,23.944918,10.622244,11.0445175,1.2982548,-0.4179933,0.7674045,4.973339,5.090476,-0.67164004,-5.1156745,1.7378056,2.3494859,2.2530787,-3.725263,-2.51947,fearful,01,03-01-06-02-02-01-01.wav
-256.96396,58.978832,-26.073349,-0.39257285,-10.2685585,-8.704787,-22.281204,-16.63541,-27.669777,-22.338589,-1.8205546,-14.037786,-13.328523,-14.138369,-16.603039,-1.7003427,-20.016407,-13.323172,-5.609707,-10.930941,-14.338411,-5.650364,-0.670631,0.4719529,3.7985616,13.364206,6.16878,10.8632,8.194703,5.82464,5.4905195,4.019354,0.9853938,2.6527107,-1.8095489,6.32377,-0.71518,0.17548236,-4.562351,1.9213665,fearful,01,03-01-06-02-02-02-01.wav
-503.08264,101.99126,-0.73512363,20.527084,2.8296883,-1.9053272,-14.320485,-8.45063,-25.771168,-8.263875,-2.3030279,-15.06387,-1.7050706,-15.053372,-2.4420626,-5.088938,-15.433039,-7.2047453,-9.077197,-7.5589805,-14.06923,-0.04844838,-10.363876,-6.0890045,-5.712979,-4.137083,-7.9397273,-1.5586433,-5.80148,0.013708045,-3.2170908,2.0416346,-2.9021504,-0.49244675,-4.773763,-1.1413848,-4.095779,-1.1577933,-4.740785,-1.9596623,disgust,01,03-01-07-01-01-01-01.wav
-474.29337,86.94243,4.51913,7.4813566,3.3890998,-1.9563047,-16.069603,-8.942507,-24.175785,-8.493719,-1.2807221,-10.98655,-5.4343324,-10.45779,-3.2503986,-3.9656763,-12.651975,-5.633515,-4.3790255,-3.9237647,-11.016734,-0.19876601,-10.941222,-5.330841,-5.2153997,-4.022329,-9.374055,1.3388282,-4.0772104,1.4347874,-3.5842602,1.4656076,-3.7985103,-2.6342912,-2.58991,2.7528224,-1.324113,1.1841059,-2.2532482,-1.5408149,disgust,01,03-01-07-01-01-02-01.wav
-496.5208,102.41771,3.784051,26.527859,1.8454962,4.238382,-10.889485,-20.847235,-13.960965,-5.974355,-6.7398577,-7.3409367,-2.3762915,-9.602976,-2.3916445,0.029959133,-13.3698845,-3.684666,-3.5819948,-4.8458934,-14.579167,-1.1127851,-6.1579885,-7.659954,-7.5762706,-4.4349046,-8.285686,-3.700622,-5.4359365,-3.0856202,-7.1387496,-2.8570843,-7.940523,-3.48851,-8.82427,-2.6418874,-4.8809943,-6.0654545,-9.41091,-5.5420213,disgust,01,03-01-07-01-02-01-01.wav
-478.73157,101.02054,2.637252,23.611723,-3.6753824,5.4009094,-11.894928,-18.236164,-14.9705515,-6.0996985,-3.1949525,-9.280044,-2.4220233,-13.925874,-2.6245153,0.0019751675,-14.226543,-6.4178634,-2.3056002,-4.065487,-12.957314,-3.1689205,-7.4783373,-7.8120036,-8.946976,-2.8220942,-9.134827,-0.4139354,-3.722168,-4.3857684,-6.6395774,-3.1407254,-6.861116,-3.70624,-9.647912,-4.1851063,-4.029818,-1.6762271,-6.7602296,-3.3931692,disgust,01,03-01-07-01-02-02-01.wav
-374.5137,62.49513,-2.4536555,-9.66435,-13.821235,-3.0947816,-20.354433,-22.614449,-20.997614,-15.273051,-10.111358,-6.7857885,-12.15488,-9.580523,-8.109873,-11.873678,-13.000665,-6.183946,-14.082486,-7.4233418,-14.577219,-6.2646,-4.3764224,0.026071364,0.7549019,1.8296262,-0.95913,5.6033263,2.3647382,4.25905,2.9155748,6.0150533,-0.012439665,2.7872813,2.4424863,2.49898,-1.621156,0.41605455,-3.307763,-0.7748199,disgust,01,03-01-07-02-01-01-01.wav
-344.06137,69.917496,-6.379025,3.4629576,-16.880571,-11.162578,-29.129936,-26.063421,-15.263989,-14.96754,-14.750075,-13.378687,-14.492068,-19.245932,-7.2531238,-1.5271147,-19.988567,-3.4536564,-9.65215,-9.182581,-9.589053,-5.463345,-2.6713936,-1.8020096,-1.8734919,2.4664557,-7.209554,-1.2914487,-3.0490348,2.553863,2.3617156,6.8237815,1.6715003,3.1555746,1.830322,5.353375,2.1275163,-0.6756735,-6.5403175,-2.956568,disgust,01,03-01-07-02-01-02-01.wav
-359.653,55.181797,5.157571,-3.9352381,-13.714383,0.76744705,-24.77191,-27.411362,-6.9978766,-14.619723,-15.24213,-1.5082877,-11.163251,-18.142014,-7.6960573,-7.4047794,-21.496294,-6.90358,-8.327263,-7.897479,-13.751428,-6.395975,-10.588009,-6.06273,-7.741532,2.5887501,-6.6038375,8.167353,1.7568376,6.452241,2.4138153,1.5856189,-4.4153023,1.5599259,-2.6285608,2.2563367,-1.4113508,0.793044,-0.24698338,0.45116487,disgust,01,03-01-07-02-02-01-01.wav
-361.14893,73.8318,-0.26212585,0.77999246,-9.365777,-5.0496635,-24.36613,-27.804499,-14.4742775,-12.844531,-14.264707,-10.934227,-13.210056,-11.430937,-9.372459,-0.8749651,-14.995345,-5.567721,-6.6272883,-6.4300466,-11.537948,-5.4501915,-7.724194,-6.6293783,-8.773834,-2.7830682,-8.945478,-0.89464843,-0.9416005,3.9482903,2.4885187,3.207531,-1.051801,0.5070279,0.083680995,5.3898745,0.4813664,0.07742345,-1.8905072,-1.1142722,disgust,01,03-01-07-02-02-02-01.wav
-454.64627,116.37884,-2.6916108,20.67036,7.6258106,-8.288547,-14.003445,-14.673208,-22.959478,-15.234463,-2.7638001,-13.1430855,-1.9476581,-11.900176,-10.711374,0.82028556,-19.724394,-8.7218275,-5.3488245,-7.485321,-13.957734,-6.349168,-10.611888,-12.549133,-4.820358,-4.2682743,-12.925215,-0.9622396,-9.492215,-5.205726,-7.3283086,-8.057052,-2.5187857,-4.0628037,-5.280708,1.6154675,1.1699284,0.1756894,-5.356394,-3.8064215,surprised,01,03-01-08-01-01-01-01.wav
-448.8421,125.30708,-9.647403,25.425095,11.697282,-7.320222,-15.403747,-15.693751,-25.04422,-5.9717093,-4.0860295,-14.278547,0.19544195,-10.314432,-14.03449,5.0038037,-15.557136,-4.7728095,0.15297788,-3.2946525,-15.82275,-2.7487576,-7.2964,-10.156076,-5.191087,-7.355058,-8.967032,-3.8645213,-6.006061,-3.1840014,-3.341695,-3.8987203,-4.878961,-5.0589647,-8.061197,-4.055454,-5.771695,-2.5039551,-7.583247,-5.613042,surprised,01,03-01-08-01-01-02-01.wav
-456.0071,111.14766,1.0482568,28.328295,1.0442017,-4.8154187,-6.769345,-15.523732,-23.34811,-8.601109,-5.280639,-7.9901648,-4.120074,-11.3686495,-6.205673,2.59325,-16.356604,-7.0318494,-1.1558431,-3.1061018,-17.240385,-3.6781774,-7.1179442,-9.473468,-7.3933372,-5.1592937,-11.351528,-3.1215284,-4.1775904,-2.685351,-5.8406224,-5.002529,-6.8275256,-7.5586414,-7.916781,-7.4119906,-3.212689,-5.4524026,-6.526093,-5.5013475,surprised,01,03-01-08-01-02-01-01.wav
-420.17746,109.970894,-4.8842077,21.774406,-4.300072,-12.237874,-9.640997,-17.586124,-24.453007,-16.932177,-4.7041235,-15.75189,-3.9853458,-12.405481,-8.704833,3.382217,-21.529684,-10.199485,-2.394035,-6.6361065,-17.442932,-3.8554428,-6.2016273,-10.115353,-6.123941,-2.9557123,-14.522314,-2.3555598,-8.96546,-5.5598726,-4.921874,-8.229408,-6.9286523,-7.6160493,-9.455112,-1.1321759,-1.7728211,-0.445384,-7.0887756,-2.451727,surprised,01,03-01-08-01-02-02-01.wav
-357.2093,109.365166,-15.8916025,15.763783,1.4142501,-13.322877,-20.742058,-16.388544,-29.511,-14.333785,-2.6637313,-20.160728,-1.0209957,-12.768016,-14.358321,-0.20173408,-23.072655,-10.349593,-7.664475,-11.534637,-14.428212,-5.9956374,-11.028799,-15.475481,-6.948123,-6.472722,-13.738624,-1.2361096,-6.6100163,-0.31988728,-2.9231935,-0.5564935,-1.3509079,-1.1716998,-2.851058,0.53586,-0.7104049,-0.71146953,-5.337598,-1.6192291,surprised,01,03-01-08-02-01-01-01.wav
-337.14462,90.331764,-13.203034,13.488017,-3.6776748,-10.224535,-16.609962,-17.866508,-27.003304,-16.88774,-3.920896,-15.639908,-5.4754505,-9.758314,-15.987412,-2.6640368,-20.337109,-11.6273,-5.8437805,-9.268236,-12.294571,-6.7152295,-10.37349,-12.73156,-4.308221,-0.8393486,-6.2295156,6.9604707,-0.61845016,4.1683497,0.23331527,1.0952877,-0.21031146,-2.952341,-5.670499,-0.27443078,-1.0446397,-2.1479008,-3.384672,-2.4108284,surprised,01,03-01-08-02-01-02-01.wav
-362.64554,88.94235,-8.684793,15.489947,-2.1560748,-11.496355,-15.344574,-19.1704,-32.42027,-7.209924,-7.7389193,-12.884522,-1.3220979,-12.472974,-12.306438,1.0035028,-20.86105,-7.0601845,-3.005054,-8.329997,-15.871878,-4.4107485,-14.308237,-10.057061,-8.303692,-6.691002,-6.77975,-4.796226,-8.278624,-2.2399335,-6.478378,-5.27258,-7.3840313,-6.7146378,-8.10588,-2.7400248,-2.2274337,-1.065954,-3.2492158,2.5032723,surprised,01,03-01-08-02-02-01-01.wav
-327.78772,96.067856,-20.286667,8.643507,-10.265575,-7.588651,-24.105675,-25.559193,-29.378365,-15.608666,-6.098014,-14.86848,-5.5288143,-10.855066,-20.86406,1.9434003,-22.997133,-15.858302,-4.858792,-6.097941,-20.03702,-10.46126,-6.3821406,-14.670916,-9.454892,-1.6394141,-6.8936625,0.023425996,-4.7236614,0.22994463,4.85936,9.919269,6.9217257,10.5627575,-2.4168673,1.4106683,0.13492587,4.613851,-0.35424063,2.1391623,surprised,01,03-01-08-02-02-02-01.wav
-450.658,105.147385,-32.642742,9.962883,-16.438087,-14.333268,-14.279148,-20.669333,-11.405283,-3.893087,-10.842931,-4.186117,-12.90408,0.17049706,-15.241516,-5.213097,-5.9851766,-4.036573,-2.1371086,-0.17699136,0.46989396,-1.3854707,-0.35135844,2.2195997,-1.9397182,-5.360154,-0.042740844,-1.3302894,4.197377,3.3631155,0.40478417,6.874946,4.909209,9.932806,4.6876984,5.660809,-3.4249618,2.6879392,-2.3696203,1.481492,neutral,02,03-01-01-01-01-01-02.wav
-453.31445,99.25377,-35.13594,15.374958,-18.77424,-14.723335,-14.625826,-18.023266,-10.024375,-6.6956797,-7.4960113,-4.7940664,-14.794222,-1.0639156,-13.934476,-7.140644,-4.7941165,-2.782023,-4.023028,-0.15778103,-1.4452935,-3.5619905,-2.2696095,0.12955374,-2.0734675,-6.8031483,-4.665982,-2.794154,4.506989,3.7068968,1.1618418,7.9160476,6.4535804,8.013375,3.1773446,8.036057,-0.46246222,4.536555,-1.160078,-0.4294743,neutral,02,03-01-01-01-01-02-02.wav
-422.3964,92.181366,-32.498318,5.1152997,-18.324188,-14.431733,-15.174423,-21.478157,-16.275614,-8.08881,-11.522964,-6.070994,-14.23523,2.8359091,-13.368447,-6.63071,-6.492763,-7.336252,-2.4046068,1.0597943,0.4168262,0.15445365,0.40819415,-0.3531475,1.2134075,-1.1018444,3.6676362,6.429273,4.2217255,6.0479903,-0.024737928,5.623195,2.1649005,4.477255,3.0354843,9.403149,-2.2654033,1.3270667,-2.0841787,2.504995,neutral,02,03-01-01-01-02-01-02.wav
-425.22583,86.014694,-32.830177,4.113389,-20.218979,-18.294384,-15.312625,-24.18112,-17.9131,-10.055183,-12.599129,-7.38383,-19.30315,0.59781307,-14.90275,-6.831537,-5.697254,-9.530582,-1.7960653,-0.2550853,-0.3935494,-2.484942,-1.5693991,-1.3811202,-1.6575634,-0.33096516,4.2852454,8.023263,6.106208,9.877254,4.6575193,6.5214953,-1.1833274,0.47967997,1.388191,12.901344,2.2293446,5.102421,-2.0413723,0.01717621,neutral,02,03-01-01-01-02-02-02.wav
-491.55136,96.818,-18.431242,15.245225,-15.424917,-8.40375,-9.936882,-17.87269,-9.211377,-7.1697965,-6.9417887,-8.693089,-11.826026,0.86070174,-11.786434,-6.944067,-7.9611487,-5.444937,-10.161626,-3.1702404,-3.8900611,-4.9059396,-2.0088692,-0.62878764,-0.4315835,1.8330305,7.153273,11.291906,13.712706,10.95229,5.1493216,6.8515577,2.479623,6.9141173,2.915701,5.0353374,-3.130225,1.388842,-0.62822497,0.59038544,calm,02,03-01-02-01-01-01-02.wav
-495.5586,91.35983,-21.065521,12.865438,-13.635479,-7.950795,-9.576608,-18.72216,-7.4744525,-7.832169,-6.7436934,-13.15186,-11.636336,2.8268065,-13.734012,-6.440361,-10.22637,-7.5691094,-10.984546,-5.5679617,-4.0790935,-5.4451046,-1.9152261,-0.6085753,-1.4362946,-0.0035853968,0.5953353,3.9145482,7.265058,10.410828,6.961122,12.103224,3.7954063,5.476519,-2.4407368,5.198027,1.4762856,9.459453,4.570356,3.4121432,calm,02,03-01-02-01-01-02-02.wav
-475.81204,81.92859,-17.212927,4.4986887,-13.688627,-10.64067,-14.97373,-19.631844,-14.783328,-5.9719677,-12.06589,-9.631555,-15.469158,0.26958215,-17.953964,-10.402237,-7.8674936,-8.598989,-10.670289,-5.267218,-6.785027,-10.84297,-3.2392757,-3.1130834,-1.614281,-1.2841517,3.3708558,8.331983,11.225682,13.974514,8.875523,10.976835,4.122839,4.719392,2.168343,8.016395,0.7004747,6.697905,1.1660049,4.400067,calm,02,03-01-02-01-02-01-02.wav
-476.97485,84.78412,-24.642056,0.8960058,-16.11542,-11.74706,-14.310771,-21.891203,-13.686635,-7.3262205,-11.669838,-9.342906,-18.09066,-1.4393876,-17.287758,-9.741385,-8.587038,-8.13423,-11.430389,-6.3013053,-7.7086935,-10.648215,-3.8296494,-2.33849,-1.1291862,-1.2923967,3.441402,3.506694,9.005402,10.858339,6.94722,9.629969,4.7678127,4.628972,2.4385612,9.014489,1.7068914,8.252492,1.6283517,3.0784466,calm,02,03-01-02-01-02-02-02.wav
-511.7255,83.10255,-15.137653,11.911271,-12.353168,-12.766801,-6.089626,-14.419342,-13.9699545,-6.2206187,-7.707973,-12.253021,-10.598258,-2.6917841,-12.519726,-7.723444,-10.575437,-7.148872,-9.149477,-5.431711,-2.8343322,-7.5864515,-2.4144137,-3.1684678,-3.654051,-0.8138088,-1.0279245,4.028531,3.8975885,3.880271,-0.64782965,3.6654756,1.5299262,8.405511,6.919907,13.766171,4.769996,5.394166,1.452235,0.4137229,calm,02,03-01-02-02-01-01-02.wav
-493.14606,83.0485,-17.73802,13.357272,-18.441462,-7.0804906,-7.7049813,-17.0853,-12.476587,-9.475132,-3.1344104,-13.128435,-12.859901,-0.62791175,-12.820508,-7.4454947,-10.5402,-7.998597,-8.756112,-6.4321995,-6.823967,-10.687918,-5.1259522,-1.2433403,0.9743226,3.242431,0.8356348,0.93423706,-1.4563825,2.192131,-0.56596345,6.3161426,3.8566883,8.159184,6.177799,13.9649105,6.4629793,4.775299,-2.9853065,-1.8803204,calm,02,03-01-02-02-01-02-02.wav
-498.19638,74.05711,-15.386578,-0.30427024,-18.506483,-7.0323896,-14.190502,-19.381517,-17.570192,-6.666524,-11.03296,-13.758083,-15.070675,-2.5173295,-16.40299,-5.816875,-8.884541,-7.475982,-11.059421,-6.655501,-4.110305,-10.980821,-2.7628074,-1.2914739,-3.0098717,5.1484346,6.864143,9.716757,10.742865,8.063966,4.695071,8.195215,2.8467515,6.897185,4.9117665,10.729562,0.66517776,3.1194468,-3.046634,0.61985326,calm,02,03-01-02-02-02-01-02.wav
-489.15118,77.29771,-11.17148,3.1899881,-16.263796,-6.390419,-15.160964,-18.990486,-13.698768,-3.4272566,-9.711393,-14.177928,-15.764424,-1.0327673,-16.040161,-5.5719185,-10.441429,-6.523883,-10.754156,-7.1382565,-6.573382,-11.51812,-3.3362565,-4.4333987,-5.7872524,0.39104328,2.2841568,6.2203007,6.951401,7.6588826,2.3183863,6.957214,3.6810334,9.71213,9.813123,13.871677,1.6212306,3.0638964,-4.797869,-0.023740008,calm,02,03-01-02-02-02-02-02.wav
-394.8733,90.014145,-51.440514,14.370592,-19.941711,-16.387825,-8.011021,-26.819756,-9.273333,-9.868511,-12.582442,-4.4552956,-19.348068,-1.3440622,-11.921615,-9.11419,-5.745706,-3.561502,-6.323373,2.411288,-2.8314917,-4.206186,-0.058900606,-0.83843625,2.822311,-0.45340347,2.2625568,5.169476,6.2923837,5.249037,-4.663865,1.7428248,4.7830296,10.200605,3.948038,0.43114728,-6.3756557,3.61327,0.9642264,1.4292324,happy,02,03-01-03-01-01-01-02.wav
-405.24026,93.35094,-50.497334,19.835545,-18.655169,-18.124195,-10.6145935,-27.574514,-7.4083548,-10.44813,-13.011873,-2.8805122,-19.114492,-0.7031888,-11.453406,-10.503505,-4.452878,-3.51583,-6.3569465,4.6859536,-2.6424522,-5.2860384,-0.8713099,-1.9355158,-2.0476952,-5.0622883,-2.6091821,4.153032,4.692254,8.9796715,0.0806007,5.839276,6.2774343,10.305487,4.307263,4.158369,-2.777833,3.909535,-1.8751312,-0.3055449,happy,02,03-01-03-01-01-02-02.wav
-406.13974,86.78718,-47.23467,8.193127,-20.288298,-16.64321,-17.650703,-30.404966,-11.931859,-7.811286,-16.584007,-3.3646235,-21.765364,-0.7156299,-12.398984,-12.0961275,-5.511784,-8.832152,-8.928969,2.363729,-1.5748638,-4.7726593,-0.7400732,-1.8238658,1.7159641,3.488005,5.8758993,6.7211294,2.5362737,3.1968973,-5.427619,0.037385315,2.4426258,8.227956,7.677845,6.059383,-3.2691946,1.6938878,1.8419707,5.6013956,happy,02,03-01-03-01-02-01-02.wav
-405.05453,89.74097,-41.380974,10.580427,-18.045113,-17.2327,-17.644085,-27.787914,-8.038362,-5.8330154,-13.436122,-3.0814793,-18.663944,0.5474528,-14.037735,-8.960253,-5.147289,-6.745614,-6.351351,3.8104036,-2.8103645,-5.1453815,-3.0891042,-2.9719932,-0.3133635,3.3875353,5.8552275,4.6942167,3.8608394,5.69397,-1.2919905,0.7857809,0.8180028,5.7638583,6.614167,5.5786657,-5.6928034,-1.5470021,-2.096259,5.4942155,happy,02,03-01-03-01-02-02-02.wav
-308.7323,65.24592,-65.4028,10.052414,-28.289948,-28.55826,-11.158655,-32.80466,-10.064978,-17.829681,-18.15716,-3.0803776,-26.773033,-3.0023234,-12.289105,-11.665702,0.99834186,5.3677254,1.1017535,6.6562138,-1.6700393,-3.8442328,2.6546504,0.31819203,3.5199168,-1.790657,0.61845237,6.545115,7.1136518,8.548414,1.5878723,3.7114816,2.2068179,1.7177129,0.3729325,4.70123,0.27127445,3.23974,-1.0492159,-0.50557387,happy,02,03-01-03-02-01-01-02.wav
-309.02866,71.22482,-62.538742,9.749585,-24.695997,-29.033916,-12.860366,-29.463533,-11.913362,-15.365511,-16.850449,-1.1810501,-24.829426,1.7815051,-8.613274,-6.526429,5.5301557,6.5755997,2.0026348,4.0924845,0.47616374,-3.9872572,0.83623207,-1.6926897,0.40751544,-1.7101722,-0.57805663,2.5250504,2.807258,7.68011,6.9253387,11.924889,9.537973,4.7349343,-0.3664229,3.924683,0.17858934,7.0465994,1.5629961,2.4653358,happy,02,03-01-03-02-01-02-02.wav
-341.87012,74.22725,-54.17328,8.061834,-18.716532,-26.662256,-19.995377,-30.954655,-9.6888685,-7.6711364,-23.8794,-2.2235231,-25.596313,-0.825496,-11.500716,-16.986141,-6.4830666,-9.026568,-6.7098403,3.4301133,3.6368525,-2.2185776,3.516321,6.040567,4.1674905,5.6345353,5.238642,4.5759616,-3.7344508,0.45857942,0.4179068,7.6111937,7.8444123,3.721021,0.36622512,4.0342355,-0.3152679,4.5108304,3.0289688,4.049921,happy,02,03-01-03-02-02-01-02.wav
-351.87143,68.22309,-46.57762,6.1949606,-20.516497,-25.5764,-16.983776,-29.386557,-13.617923,-12.510271,-21.608583,-2.0992646,-25.903996,-1.3947164,-13.579482,-13.978984,-0.39036867,-1.5213706,-3.0073013,4.0333405,-1.6531653,-7.4735045,-0.5586014,0.17323571,0.84244174,1.5256642,0.7467754,5.3792267,1.4030128,7.200825,4.7815356,11.710765,8.878454,5.7889857,4.677391,6.2358146,2.510735,5.496318,1.8060586,2.3977127,happy,02,03-01-03-02-02-02-02.wav
-504.38763,90.03962,-24.372608,11.970681,-15.300011,-9.28528,-12.4342165,-19.414011,-10.583704,-7.746818,-8.723487,-9.016395,-10.338352,1.8220223,-13.193285,-6.486359,-10.140914,-4.51594,-11.182404,-4.672944,-4.005902,-3.8522663,-4.268245,2.1200929,0.99803823,-0.9812196,1.63735,2.061425,4.1867685,5.998483,5.003438,15.828925,14.081719,13.734535,9.205949,6.815747,-3.4655085,-0.28060287,-2.771708,0.5598221,sad,02,03-01-04-01-01-01-02.wav
-487.75323,105.2663,-26.846975,12.452621,-15.269825,-8.497842,-11.932528,-20.225124,-14.7648325,-4.4488344,-10.794158,-5.787942,-12.961262,0.9369595,-12.289684,-8.240366,-9.663229,-5.52679,-10.886992,-4.238212,-2.6640713,-5.195611,-5.4382324,-0.0045351377,2.0844514,-4.295968,3.5895379,3.8423758,5.815657,10.981017,6.3087416,14.1972,11.855984,8.669147,4.8411922,2.593831,-4.5165024,0.15550776,0.674244,0.71613616,sad,02,03-01-04-01-01-02-02.wav
-506.735,87.30547,-12.401337,7.751047,-12.725272,-11.394721,-20.391096,-24.405787,-10.930988,-6.9263544,-12.733329,-6.205584,-14.516859,-1.0463295,-14.173579,-8.643284,-6.9584546,-6.478427,-9.536282,-4.481989,-5.329256,-11.083813,-9.231142,-4.1263995,-3.5138502,-2.877316,4.407709,3.4923432,3.2452054,1.3806798,2.3259447,15.427965,21.181684,24.156538,18.710636,12.244914,-3.4351568,2.3489223,1.1917987,4.6947217,sad,02,03-01-04-01-02-01-02.wav
-520.82996,85.32548,-14.0140505,12.415813,-9.34386,-9.508067,-14.755244,-20.241089,-12.2020855,-1.463211,-11.416669,-5.682364,-12.8542385,-1.0320793,-12.577459,-5.5326543,-6.9022307,-6.49451,-7.0798435,-6.045405,-3.4264317,-10.07599,-9.11761,-5.1290646,-4.1019096,-5.7398653,0.5850528,2.9582093,7.257074,11.665382,10.40424,20.63533,21.748707,20.790665,14.404109,10.020044,-4.34891,0.07530768,-0.124398455,5.7990227,sad,02,03-01-04-01-02-02-02.wav
-478.68155,93.98183,-27.97825,7.1475935,-21.916637,-14.607043,-19.685665,-27.757288,-20.093801,-10.164464,-16.366331,-1.0279264,-18.10466,5.580739,-12.187922,-14.067824,-7.778411,-3.183333,-8.379989,-0.39384392,2.8270085,1.5677298,2.2640915,8.56476,12.5261,11.1135645,15.437393,6.00685,3.3006418,-0.85719854,-7.5172853,3.5624812,0.7381467,2.4655387,-5.1581793,-0.49115255,-4.7266374,-0.10351215,-4.3911633,-2.0902026,sad,02,03-01-04-02-01-01-02.wav
-502.00153,98.92967,-19.305172,12.428638,-14.384086,-11.192052,-21.010069,-22.997677,-18.115559,-5.613862,-13.082966,-5.1562777,-13.347834,-0.40571278,-10.139328,-7.0862627,-5.2315407,-0.9672442,-9.0266485,-3.0238106,-3.8691764,-3.3121636,-2.0511925,2.9277327,4.6581855,3.0702684,9.505144,10.146537,10.24122,7.5002713,-0.24140014,2.3466792,-1.8132223,2.4865532,-1.0592893,0.9160944,-6.3415728,-1.6997665,-2.9215572,0.9548541,sad,02,03-01-04-02-01-02-02.wav
-481.48157,86.1673,-19.444244,5.428613,-16.765846,-12.480531,-24.37571,-30.717415,-22.80187,-9.25992,-17.038918,-6.651771,-18.922316,-1.0702167,-12.808899,-14.777934,-5.8566866,-7.0182242,-15.4402685,-4.4360256,-7.4232187,-9.3443775,-3.8088167,4.4411545,6.7971396,4.352902,7.60898,5.3287764,5.839857,9.057189,4.683666,10.102636,1.8244427,1.9179701,-4.3586636,2.3156593,-3.0545416,-2.0007932,-4.7843776,-1.1653938,sad,02,03-01-04-02-02-01-02.wav
-475.53204,82.28011,-12.116365,9.052895,-17.244328,-16.599384,-26.534155,-27.600256,-20.34037,-6.782488,-18.314856,-4.7764635,-18.142431,-1.4720217,-10.251823,-15.147468,-4.27662,-5.6515164,-14.798331,-3.4344342,-5.480079,-5.6783285,-0.00024615697,11.452059,12.476059,10.111042,10.09492,3.8037026,-1.2491982,-0.00754064,-3.4560401,5.4459457,-1.5426786,-1.1888058,-6.825514,1.0169188,-5.548399,-2.2652025,-6.9570546,0.2950473,sad,02,03-01-04-02-02-02-02.wav
-377.86032,88.98896,-28.391254,10.433838,-16.657017,-13.793746,-8.207523,-21.816084,-12.013104,-7.1786957,-7.448388,-4.9128857,-11.786887,1.3691577,-12.109298,-8.449881,-8.08767,-5.152929,-4.5759416,2.7524996,4.8922334,1.2978768,0.30459997,-2.2285113,2.36876,3.3664663,7.8169327,6.755468,0.062094655,0.9118855,-3.0846362,5.392733,3.8116264,5.5048122,0.09479595,2.604984,-2.2487833,2.7514336,0.8280649,0.92217475,angry,02,03-01-05-01-01-01-02.wav
-370.30948,73.3978,-34.48742,17.240904,-21.58046,-13.31086,-8.6100855,-20.894104,-10.225259,-7.863091,-5.006764,-4.100385,-10.430153,-0.9030773,-10.955482,-8.11863,-4.5406594,-1.9557484,-2.5177212,6.769352,2.727907,3.3437898,0.4622357,-0.7472243,2.2017279,1.8012575,8.174008,3.2074616,0.51257175,0.539038,-1.6902628,6.534961,5.0627813,6.472233,4.0245304,4.610254,-1.364969,3.0672636,-0.5063224,2.0205247,angry,02,03-01-05-01-01-02-02.wav
-368.6746,78.25252,-28.286037,6.262277,-23.811708,-12.231691,-12.695407,-23.26566,-15.035285,-6.5925875,-12.369021,-4.7602425,-16.408905,-0.5547827,-12.448399,-9.19823,-6.8490305,-10.302801,-11.012156,-3.3896153,-3.1372278,-2.3724685,3.0059316,1.1297302,3.6912684,4.0236435,7.3958426,9.127722,6.893248,7.7571707,1.1409909,4.4846325,0.38259,3.5659435,1.1702626,3.537429,-0.1668186,1.6354084,-1.9066569,-3.9236553,angry,02,03-01-05-01-02-01-02.wav
-371.275,77.52596,-28.831232,5.6170163,-24.944113,-14.959483,-11.143452,-25.727308,-15.678671,-9.463249,-12.759403,-4.7847233,-19.931126,3.0399716,-12.54483,-8.38231,-6.876372,-11.859798,-12.701236,-5.746934,-6.0319633,-3.8706226,-0.4642994,0.6763965,3.0987432,2.1612926,6.5957284,8.474039,9.808588,10.268622,1.2450963,1.4933366,-1.6877838,3.7470253,3.242117,5.979504,-1.6220651,0.6570047,0.9449972,0.6981283,angry,02,03-01-05-01-02-02-02.wav
-274.35706,59.583,-51.1636,5.7070093,-32.493813,-18.218718,-5.221446,-28.36851,-6.1235175,-11.948859,-8.623129,-5.973533,-15.661207,-1.6519871,-8.242652,-1.3612345,1.6956872,6.445373,4.242144,8.340539,4.427813,2.5215518,-1.8562473,1.1400913,3.5304165,7.404121,8.086213,1.491216,-3.057704,-1.6688704,0.31682917,6.489888,-0.26043195,3.131886,2.966402,0.22981302,-1.9835653,3.4817767,0.15862556,2.1529207,angry,02,03-01-05-02-01-01-02.wav
-288.917,65.28559,-51.19768,5.415365,-32.06964,-15.644712,0.279046,-26.544899,-9.144515,-12.608369,-8.961258,-3.9226778,-17.334412,0.9020417,-10.4640465,-6.5393343,-1.6877099,2.353252,0.5401743,5.6569037,1.1537379,0.96048915,0.83492476,4.363985,6.1924977,6.4057364,5.289884,1.3409946,1.7006013,3.2405868,-0.017953262,2.6471376,-3.4480982,0.09418621,3.3826332,3.7362652,0.69375944,2.430268,-1.2890227,2.5413518,angry,02,03-01-05-02-01-02-02.wav
-230.59053,45.124184,-66.021385,-7.488775,-38.346684,-27.285486,-5.732541,-34.704197,-15.428314,-16.508942,-16.71404,-8.968824,-24.233921,-7.8439074,-12.400386,-3.6137538,1.7197435,8.882535,7.576945,12.693878,11.42473,10.669626,7.059287,1.6174071,0.106528856,-0.9131729,0.48272276,-1.373345,-6.2435393,-1.0959839,-2.1500459,3.7677588,-2.3874967,0.29427603,2.8216286,3.0036712,-0.41914815,3.2573314,2.3095958,6.8190207,angry,02,03-01-05-02-02-01-02.wav
-249.82608,44.474316,-62.999256,-2.7706535,-39.2519,-24.116001,-6.317903,-33.68565,-13.315114,-15.3896675,-16.838505,-8.38862,-23.16821,-5.292698,-13.237724,-1.322766,3.309313,4.3738356,-1.6401961,6.8069706,2.207349,5.8770304,8.514894,6.99435,5.033201,-0.9512284,1.3386482,-0.5014366,0.40604693,1.2748514,-3.9153032,1.1423258,0.7237266,3.815286,0.585014,-1.6836662,-2.2056952,2.6428702,-4.2534757,-1.4726604,angry,02,03-01-05-02-02-02-02.wav
-389.37402,53.77014,-39.33047,3.830777,-26.096027,-16.873922,-12.945164,-25.238972,-12.54501,-17.064026,-10.275876,-7.272633,-16.853167,1.031954,-11.8373575,-10.346678,-12.446844,-3.4423552,-4.5057425,11.326564,18.224817,20.38669,19.177794,16.013544,5.886841,2.7077913,3.4009173,1.4305948,-0.1957714,-2.3351223,-7.248394,-2.9563088,-5.4259896,-3.11518,-4.389238,-2.7321916,-8.095475,-3.7317474,-2.5666308,0.6732673,fearful,02,03-01-06-01-01-01-02.wav
-392.82126,60.871002,-49.737907,-1.1508172,-26.610401,-16.4193,-9.661351,-28.570322,-13.304828,-13.840346,-10.939205,-6.7853856,-17.446465,2.205369,-14.101369,-9.120551,-4.943597,2.3807068,2.6005394,17.546091,20.431772,18.663513,12.604045,11.575988,4.666097,-0.08634757,0.7394603,-0.52769536,-2.6591203,-3.3114433,-10.2284565,-3.3103375,-3.6781476,-2.4761906,-1.0016749,-1.918139,-4.550409,-0.101080865,-2.9170415,-2.8782916,fearful,02,03-01-06-01-01-02-02.wav
-378.32208,51.971737,-40.587296,-0.59470916,-21.81004,-16.957642,-18.142885,-26.997528,-13.114241,-11.066243,-16.183228,-3.7204742,-20.150991,0.1916291,-13.811008,-8.809166,-7.1621532,-1.6803428,0.12302028,14.65337,16.889507,16.14623,14.493678,12.646927,6.829944,1.8425802,6.9651947,1.8209612,-1.0249138,-2.3074932,-8.26797,-1.9906878,-5.381985,-2.965835,-5.022702,-1.483446,-6.0343647,0.8791077,-1.8289416,1.5193882,fearful,02,03-01-06-01-02-01-02.wav
-387.177,45.208332,-43.583855,-5.6241665,-23.150507,-21.422907,-18.99803,-28.91951,-13.496919,-12.676991,-16.343193,-7.4614086,-17.221266,1.669357,-16.599766,-7.4158664,-6.4602036,0.3195279,10.463119,27.353113,30.136103,22.612282,12.608529,7.4086905,-3.9405386,-5.853335,1.0176578,-0.95961577,-1.7222828,-5.2408915,-10.316019,-2.7776887,-3.9152267,-4.5803804,-5.35247,-2.8059847,-7.032466,3.2020795,0.51287884,5.6541185,fearful,02,03-01-06-01-02-02-02.wav
-353.72845,40.472145,-57.831093,-8.819691,-32.488995,-21.594782,-15.550928,-27.220892,-16.975185,-8.428804,-18.367023,-8.139366,-21.046125,3.1062057,3.7387197,15.806558,28.552372,28.314543,12.658255,4.870709,-5.7415924,-11.103457,-3.3376653,0.18316117,-6.0795584,-13.677832,-8.050106,-5.3025603,-0.73181754,-5.458004,-3.0793977,7.8689075,9.700206,7.5397797,-0.053064737,5.8292785,-1.784132,-0.6618618,-5.3484025,3.7480469,fearful,02,03-01-06-02-01-01-02.wav
-333.39133,34.160934,-56.641106,-8.911577,-31.046684,-25.412409,-17.179922,-28.777107,-20.22724,-12.456174,-18.59108,-3.1555536,-18.464518,3.611897,0.96432394,11.803976,29.998657,32.857265,17.461279,9.0743,-4.821898,-14.816765,-6.9000764,-0.22063617,-4.590309,-11.207236,-8.777129,-6.6895213,0.61166745,-0.84919816,-7.518674,0.62032163,0.81231606,11.11867,3.8719199,5.4393616,4.4151716,2.4851844,-5.5860043,-5.540936,fearful,02,03-01-06-02-01-02-02.wav
-305.50153,26.419783,-51.96295,-13.692928,-30.413288,-26.26057,-14.58165,-25.498873,-20.203276,-14.832952,-18.951038,-7.5708013,-22.701859,3.4236646,-0.004616517,9.143027,19.209246,25.483612,14.638535,13.762213,-0.8622267,-8.935965,-4.751561,-1.6073254,-6.640941,-9.6083145,-6.312895,-7.212553,-6.2007537,-3.6159413,0.5730029,7.0427833,-2.1100144,1.9158664,2.321237,3.4395063,-4.554567,6.7080407,7.516277,0.9600495,fearful,02,03-01-06-02-02-01-02.wav
-344.15665,35.991016,-44.430084,-11.457362,-25.50168,-20.525208,-22.496418,-27.859436,-15.295854,-8.745573,-18.06041,-1.7060204,-19.254112,2.6872654,2.020922,16.632523,26.20786,24.796915,13.972015,9.962361,2.3793812,-3.6953506,-1.3141657,-4.168199,-9.057192,-8.5344095,-1.3074099,-6.6156645,-4.427276,-3.7313805,2.6829393,7.8926177,-1.960113,0.20586759,4.083518,5.420207,-1.5931697,6.496555,5.739939,3.7429569,fearful,02,03-01-06-02-02-02-02.wav
-448.64255,91.67574,-26.480274,14.205305,-20.539993,-3.611772,-18.859707,-23.270006,-10.889918,-7.278193,-11.96227,-2.1986818,-13.141421,2.3623567,-12.304472,-6.6313343,-7.886133,-5.001384,-11.167873,-3.495167,-9.07731,-5.3273935,-7.151417,0.6863335,-3.2935,-0.6752694,0.55914384,-0.3008408,-0.3621304,0.42391673,2.6709485,6.611496,8.357659,9.88774,5.501859,5.2395506,-0.9584771,2.6237912,0.81847537,6.014644,disgust,02,03-01-07-01-01-01-02.wav
-453.67548,99.552605,-28.747087,15.423443,-22.561756,-4.127123,-14.477332,-22.842005,-14.681672,-5.129038,-14.80516,-4.240235,-16.033787,-1.1731002,-9.463012,-10.416034,-5.659738,-4.111618,-12.17127,-6.2081394,-7.0476055,-6.6611595,-9.706564,-4.030516,-6.960031,-4.358383,-2.1320171,-0.08779559,1.3636482,3.7217386,-1.7230005,5.461276,-0.0794309,6.645667,4.535096,8.877678,3.5505886,3.8935294,-0.06584849,3.9494991,disgust,02,03-01-07-01-01-02-02.wav
-440.27026,89.952065,-19.711975,6.245673,-13.051135,-9.525841,-16.635704,-25.188768,-14.370392,-2.6090856,-17.016989,-2.2176738,-17.987041,-3.4890275,-11.160847,-11.955974,-3.2679462,-8.212938,-10.98947,-5.8010454,-7.160241,-11.489889,-9.816824,-4.1718893,-13.4105835,-6.946855,-7.1522875,-1.0282246,3.8832989,8.515755,8.111763,9.981527,3.0279305,3.9138973,-1.0618718,3.5587401,0.31759733,7.23952,6.100892,7.3673906,disgust,02,03-01-07-01-02-01-02.wav
-434.18887,88.98716,-32.04946,9.003306,-19.07414,-14.970583,-21.100378,-30.42471,-10.661423,-2.1998277,-19.885424,-1.5758867,-20.447006,-5.4851437,-11.66327,-9.470516,-4.1891193,-9.398698,-10.672188,-6.7496734,-6.743576,-11.434459,-7.9001765,-3.1469991,-12.513857,-3.3887107,-5.6575675,0.86991507,3.334842,6.992987,6.1845126,10.583518,7.067756,8.281977,3.9169724,6.4041767,3.9470024,9.636629,8.432171,7.681302,disgust,02,03-01-07-01-02-02-02.wav
-402.62845,84.121666,-33.457745,7.450711,-26.310568,-10.32055,-15.639722,-26.947443,-13.702348,-3.1641173,-16.777084,-6.9697227,-16.12044,-1.9871606,-13.960843,-10.177666,-6.5361786,-7.017859,-10.277313,-6.461084,-7.2501855,-7.2629905,-8.239329,-2.7909968,-4.883003,-0.9424241,0.7400537,3.2850924,6.6846414,6.802397,1.598389,7.5581994,3.1032915,5.9032645,2.210184,3.0215828,-1.7660015,0.4730432,-1.2883128,4.1931944,disgust,02,03-01-07-02-01-01-02.wav
-409.98132,83.53163,-23.531288,7.3145065,-23.690592,-6.356432,-10.659122,-21.99149,-13.22361,-2.3459046,-11.263814,-5.085959,-14.58132,-1.33157,-13.206579,-10.272409,-6.9969144,-6.8108277,-9.669269,-5.348387,-4.4525523,-6.798813,-6.0831213,-1.085389,0.24440643,3.8044987,5.8193426,6.2483964,5.246299,6.610085,1.60426,7.0250916,2.7387965,3.4840796,-0.9936641,1.7826742,-0.98329145,1.930904,-1.0866449,0.08188885,disgust,02,03-01-07-02-01-02-02.wav
-389.45184,80.10023,-27.450304,1.4548172,-23.15853,-12.692624,-24.56711,-28.707253,-12.730182,-6.1666636,-20.789108,0.89876825,-18.618446,-6.8812037,-10.113026,-12.1097555,-4.77239,-7.653355,-12.126352,-9.05699,-6.5772953,-13.183434,-7.2672772,-3.4481542,-8.63825,5.2532372,4.6699114,12.340744,8.819537,8.8607855,4.668028,6.982001,7.0086207,10.397415,5.0396156,3.2924063,0.41074654,0.42936462,0.634531,3.1213126,disgust,02,03-01-07-02-02-01-02.wav
-392.23196,77.05136,-26.312595,0.5093514,-23.24197,-12.504663,-19.3297,-24.70721,-13.051618,-3.0607574,-17.722998,-0.0058455383,-18.507814,-3.6143987,-8.957379,-11.921919,-1.5724635,-7.6305914,-12.136474,-6.343912,-8.73378,-7.5562477,-7.582207,-3.3412886,-7.874668,0.1114699,3.0804293,6.661496,7.28468,11.460446,8.765563,14.66985,7.6751466,8.462161,2.4951248,2.6760736,1.825223,3.603214,0.22425745,1.8539834,disgust,02,03-01-07-02-02-02-02.wav
-355.65714,77.702835,-33.920662,9.463621,-21.605207,-18.781218,-6.658431,-15.173652,-11.984303,-11.529574,-10.308147,-10.6041155,-11.6513605,0.5722648,-6.0291395,1.9768925,-2.8653889,-1.1058952,-3.2961552,3.6330311,0.465783,-1.192694,-4.497094,-1.4942833,-0.010776384,3.644273,6.5865674,5.518803,6.658352,10.024042,6.072877,6.3546257,-0.92931885,4.29618,1.9511371,7.381102,0.10572445,3.5540202,1.2029966,2.2121813,surprised,02,03-01-08-01-01-01-02.wav
-382.9881,86.13099,-41.796627,7.3259425,-17.696987,-15.984692,-8.777232,-18.38193,-14.764673,-12.089593,-14.458245,-5.9274936,-12.355687,1.4208622,-5.9270606,-2.2108128,-5.342033,-2.7373054,-5.5466986,2.2890372,0.46853837,-2.120402,-4.4716096,-6.029928,-3.5568676,0.89201856,5.1170077,5.613039,4.5433545,5.001414,3.1168938,6.332959,2.5239205,4.3169966,2.5059748,4.462612,-1.7692926,0.23435538,1.052105,6.1846066,surprised,02,03-01-08-01-01-02-02.wav
-374.36728,83.26942,-35.288742,3.0078595,-22.986107,-19.555418,-11.215535,-25.224974,-13.047279,-11.355284,-17.728903,-7.1959534,-20.209572,3.3309274,-9.533368,-3.4619668,-1.3024148,-5.8968344,-7.485906,-0.16247475,-2.5773256,-3.0288048,-0.41906413,-2.5401826,-1.8531919,-2.505886,-0.40523556,0.8817396,1.3258883,8.566432,7.59431,10.470011,2.4969773,2.3627625,1.4677956,3.4854481,-1.5042083,1.9990965,1.4841636,2.3596578,surprised,02,03-01-08-01-02-01-02.wav
-362.474,80.41015,-38.2542,3.7460723,-22.688652,-23.543453,-15.496598,-24.19464,-16.747038,-14.2123785,-18.069548,-8.957459,-16.72965,5.6726766,-5.689404,-1.4341913,-5.4833417,-8.878085,-8.484521,0.40247214,0.42588267,-2.1818922,-2.1841066,-0.21531376,0.96093655,1.5716925,4.1294265,7.9191256,6.3282385,8.021805,0.99384505,6.534962,-1.0997097,0.7805042,0.10191505,4.364679,-2.5771728,-0.13883954,1.1003203,5.505028,surprised,02,03-01-08-01-02-02-02.wav
-343.55484,61.870975,-32.208256,8.569984,-21.210346,-14.16123,-5.837292,-17.439468,-12.606615,-11.94737,-10.068325,-4.3793955,-4.8791,10.493125,2.988596,1.3185248,-3.8135376,-6.862026,-9.178375,1.5126966,-1.6806455,-5.683992,-5.6670713,0.7022418,2.6911018,8.362137,2.301853,10.156145,8.839611,7.130309,3.6189263,5.6494365,4.089482,2.912161,-0.21694125,2.605948,-1.2161365,0.8286898,-0.8948749,2.993277,surprised,02,03-01-08-02-01-01-02.wav
-350.83167,69.01701,-41.98118,4.2085533,-23.826082,-17.694958,-4.6704125,-16.685663,-14.794607,-10.988229,-12.051816,-4.9332557,-5.3926635,8.922685,2.5828266,2.0309312,-3.118658,-0.436062,-10.049933,0.82058805,-5.5621657,-8.434012,-6.730927,-2.790697,0.71861947,3.1559925,4.589756,7.7705526,5.8368707,3.2530985,2.3428245,7.961188,4.94858,4.963341,0.67411375,2.7421498,-0.58627623,1.0500315,1.0184752,2.6053715,surprised,02,03-01-08-02-01-02-02.wav
-330.4647,60.813606,-32.38396,-2.743627,-26.596386,-25.518543,-8.873805,-24.671219,-16.963356,-14.578076,-13.591445,-5.0309176,-13.246559,5.4477944,-0.6495068,1.2844049,-0.7996586,-3.058463,-5.7822585,-0.12121854,-4.083067,-3.4535575,1.0250901,2.652035,3.0866656,5.691241,4.0094533,7.9299026,1.9398378,4.050815,1.5479711,7.0115705,2.798858,5.905912,2.984126,4.009684,-3.991195,0.24233454,-0.141141,0.043531373,surprised,02,03-01-08-02-02-01-02.wav
-320.66202,67.24095,-34.93413,-10.946834,-26.864773,-19.567043,-15.2545595,-26.310915,-14.51324,-15.741844,-18.136927,-9.485812,-19.358404,-0.87363577,-11.560688,-5.09369,-3.438842,2.456438,-2.928436,5.5858345,-4.407495,-6.1506424,-1.5927941,0.06566856,0.028678624,1.9727188,0.46739382,6.8353972,4.398935,4.926943,-0.34456393,5.0706043,2.8698735,5.5727577,2.103882,4.152736,-0.0474101,0.7205928,-0.61386377,2.5989988,surprised,02,03-01-08-02-02-02-02.wav
-429.21222,107.19469,-16.838867,18.645105,1.5591769,-10.304165,-29.755295,-14.13816,-6.9420786,-22.13382,-5.359536,-6.727034,-11.809929,-3.5264177,-14.156361,-2.7156992,-11.398437,-6.827516,-3.2194874,-9.990016,-9.16076,-9.297368,-8.952813,-6.4121428,-8.465765,-1.307614,-6.7051163,-3.9353242,-5.0071115,-3.4679484,-2.501517,-2.124516,-1.7674791,2.9832194,1.6223394,-1.3326867,-4.4922957,-2.7793586,-1.2194197,6.6541967,neutral,03,03-01-01-01-01-01-03.wav
-435.577,112.19149,-7.595332,17.834398,4.9521565,-6.3691387,-26.203453,-12.284368,-4.2576127,-17.955196,-3.001811,-4.9211726,-8.56587,-0.32514167,-12.474022,2.5130987,-8.4634905,-4.63262,-0.21530128,-6.8019433,-4.5472736,-5.08741,-5.2040477,-5.275792,-5.7522454,1.1623095,-3.4776845,1.4202504,0.16856593,1.4151292,0.9147765,0.6937304,-1.0136899,3.9766707,2.2829607,3.73068,0.6107031,2.6672828,0.6750736,2.4994545,neutral,03,03-01-01-01-01-02-03.wav
-420.46127,96.62733,-11.361312,18.62,3.478569,-6.68273,-30.115679,-13.053042,-12.958027,-21.093334,-0.39085016,-8.85697,-10.441871,-1.0667573,-11.955871,-3.3975747,-9.145116,-7.484708,-3.7046964,-7.4121256,-12.830116,-5.2825875,-7.033128,-9.796371,-8.845908,0.23322667,-9.235603,-1.9983999,-4.1049027,-2.785713,-4.64154,-5.126863,-6.9807754,-2.0837524,-4.255725,-5.3190136,-6.9031687,-6.9695487,-5.34872,2.159796,neutral,03,03-01-01-01-02-01-03.wav
-412.6297,87.675415,-5.1284695,18.469902,2.8093195,-4.214437,-33.967873,-12.58162,-13.16028,-21.469889,-2.2817469,-5.891596,-10.813099,-2.4676292,-12.125068,-2.9693332,-9.829842,-8.675374,-2.7426815,-5.6576853,-10.845643,-6.048979,-6.470325,-10.130577,-9.696,0.57344997,-8.62142,-0.7581201,-4.7605224,-3.0317197,-4.722937,-4.8791103,-6.3192782,-0.5002778,-2.411689,-2.2522624,-3.5279696,-4.861629,-3.0644045,-1.7572464,neutral,03,03-01-01-01-02-02-03.wav
-465.94333,101.8745,5.271107,15.735263,6.3626304,-3.9312234,-23.510098,-6.218838,-3.3972676,-14.571766,6.1328616,-11.458129,-5.014165,-2.827617,-12.052312,-0.024344042,-9.778188,-4.6353903,-1.2933819,-9.465709,-6.3072386,-4.936162,-7.184142,-6.3731947,-7.8382125,-0.36243263,-7.351647,-2.1649969,-3.505928,-2.1153655,-3.1515265,-3.583563,-4.7885985,-0.5898499,-2.8949912,-2.1151617,-6.4830217,-7.623115,-7.0426106,-3.1989183,calm,03,03-01-02-01-01-01-03.wav
-460.25748,102.23456,-0.9665408,16.371922,4.612796,-6.3644366,-23.688808,-6.9876566,-2.9089634,-13.770147,6.3724594,-11.42029,-7.536958,-1.0832242,-14.99765,-0.49578515,-10.779051,-3.8191795,-0.037207842,-10.321877,-5.8279924,-5.104666,-8.362317,-7.5135164,-7.342912,-0.867253,-8.013776,-0.91095895,-4.056945,-2.3863978,-3.7553535,-4.1266437,-7.1036806,-1.287133,-3.9284234,-3.145174,-7.36107,-7.227975,-7.712148,-2.7599773,calm,03,03-01-02-01-01-02-03.wav
-466.76553,100.981964,1.2012558,10.380823,12.2933235,-4.6153336,-35.234097,3.0168383,-6.230373,-17.08305,12.048885,-14.192044,-6.884555,-3.909098,-7.368901,-4.368704,-8.62006,-2.7417223,-5.326456,-7.2750077,-8.897516,-7.3605223,-5.0685077,-9.412805,-8.3840475,-2.276388,-5.5847926,-5.649426,-3.4488966,-2.2931635,-8.468213,-1.34312,-6.7017956,-1.6962135,-4.406454,-1.5113357,-9.247544,-6.1280656,-7.7763424,-2.9381483,calm,03,03-01-02-01-02-01-03.wav
-374.573,78.27117,-3.808552,4.845244,4.2414293,-3.5103998,-30.903675,-7.3913727,-6.5614524,-20.547344,6.783841,-16.238392,-11.059019,-1.7873387,-15.21008,0.084695645,-11.473906,-7.428292,-1.4282053,-9.056877,-9.80067,-2.5247126,-8.135323,-7.2917013,-6.558292,0.021042522,-7.8545485,-3.5495367,-2.4112022,-4.4984016,-5.5293508,-4.4934287,-8.809486,-4.1506267,-4.25974,-2.7936583,-5.67673,-3.7018304,-2.003805,3.8549638,calm,03,03-01-02-01-02-02-03.wav
-444.49872,94.14764,-4.3516655,12.485703,2.0363061,-5.0023465,-26.394386,-3.9330149,-3.3312635,-22.906301,11.833704,-16.092016,-9.926413,-1.0767493,-16.202915,-2.198406,-9.487961,-6.4413185,-0.96376324,-9.13299,-10.231552,-3.5718133,-11.370756,-7.8687263,-4.2596703,-5.386214,-5.7725453,-2.853016,-3.1373646,-3.359653,-5.2995443,-3.7454932,-7.974195,-1.7848226,-4.7184367,-2.053119,-7.9205437,-6.877862,-7.781454,-3.764247,calm,03,03-01-02-02-01-01-03.wav
-373.93845,83.00628,-9.452795,12.637162,3.9356763,-8.2683115,-21.072453,-8.166627,-3.8966055,-16.651154,6.498643,-11.61232,-8.723473,-3.112992,-12.910589,-1.8458022,-9.21548,-5.917214,0.2499997,-8.192252,-8.050055,-4.3148737,-7.7726297,-5.98916,-4.8146296,-1.7354857,-7.6347947,-2.0013974,-3.6758573,-3.9585304,-5.6740155,-4.4987583,-8.731436,-2.430351,-5.0885754,-1.5054792,-4.8716493,-5.0865026,-4.316662,0.3795434,calm,03,03-01-02-02-01-02-03.wav
-392.10007,83.84356,-9.715073,8.976649,7.6339245,-3.9954486,-24.932608,-4.5357327,-4.746005,-15.968537,14.780711,-11.732579,-5.6855183,1.9943459,-11.4727955,2.8932667,-6.6639333,-3.4978817,0.77228963,-8.917078,-5.3288136,-0.4980127,-7.026784,-4.0155277,-6.333016,1.1113875,-5.1473637,-2.8958166,-0.2662446,-1.5285581,-3.6061049,-0.6142669,-7.8445225,-2.433287,-2.6582778,0.67965555,-5.0514116,-3.5593011,-7.1679964,-5.015669,calm,03,03-01-02-02-02-01-03.wav
-387.213,74.235,-6.033594,8.287344,2.517525,-3.8832242,-27.611704,-8.134658,-1.9351455,-18.200804,14.11515,-15.4782505,-6.283585,1.6435316,-14.185692,2.101567,-7.1917877,-4.8807273,-0.123881064,-8.589395,-9.766999,1.749785,-9.430787,-5.15042,-4.065713,-0.9725998,-6.1762314,-1.9046154,-1.5173767,-2.3338304,-4.895956,-2.562406,-7.4623938,-3.265297,-4.2009435,1.0881846,-6.7970796,-5.040073,-6.0430164,-1.7785978,calm,03,03-01-02-02-02-02-03.wav
-381.54486,94.34316,-14.480184,14.166436,3.0543287,-6.741046,-30.950827,-15.19795,-13.267327,-21.41466,2.741495,-14.592846,-9.669506,-5.0258803,-11.544732,-5.548614,-11.468696,-5.8731685,-5.2575097,-7.9543753,-7.373517,-5.948701,-7.154978,-7.263159,-4.8442087,-0.5074066,-9.650166,-3.357204,-4.247713,-3.4057953,-1.6777562,0.8030884,4.45955,9.411025,4.2579627,2.6067038,-3.7299972,-6.396811,-4.938494,4.315802,happy,03,03-01-03-01-01-01-03.wav
-357.96625,88.0163,-19.209568,0.74319154,-9.416903,-4.9566555,-31.996729,-20.91351,-13.74018,-25.600676,0.43064475,-16.049883,-13.621104,-7.921237,-12.052611,-9.539666,-14.472856,-7.257696,-4.291906,-8.50744,-10.130553,-6.3744392,-7.8085027,-2.9374208,-2.3177018,4.477597,-2.1545954,1.4623301,9.921571,9.294077,8.778366,10.5496855,8.20168,8.346274,6.9225965,6.102901,-0.02498306,-0.3016458,-4.3068247,5.717869,happy,03,03-01-03-01-01-02-03.wav
-358.49527,85.07841,-15.387123,4.1011796,-3.083098,-6.4221115,-40.450314,-19.759476,-15.361949,-25.938675,-0.4233561,-18.83447,-10.869825,-7.1579113,-10.6928425,-5.354633,-14.639318,-8.621338,-4.083797,-10.551052,-10.739317,-4.3576326,-10.91581,-6.1967454,-9.812205,-2.9453464,-7.1337914,-0.7383722,-1.2148197,-1.8412796,-3.754779,-3.2341983,-0.8034266,4.2719913,5.5966783,6.8148007,4.1101522,0.8249292,-0.22901802,3.0307124,happy,03,03-01-03-01-02-01-03.wav
-391.10864,89.151344,-5.765507,7.2297263,-7.3868523,0.86985713,-38.02978,-17.894707,-12.720514,-28.032125,1.7109975,-15.561839,-8.812985,-9.079473,-10.759133,-6.9673686,-17.075912,-7.4518485,-3.2440856,-10.039463,-14.188609,-6.4447737,-11.598237,-8.715571,-11.93329,-5.6001854,-10.012755,-4.102777,-2.3206336,-1.995145,-0.9144775,-1.3557583,-1.7089715,0.56478703,3.6367693,4.9631696,4.518643,-0.27270305,-5.4016585,-1.6182432,happy,03,03-01-03-01-02-02-03.wav
-304.45145,63.42753,-11.285981,-0.60724247,-13.916076,-6.808744,-29.411678,-14.78438,-10.316514,-24.955706,3.8412142,-14.434929,-14.361421,-4.380084,-11.678649,-7.7556453,-14.375816,-4.5490265,-7.7033186,-8.605741,-10.332765,-2.2692022,-4.668781,9.13507,14.578568,24.66829,18.768297,15.02562,4.4418273,0.16683453,-1.1491474,6.4590135,8.228444,6.7779946,-1.777103,1.6092645,-0.6604342,4.637732,-0.37254676,-2.2250004,happy,03,03-01-03-02-01-01-03.wav
-278.80304,52.65336,-25.275574,-0.893089,-20.842772,-6.3406396,-27.651764,-19.321115,-12.685195,-23.999704,5.1883245,-14.887983,-12.95234,-2.291147,-14.651058,-5.302031,-13.678601,-2.9447954,-5.4097686,-8.9766245,-12.274647,-0.44105557,-8.992977,8.215714,10.496918,20.313211,19.049814,21.697079,14.243222,9.847242,0.47987777,2.7751293,2.2362633,3.6315389,5.3792124,6.4813585,0.008347997,2.050693,-0.5230538,1.6031355,happy,03,03-01-03-02-01-02-03.wav
-245.83679,46.281555,-11.899439,-5.676973,-17.716566,-4.7400484,-20.934391,-19.765343,-14.740878,-24.07745,-4.953038,-8.512394,-15.293725,-0.84483314,-3.2739553,-4.8752823,-10.558604,-3.7178686,-4.766816,-2.2540107,2.3197734,8.722879,5.8776054,7.2620234,5.7642,6.9172745,1.5332441,3.1894321,5.8287497,9.132062,4.987276,4.10535,0.30889538,0.17280668,2.9903224,7.8861084,2.3585813,0.34200186,-1.4738996,3.2765336,happy,03,03-01-03-02-02-01-03.wav
-281.31427,60.24098,-9.744378,-5.0566688,-10.941081,-4.531261,-30.697388,-17.764914,-14.839846,-28.016287,-1.610973,-16.884483,-15.320718,-7.874792,-10.20505,-6.074899,-13.867915,-2.6668944,-4.202654,-9.500511,-11.568425,0.5417806,-1.0116212,6.9481993,7.599826,10.447466,7.7622557,10.086324,10.934323,7.7123494,0.5574573,-1.2032173,0.73624676,5.871343,3.1453385,4.6360173,-1.1461306,-0.02959549,-4.137421,4.3666315,happy,03,03-01-03-02-02-02-03.wav
-495.81046,112.45867,-0.9932461,16.132154,8.330518,-2.293676,-23.698883,-10.466969,-6.7264585,-21.965267,-3.3753967,-10.410354,-11.519649,-5.1869316,-12.980627,-7.299435,-11.127314,-1.8580402,-6.557765,-6.449467,-5.987387,-8.206044,-7.598905,-6.305149,-6.7974772,-3.7585268,-8.376158,-1.6239995,-4.3127203,-0.8910213,-4.613541,-3.3929064,-4.3382354,-1.9957792,-1.276906,-0.9249968,-6.1309557,-4.7475243,-5.007604,-1.1749271,sad,03,03-01-04-01-01-01-03.wav
-532.5361,107.760925,-2.8498003,11.61229,8.868586,-3.4398744,-18.389309,-10.044755,-4.0329366,-11.396246,-3.5761735,-7.2674227,-6.741774,-3.4348104,-9.586642,-1.4721278,-6.7306395,-2.3481798,-6.582559,-6.864012,-5.32262,-7.066321,-4.6736646,-4.116764,-8.206595,-1.5889428,-6.812531,-0.45856053,-3.7732835,0.67300785,-6.573146,-1.4291967,-4.0537434,-2.3822134,-1.6743623,-0.27001053,-3.4154754,-1.9494393,-1.9185485,-0.18303686,sad,03,03-01-04-01-01-02-03.wav
-473.5266,87.89025,-12.214919,16.677835,5.069326,-5.6987414,-21.9396,-11.879877,-7.6069684,-15.744115,0.92668706,-9.750109,-10.227947,-1.8142201,-10.26351,-2.9421265,-6.910752,-5.4457097,-4.275526,-6.702186,-10.085882,-4.693029,-2.821117,-7.167042,-9.701106,0.9943058,-6.7120795,-1.2972568,-4.5337887,-0.94197124,-4.9735293,-1.9348929,-5.0006924,-2.159869,-2.912842,-2.1927028,-4.990307,-4.6511226,-5.107637,2.3267338,sad,03,03-01-04-01-02-01-03.wav
-484.53006,88.56335,-4.3014517,16.775162,3.880564,-1.3292031,-27.11868,-10.949474,-5.9171367,-16.75684,0.91675335,-7.6830416,-10.157199,-3.00232,-7.5566754,-3.4139948,-7.61024,-3.6518111,-6.2523594,-5.480373,-9.637774,-5.2579446,-3.8432224,-4.9449577,-9.92873,-0.58937514,-4.616458,-1.1531657,-4.7006407,-0.039046343,-4.694689,-3.3637617,-4.8259726,-3.522848,-3.385524,-1.4947417,-4.99409,-5.0928855,-3.7005553,4.187771,sad,03,03-01-04-01-02-02-03.wav
-440.82407,86.174225,-22.504255,-3.2206113,-3.715833,-11.6275,-26.245827,-24.095062,-23.589745,-28.604557,-7.509788,-13.060665,-14.526607,-9.32839,-8.841129,-4.0182924,-4.7833357,-5.7485795,1.2971859,-2.0400412,-2.3490114,-0.25184715,-2.4771967,-1.2154831,-4.847346,1.077421,0.3673775,0.2944575,2.9264412,2.9582682,1.915777,5.235677,1.4658523,8.032506,6.1571207,4.27118,0.34322232,1.9168051,-4.563097,0.6103125,sad,03,03-01-04-02-01-01-03.wav
-408.15085,64.90203,-13.961844,4.397466,-2.2654738,-5.792737,-20.866037,-19.260756,-13.367225,-18.248367,-4.395831,-13.851522,-13.36642,-7.553526,-9.687394,-4.76627,-5.806817,-4.22285,0.103841215,0.96544576,-1.0962484,3.7263436,1.5191615,0.33683866,-2.1092176,3.7108793,-2.8828983,-1.1953256,2.769489,3.2911067,4.8003564,6.096277,0.547898,4.966188,3.4518235,3.5581853,1.3874491,1.0588833,-1.1913106,1.9801953,sad,03,03-01-04-02-01-02-03.wav
-377.765,60.594677,-16.11479,4.8896685,4.9143863,-4.0800276,-15.946674,-15.600388,-14.564365,-14.348693,-2.4029715,-11.711676,-7.4134736,-4.288707,-8.382883,-1.4921287,-4.336226,-4.7135296,-1.8450942,-1.0716685,-7.746713,-4.5411053,-1.9989316,-4.7052383,-6.8075776,3.0744836,-5.0694003,0.60261583,1.8808218,3.6048326,3.1158314,2.803517,3.2800481,8.816861,7.6932006,8.364059,8.730916,6.8044667,3.6914334,4.394111,sad,03,03-01-04-02-02-01-03.wav
-317.14548,88.55881,-17.097511,6.984704,-0.795061,-4.983566,-22.279154,-19.888758,-21.107874,-19.286993,-7.2730513,-13.38334,-11.032563,-5.6103363,-11.016379,-0.9138764,-9.352541,-7.5054874,-1.2168895,-4.3294697,-12.699035,-4.9823484,-4.6806297,-7.3384757,-7.5310965,1.2354746,-5.703591,1.2181711,0.04062862,3.7316937,4.453608,4.662333,4.8486996,10.617928,9.178461,11.624873,10.899806,6.4387827,1.2267051,3.8440878,sad,03,03-01-04-02-02-02-03.wav
-474.70776,92.20257,10.460387,23.630424,3.6905138,-9.191227,-12.592125,-8.914002,-5.613706,-5.8224826,-4.4629254,-4.44642,-3.1847315,-2.9395616,-9.409986,-1.1710324,-5.933302,-6.018261,-2.9108324,-3.6158257,-6.516539,-6.142822,-7.218278,-8.130573,-5.5074596,-4.107495,-7.2090044,-2.5716848,-2.579401,-3.8822355,-2.4381337,-1.5587811,-4.6058593,-1.5796654,-3.575328,-0.20277399,-5.2345424,-3.8871708,-6.207457,-2.4784453,angry,03,03-01-05-01-01-01-03.wav
-353.94223,85.64204,-14.732302,19.580435,-1.2287029,-11.226761,-14.367683,-15.2817545,-4.1508236,-11.650148,-9.237404,-3.8686109,-7.5650167,-2.606187,-12.3133955,-2.2961545,-7.2935414,-4.0311027,-1.4804796,-7.336025,-4.955875,-6.882033,-9.14751,-4.149732,-8.1202,-1.6264018,-6.138297,-2.501431,-1.2258208,-0.90262973,-5.7953033,-0.31020454,-6.756417,0.5514968,-1.157599,2.8542194,-2.0544033,0.8879102,-4.1931143,2.5182295,angry,03,03-01-05-01-01-02-03.wav
-369.04785,88.018234,-8.532404,16.838207,-2.433631,-9.7975,-21.563791,-16.7852,-8.595555,-14.697508,-6.2164445,-3.4810226,-5.669504,-6.129758,-12.933884,-4.418334,-11.015578,-3.4448473,-5.10146,-5.390671,-6.701375,-5.4938993,-8.073567,-7.7784486,-6.4795966,-2.8662136,-7.250231,-3.1739833,-1.1282821,-3.0740058,-2.8459291,-4.8176584,-7.341453,-4.441785,-4.0983353,-3.8083048,-4.083084,-6.1314983,-6.758724,-1.920772,angry,03,03-01-05-01-02-01-03.wav
-325.28226,80.129616,-14.855939,10.475417,-5.362607,-12.106451,-23.903128,-12.93486,-9.986455,-15.021462,-6.069639,-5.558337,-6.3756742,-7.119226,-13.827192,-5.24312,-10.1487665,-6.579268,-1.4753798,-7.133725,-7.5742717,-5.9139843,-7.804198,-7.255471,-10.857371,-0.37591633,-8.966895,-4.274758,-1.6301768,-2.910149,-6.4305067,-3.1946337,-5.8788185,-1.1427794,-2.7730973,-0.38719076,-3.3315964,-2.7659795,-3.3412583,4.3933973,angry,03,03-01-05-01-02-02-03.wav
-183.20729,63.357,-28.22706,9.482905,-24.806051,-8.908802,-8.790056,-21.86089,-5.4066167,-11.761963,-12.791353,-2.547145,-10.375742,-4.6671953,-11.244063,-0.5471248,-9.407358,-8.107531,-2.392776,-5.246291,-4.011112,3.786592,0.3676555,7.9437456,6.8753977,11.374542,10.263182,10.209055,10.094904,9.744294,4.9230947,6.828847,2.877982,3.0144362,1.8420812,3.9374368,1.0765538,3.510843,-2.6146948,1.3217753,angry,03,03-01-05-02-01-01-03.wav
-189.82675,63.243946,-22.002615,12.100268,-15.534579,-10.042548,-10.719638,-20.702738,-5.8919587,-12.546322,-14.203682,-6.4427624,-8.567467,-4.8491693,-11.387622,-3.1136782,-6.9165087,-7.440446,-2.192746,-3.5199947,-5.124261,1.3984323,1.9558432,8.804953,5.2450814,9.984948,7.1624527,6.7896395,7.6359434,9.887673,5.8912735,9.459826,2.5101345,2.1381176,0.85560757,3.7745214,2.567054,4.506509,-1.4433208,0.10410857,angry,03,03-01-05-02-01-02-03.wav
-185.30869,68.4235,-26.202566,7.358163,-20.620481,-11.662724,-10.6550665,-20.233986,-9.413045,-11.806817,-10.059752,-4.2217135,-12.286209,-3.6178691,-14.39047,-2.4764454,-7.8115606,-5.7022996,-2.895074,-0.11513861,-6.6346073,-0.6028905,-2.648548,1.2664253,2.0228488,6.9033313,3.6932008,5.4738894,5.949937,5.40244,2.14117,5.4329686,2.1665554,7.1642923,3.4606562,3.9046674,-0.14958078,1.7019479,-0.4403325,1.8559188,angry,03,03-01-05-02-02-01-03.wav
-172.01083,60.327503,-24.288086,8.140439,-23.22233,-9.075765,-7.9869585,-18.24055,-13.276718,-10.707721,-7.823912,-4.8548894,-14.021185,-2.4465103,-13.569629,-5.1718616,-5.873262,-3.1903584,-0.74674904,-2.8613017,-6.468187,1.4306852,-1.2962185,3.006268,4.6210933,7.578109,4.45446,5.3722396,8.080011,10.911003,5.1320457,7.1927614,-1.406422,3.0938542,1.3394631,4.7146063,1.1487681,1.5745099,-0.79240334,2.9338825,angry,03,03-01-05-02-02-02-03.wav
-427.95648,88.76138,2.733398,15.572754,1.1454694,-4.062449,-20.382742,-21.12843,-1.6360925,-12.735265,-5.470067,-9.109543,-9.893503,-6.0010695,-12.415706,-4.0636387,-8.64044,-4.189119,-5.2016864,-3.769069,-11.121742,-5.3530874,-6.601631,-5.55455,-6.159457,-3.2565303,-9.383013,-1.6401886,-5.87204,-1.3105385,-5.661238,-1.9870889,-5.093863,-2.1726704,-2.6454175,-1.6461937,-4.126336,-1.7367916,-3.9086423,4.086524,fearful,03,03-01-06-01-01-01-03.wav
-362.20596,84.43925,-10.619912,9.956183,-4.0119915,-8.22615,-21.84654,-16.692074,-6.5862484,-18.022413,-9.849916,-6.742931,-12.14,-5.421746,-14.817897,-5.5307384,-10.903669,-5.58061,-4.59294,-7.3433695,-11.185406,-8.883669,-7.391689,-7.2259893,-9.9336195,-4.0994015,-10.437739,-4.256255,-5.6222224,-2.3276973,-7.3276663,-3.6257105,-7.0528526,-2.6409707,-5.718826,-3.1802785,-5.251681,-4.905987,-0.6006367,4.194181,fearful,03,03-01-06-01-01-02-03.wav
-329.35782,77.32487,-8.539731,10.852181,-5.4765882,-6.271557,-22.602764,-18.255816,-9.618727,-19.686455,-5.3835034,-9.456349,-13.039216,-4.1106305,-12.867293,-8.376001,-8.557798,-8.407446,-2.771632,-7.35989,-11.454808,-4.5294995,-8.550727,-6.394932,-8.503563,-1.2667361,-6.1450305,-3.4582572,-4.651556,-2.1497924,-7.027526,-2.9522574,-9.376851,-1.9929825,-6.5536146,-3.002672,-7.154282,-3.0032992,-2.6332145,6.2920556,fearful,03,03-01-06-01-02-01-03.wav
-440.4145,85.31801,-15.316676,12.014676,2.285836,-4.157293,-21.860168,-18.195023,-8.477008,-14.967516,1.898643,-6.121827,-9.306497,-1.6287044,-6.1329727,0.83091503,-8.034618,-4.2322044,0.46764088,-6.4499297,-8.71609,-6.4062347,-5.362484,-3.5872087,-8.151653,-1.1588339,-1.869724,-1.2929122,-2.051209,-0.23543333,-3.4870472,-3.4907753,-2.956015,-2.7178087,-4.144084,-0.8648733,-4.3502045,-3.1021435,-5.696803,0.24195538,fearful,03,03-01-06-01-02-02-03.wav
-301.45956,76.58803,-12.928822,13.11377,5.687931,0.6608574,-8.205042,-5.0599995,-9.8909445,-11.37564,8.015109,-9.012781,-6.5418034,3.8822134,-5.107614,3.5756655,-5.685342,-2.3102252,1.1663628,-2.504613,-5.915509,1.6931891,-1.3997725,-1.4554275,-1.5429277,4.2794795,3.07665,5.0910816,3.597523,8.232457,5.3324013,9.740179,3.233117,6.7483745,4.2469606,6.889877,3.2280438,5.7682557,1.408806,3.9479244,fearful,03,03-01-06-02-01-01-03.wav
-209.74925,57.062153,-29.29822,-0.23144026,-12.702826,-7.6528535,-24.120941,-24.773811,-11.063589,-23.647446,-5.6132274,-12.562503,-10.158488,0.4157547,-6.9250937,-1.2744865,-3.9120178,0.04499314,1.4413954,3.8341746,-3.9744008,3.386906,0.41463235,7.0220194,8.695519,19.464638,9.5031805,13.448718,9.052476,10.121936,4.8217664,6.2384677,0.36963376,5.354562,0.76632816,5.0307527,1.8504062,2.208422,-3.2555828,-0.5586774,fearful,03,03-01-06-02-01-02-03.wav
-200.60558,63.22019,-18.434357,-6.036826,-11.014918,-4.4363604,-20.504065,-21.024874,-12.748112,-23.281721,-5.893935,-11.153868,-16.703632,-1.703308,-7.2217474,-0.66013414,-7.526219,-2.7902782,-6.999499,-2.7259207,-9.000388,-3.246257,5.5420737,8.796046,10.115823,21.27337,13.416922,13.5047,12.548499,12.255415,4.2033477,8.512352,-0.76435286,4.8996587,2.0888586,4.5675397,2.6974502,-0.4991428,-0.20027727,3.304534,fearful,03,03-01-06-02-02-01-03.wav
-188.66006,64.11687,-19.299574,-9.308426,-15.051853,-8.222667,-23.721878,-22.751953,-16.552258,-23.96447,-6.873535,-13.347307,-12.855819,0.7313174,-4.97622,0.7836299,-3.8164427,-1.2146702,-0.5263148,2.258619,-7.188741,-1.8570663,3.3027089,9.226201,9.8449,22.560644,12.797321,11.476191,9.287038,7.900066,2.5404205,9.706726,2.2768102,3.8743162,0.8585569,3.9290175,1.1268487,0.51927626,-2.8509846,-0.41896048,fearful,03,03-01-06-02-02-02-03.wav
-439.08624,84.46591,-2.8529036,14.626336,5.479574,-10.106506,-13.91452,-8.13103,-11.929126,-6.352002,-4.9797797,-11.090867,-6.591122,-9.406599,-7.476333,-8.0243225,-7.721557,-6.0463986,-6.5996747,-5.4407997,-7.613601,-8.987888,-5.094428,-6.598363,-8.977381,-6.182918,-5.1374683,-2.713467,-6.862138,0.5493215,-6.181409,-2.7070003,-6.667966,-0.7452428,-3.013774,1.5615041,-2.8214142,-0.36697277,-1.4918969,-0.2410619,disgust,03,03-01-07-01-01-01-03.wav
-446.17896,87.467,2.1791654,21.594873,7.356073,-12.788077,-14.333157,-7.6976857,-10.55034,-8.908957,-3.389943,-11.360532,-5.882113,-9.487973,-4.9840827,-8.115058,-5.895234,-3.3658316,-8.059624,-3.554407,-7.700626,-7.393821,-4.0710635,-6.6092024,-5.408625,-2.2629998,-6.6434546,-0.7930719,-5.773328,1.9405891,-5.439655,0.60006094,-6.038002,1.261258,-4.167066,-1.3719403,-6.6330943,-4.9520774,-7.65524,-3.806584,disgust,03,03-01-07-01-01-02-03.wav
-415.56393,64.429245,-0.9625166,17.657183,0.8513344,-8.542658,-21.47747,-7.714114,-9.199996,-10.150807,-2.3542805,-16.27259,-8.2451315,-7.5684843,-7.2684946,-9.348806,-5.8217554,-7.3034506,-5.2795396,-5.0302844,-13.037423,-6.1568246,-7.35042,-8.810552,-5.9595284,-7.5032997,-3.8799026,-3.2400725,-5.4147964,-0.619067,-5.5465136,-2.8234994,-6.9301605,-0.31328318,-6.704373,-1.5795275,-9.374441,-7.289747,-6.7425313,-4.5682693,disgust,03,03-01-07-01-02-01-03.wav
-385.37903,79.51663,-10.865469,16.916225,2.0649114,-9.257224,-24.38486,-12.59153,-13.900925,-11.387555,-1.0176667,-13.508157,-6.3315086,-12.685646,-4.3957396,-12.760793,-6.1751018,-4.6632414,-6.623706,-7.302123,-9.2041855,-9.89008,-5.502751,-8.388862,-7.349258,-4.5985904,-5.1519713,-2.430845,-7.525405,-1.4395119,-4.6504884,-4.962572,-8.456089,-0.7113044,-8.022166,-2.5748856,-7.8604226,-7.341365,-7.441576,-4.1400137,disgust,03,03-01-07-01-02-02-03.wav
-424.3696,72.33005,-6.0435038,25.349478,2.2492485,-15.38312,-17.842667,-5.4945493,-8.364408,-10.77365,-5.139116,-10.981513,-8.9175625,-9.116144,-6.874576,-10.5974045,-5.4370704,-7.8775635,-6.241135,-7.503552,-9.069068,-5.606819,-13.669227,-4.541065,-7.476775,-5.323983,-8.300382,-3.12135,-4.957152,-0.26206192,-5.8891354,-2.2727993,-5.880069,-2.249757,-5.812177,-0.8451108,-5.8316207,-3.4301813,-4.3001466,-0.18070129,disgust,03,03-01-07-02-01-01-03.wav
-432.7834,79.962,-1.3552524,16.768702,1.3260791,-10.311799,-15.952065,-5.1388283,-5.433904,-6.6845555,-2.1672306,-10.528389,-6.5719547,-5.6211357,-7.1719184,-9.999279,-1.8728842,-7.914682,-1.4310911,-3.4049954,-9.846852,-7.3177156,-6.7236557,-3.6203303,-6.0930142,-5.6151495,-6.45845,-1.311216,-5.015103,-0.31086996,-7.965578,-1.3829519,-6.196995,-2.2886808,-4.9364605,-0.43900502,-6.6398153,-3.9637687,-3.5352962,-1.9765028,disgust,03,03-01-07-02-01-02-03.wav
-427.84784,70.66845,-7.6767945,5.8369884,-1.0365409,-3.7692084,-19.784676,-6.2064342,-9.682548,-13.542404,-3.4928982,-5.3708363,-8.011374,-6.563832,-5.0749598,-11.603959,-2.7064886,-4.765078,-4.7201586,-4.454533,-6.7217836,-7.532865,-6.8182025,-5.1031795,-6.5684867,-3.408912,-6.7704215,-2.0988982,-4.982822,-0.9050025,-4.493454,-2.8606932,-5.5295954,-1.1119269,-4.958343,-0.37553138,-6.219665,-4.868257,-6.0706573,0.08112966,disgust,03,03-01-07-02-02-01-03.wav
-362.5478,65.945885,-11.730638,3.5575886,-12.283163,-4.866801,-23.390902,-15.0480795,-13.7266,-13.165429,-9.2573185,-7.4877677,-9.819718,-9.946995,-1.9040163,-12.107737,-8.905098,-5.6403103,-6.588538,-7.5679574,-8.283455,-11.090214,-8.223279,-6.6409755,-9.191994,-0.11269671,-1.8228309,1.3348542,2.139809,6.2603526,1.133242,1.8868096,0.42726782,4.3554616,1.8465738,4.5473766,-2.7736633,-0.3394523,-2.203943,0.506192,disgust,03,03-01-07-02-02-02-03.wav
-366.1074,92.02895,-25.787073,6.2354264,-15.106459,-6.9764814,-31.385626,-26.662178,-8.893724,-23.284798,-5.346214,-8.857009,-9.799844,-8.152353,-10.31773,-10.216493,-11.197992,-9.523329,-12.270715,-1.603605,-8.145371,-2.5582411,-1.097315,-5.031318,-0.8105503,3.1653059,-5.4031296,1.1279715,0.97533596,6.9804196,1.5728185,11.720379,6.47931,7.41479,-0.7177287,-1.875384,-5.8500996,-0.319267,-1.7269697,3.9011924,surprised,03,03-01-08-01-01-01-03.wav
-337.11392,86.46665,-12.650815,14.002649,-3.2714038,-9.399259,-20.976099,-16.38219,-3.5612557,-17.377151,-4.4101973,-5.923494,-14.308776,-5.120124,-8.437361,-9.10392,-10.4929,-3.3897436,-7.103944,-2.8833525,-8.372995,-4.5283184,1.5572718,-3.7931364,0.16852768,-0.533207,-4.4454308,-1.4791771,-0.8001453,8.32687,-0.1735051,5.17842,-0.38437945,3.0987415,0.4284925,5.9939294,-0.17896758,1.752594,1.8328134,7.0362024,surprised,03,03-01-08-01-01-02-03.wav
-359.01727,98.948944,-26.894001,12.64098,-14.086896,-4.7628975,-32.107582,-22.008549,-10.386651,-24.983665,0.14866382,-2.515208,-16.878248,-6.325474,-8.446925,-12.713862,-5.905508,-11.434217,-14.918117,1.5098947,-11.586898,-8.8898,-4.5032625,-8.101281,-7.3791313,-3.1235468,-5.990571,-4.2329426,-2.5299127,1.384948,-3.2074564,-3.4194653,-2.2033281,-2.658423,-7.789774,-0.7189161,-9.295977,-4.9221425,0.5954476,8.7605505,surprised,03,03-01-08-01-02-01-03.wav
-329.4,98.989365,-31.63032,16.167566,-7.064143,-13.927688,-25.52895,-17.014011,-6.464493,-21.010195,3.8196626,-4.498788,-12.019251,-6.014295,-6.066858,-13.262805,-7.3428082,-7.1865845,-9.157059,-1.6104207,-14.259427,-4.0089836,-4.8732963,-5.9996223,-5.9425955,-0.08553421,-3.462648,-0.9104789,1.7780882,3.2893817,-0.5418252,-0.38068235,0.85445493,2.1932173,-0.036929015,5.5420814,-3.0314364,3.839126,2.1693795,8.170503,surprised,03,03-01-08-01-02-02-03.wav
-274.48843,92.49736,-38.52093,15.656728,-14.05193,-24.7755,-21.29103,-24.191132,-5.79956,-26.69304,-8.093937,-2.0661886,-20.406824,-8.984681,-6.442418,-13.454527,-10.527569,-6.2334023,-10.868231,-3.899555,-11.810315,-7.624714,-6.0850472,-7.3719096,-5.3267126,-2.0012457,-4.3951015,0.80277324,3.8657308,5.571742,-0.95365703,3.7778804,0.04260423,1.3171303,0.39897752,4.829712,-2.7369862,3.775947,3.9019854,6.6574345,surprised,03,03-01-08-02-01-01-03.wav
-265.12357,78.17039,-19.483458,16.897316,-7.67645,-16.00672,-14.327708,-18.150488,0.2356306,-19.971312,-5.9011264,-1.8048793,-16.282164,-2.1128404,-8.756398,-8.736318,-11.4334955,-7.9451303,-8.362644,-4.8580055,-14.338321,-6.167836,-3.0431488,-4.616815,0.59450597,7.367527,-0.89246887,6.6173162,8.120658,7.9613485,-0.24758089,4.4509163,-2.5109215,3.7254386,5.8807335,6.9545527,2.071253,4.0729566,1.0844114,3.003576,surprised,03,03-01-08-02-01-02-03.wav
-261.21985,74.247696,-21.568102,-3.8663366,-16.122704,-7.1752205,-32.996834,-23.776323,-5.1451015,-26.160969,-5.716273,-6.9085402,-16.81348,-9.831246,-7.937444,-8.29819,-12.232622,-8.958045,-10.051474,-4.1919622,-14.2554655,-12.160984,-4.9896317,-6.391243,2.8972695,11.760326,7.131739,8.571445,4.407862,8.05879,-3.7175305,3.9178586,0.37987772,4.312131,1.5943123,0.46149203,-3.9693804,-0.18420498,-0.5379772,6.632225,surprised,03,03-01-08-02-02-01-03.wav
-311.75735,83.8745,-18.857985,6.6093326,-10.42025,-15.848112,-27.511578,-16.657507,-9.533938,-23.260624,-3.7786784,-9.723481,-16.660341,-9.230271,-13.918629,-13.3395195,-11.103186,-6.201681,-9.464777,-1.5267769,-11.82641,-9.154796,-2.9985983,-8.7835655,-4.242773,0.7340689,-7.5346856,-0.45020112,-2.459121,0.30642867,-7.1725445,-4.547891,-4.4284954,1.0518968,-1.3404151,5.628222,-1.8056662,0.1617548,0.6352627,7.553315,surprised,03,03-01-08-02-02-02-03.wav
-478.52188,89.882484,-27.226892,13.270444,-13.065264,-15.284744,-15.168256,-29.346529,-16.23072,-7.62892,-5.540461,-14.986178,-10.110458,1.344115,-14.790449,-7.5307055,-2.6567585,-0.9015358,-1.1149148,11.346618,-2.7750723,3.2793367,-12.508172,-4.1554394,-3.787445,1.7683482,0.55437964,8.320292,3.3189776,6.951603,-2.0977051,0.64635813,-5.934144,2.4465346,4.2510905,4.266768,0.57887334,-0.26239014,7.022824,9.622142,neutral,04,03-01-01-01-01-01-04.wav
-478.78244,90.56907,-28.27783,7.211278,-18.44136,-18.790129,-16.930384,-30.083723,-23.290636,-10.673199,-8.60146,-17.857332,-11.722435,-1.5899723,-17.817867,-11.064605,-11.350687,-10.25509,-10.196291,6.7438765,-3.1287513,7.1876493,-4.7933846,-1.6276242,-6.303208,-1.7869022,1.5588317,11.255192,6.902148,5.196764,-0.5936127,6.4089975,3.8872774,0.43240136,-3.3190548,-2.9470587,0.43755907,-1.3183495,2.9758842,11.007354,neutral,04,03-01-01-01-01-02-04.wav
-485.26758,95.56051,-24.814089,-0.2892598,-19.514862,-13.9894085,-23.634878,-34.043987,-19.884863,-12.708277,-9.3220005,-19.33284,-11.681087,-2.4660473,-19.092642,-10.259829,-8.765215,-9.238256,-13.634901,1.4819903,-6.926693,0.83385694,-9.920143,-2.1447506,-1.386078,-0.113663554,-0.999486,4.431802,-1.8860531,2.9707587,-1.9942518,6.0058413,4.481802,6.1474204,4.2337685,6.882433,6.065348,4.557342,7.630264,6.6287174,neutral,04,03-01-01-01-02-01-04.wav
-485.66278,96.476814,-21.129347,1.8015679,-17.980204,-14.394241,-22.06823,-34.34421,-22.592306,-12.686146,-8.79432,-18.869844,-13.130381,-2.254977,-19.878685,-13.495442,-8.175552,-9.51885,-16.189827,-0.030818367,-9.307295,0.66610813,-9.021047,-2.629518,-5.022213,-1.3769317,-5.1196465,3.9016392,-3.2593265,6.2908797,0.688324,7.3601656,4.9189806,5.601445,-0.37065443,3.052593,5.998559,4.3257136,8.997288,9.54421,neutral,04,03-01-01-01-02-02-04.wav
-489.8012,89.85384,-25.903866,0.76712316,-21.298145,-16.459589,-17.817245,-27.407064,-20.766178,-10.799612,-9.916328,-17.915203,-11.405144,-3.7333345,-17.523947,-11.209824,-9.991957,-8.048352,-11.365842,0.8366139,-10.550916,-1.2280443,-11.784584,-2.980801,-5.9471397,-0.5356665,-2.7456136,-0.06359908,-4.002336,1.8648667,1.0762169,9.193268,6.2898726,8.604544,8.062379,9.578562,7.740603,5.4031982,5.034687,0.7166201,calm,04,03-01-02-01-01-01-04.wav
-482.5276,86.8117,-32.986744,9.435064,-14.378495,-14.1004925,-15.106865,-24.711784,-18.911009,-8.687783,-6.643781,-15.6474285,-9.122104,-0.010094047,-16.04916,-5.6523967,-10.376239,-4.031377,-11.318859,3.7178051,-7.403154,5.030403,-3.7608526,1.0474972,-5.350214,1.2937436,-1.7252576,6.762766,2.8879807,7.5570693,2.5496554,8.356208,13.172974,13.749829,10.062353,3.596872,-2.4913247,-6.07815,-1.2031461,2.0433626,calm,04,03-01-02-01-01-02-04.wav
-475.5703,80.82005,-22.043081,5.609159,-22.167944,-13.770588,-22.294014,-26.957396,-20.956879,-13.176641,-7.791434,-15.727061,-7.384011,-6.553964,-16.980597,-9.121435,-8.289437,-12.058523,-11.075686,-2.5280583,-16.498732,-4.1673613,-14.108081,1.7111856,2.014678,8.511777,6.329939,7.847342,2.3941326,8.0189905,5.689746,16.726488,14.653447,15.194015,3.7818985,0.062187143,-4.7276464,-0.7746271,3.1986065,3.6211033,calm,04,03-01-02-01-02-01-04.wav
-498.9961,79.20678,-19.238827,0.9494412,-17.474325,-12.497698,-18.921755,-28.320152,-19.522642,-12.801566,-8.592589,-14.493454,-14.336467,-0.828074,-14.664137,-8.760793,-9.55575,-9.170757,-15.00672,-2.4924023,-14.661295,-4.2318797,-6.784915,6.0040436,6.2691,15.795638,7.5754237,10.190038,4.2377295,5.163819,-0.44206098,9.690882,11.69379,9.543623,5.9725385,4.9741597,1.0265563,0.7503594,1.5049711,-0.15067515,calm,04,03-01-02-01-02-02-04.wav
-520.504,80.90403,-15.160153,6.5715103,-15.047102,-8.615539,-16.931263,-20.89033,-19.140312,-10.716616,-5.767387,-17.348465,-7.9973173,-3.5443892,-12.698687,-7.908886,-7.2305617,-7.3645916,-6.148224,0.13865411,-10.159616,2.1054068,-7.8752937,3.7417645,-0.7678966,4.123035,1.690641,4.7976274,4.298582,11.613292,10.363811,17.04657,10.101068,4.5219235,-2.0052097,0.2585572,-1.8206537,-0.47732434,0.9194696,1.302445,calm,04,03-01-02-02-01-01-04.wav
-505.71054,89.20775,-22.89867,9.864716,-13.510091,-12.947027,-18.642427,-23.052498,-21.055344,-12.443905,-5.4584594,-16.818138,-7.779597,-0.43589598,-15.490996,-7.390476,-8.732573,-9.549166,-11.379732,-0.043829363,-11.541144,1.1174061,-6.8142996,-0.14958704,-2.1586537,0.3418866,-1.886463,5.1389837,1.945176,7.596212,5.462458,12.110445,8.91209,5.6449704,1.7336402,1.9706059,2.516248,1.373565,-1.6566281,-4.078015,calm,04,03-01-02-02-01-02-04.wav
-498.66513,78.84746,-14.587242,6.303281,-14.845083,-13.203573,-21.009842,-26.686407,-15.851621,-9.542662,-8.433224,-14.955113,-7.7065744,0.54947954,-13.707626,-2.0865767,-7.344945,-9.612056,-12.656073,-1.0177267,-10.93654,1.3347094,-3.1183617,5.0245724,0.7075378,2.8888614,0.7483946,8.972891,8.233818,11.369783,5.18542,10.9310875,10.991252,14.462616,13.109286,7.6427093,-1.4368689,-1.8888981,1.971047,3.5783913,calm,04,03-01-02-02-02-01-04.wav
-494.31747,73.44999,-12.124203,1.5707558,-21.47612,-10.750027,-24.69555,-24.984148,-19.172853,-11.336417,-12.983851,-19.959,-8.319222,-9.900701,-18.474913,-4.092846,-9.633245,-13.451847,-10.841942,-4.8524165,-15.935668,-5.371421,-11.689928,-1.7829711,-11.344286,-2.6785336,-2.3468626,2.1828365,7.146392,9.924225,10.617948,14.646429,7.8814507,8.308634,5.4655776,9.292946,1.2570168,3.0033367,-0.52248114,-1.9453661,calm,04,03-01-02-02-02-02-04.wav
-428.6494,95.43538,-42.279007,9.666191,-21.710949,-22.48265,-16.638252,-32.696445,-18.347195,-10.283537,-15.351229,-16.280922,-13.516581,0.33570755,-16.286531,-2.2208037,-6.104042,-7.8789406,-11.076885,-2.6253052,-7.4294043,0.92355835,-7.0164995,-2.0186157,-1.7151232,-5.471849,-6.2951193,-2.577482,-3.8493612,8.21381,4.131982,12.327858,7.263194,8.465397,2.9576268,2.304574,2.0863712,1.4968159,0.514113,1.2918258,happy,04,03-01-03-01-01-01-04.wav
-374.2906,83.13361,-51.52958,9.108223,-20.342022,-28.919884,-9.73634,-33.941994,-19.58221,-7.9309053,-15.320311,-14.52623,-14.98723,-0.8360605,-19.678696,-4.9012575,-2.8451672,2.918609,1.4922156,10.495817,0.72692525,11.313262,3.5291228,5.1931114,3.8280401,0.6783003,1.9779651,6.0999274,1.7754123,3.0556512,-4.4211593,2.3756628,1.8097005,3.712551,-0.3536154,-0.109903276,-0.26920244,1.2644213,0.3627565,0.7362939,happy,04,03-01-03-01-01-02-04.wav
-403.33435,80.87291,-34.734703,13.534768,-14.853353,-20.963211,-8.836976,-27.518248,-16.565641,-13.848007,-7.8835683,-12.869264,-10.742027,-3.6239235,-14.222282,-7.6111784,-12.764821,-6.8770356,-13.704838,-2.4203858,-8.288862,-1.1614729,0.060828716,6.5772095,2.7020729,7.9348865,0.6194421,5.989963,2.4608788,1.003515,1.5239708,2.4562466,5.05399,5.714863,3.6427503,5.3242683,-1.629053,-1.3896971,-4.8644834,-1.7847216,happy,04,03-01-03-01-02-01-04.wav
-382.48645,88.25956,-41.959293,7.556205,-14.216544,-26.323318,-14.954294,-34.862785,-14.69747,-10.046917,-12.992521,-12.902487,-11.08955,-3.5634263,-19.141687,-4.4958243,-6.248413,-4.9442935,-8.4574995,1.7955891,-7.2630234,3.8353999,-0.8708479,8.613404,5.4347606,4.188595,2.8459923,-0.31790498,-0.5587621,3.431243,1.3943111,3.9124417,-0.58534014,0.17565393,-0.46841288,6.1616597,-1.5590878,-1.7204361,-3.791396,0.49612513,happy,04,03-01-03-01-02-02-04.wav
-323.89502,57.790474,-43.099888,-2.1305099,-20.122936,-24.38929,-9.179824,-30.2531,-16.991478,-9.284803,-13.037654,-14.781592,-6.7323694,8.082082,0.5078335,2.3581316,-4.446844,-2.56363,-0.02889273,11.966298,1.1696086,7.4550424,4.8841157,9.993153,8.014064,5.326493,-1.4163704,8.368562,5.4108167,1.6099682,-1.5314757,0.6444833,-2.4936757,-1.358848,-2.7911038,0.38527626,-3.3252213,0.2125759,-0.6673443,1.1284554,happy,04,03-01-03-02-01-01-04.wav
-288.86545,44.322144,-48.55593,4.227724,-22.521248,-25.723783,-4.7481055,-32.478558,-12.087717,-9.152653,-14.948154,-13.991421,-13.953704,8.915427,-6.513437,12.061048,16.061413,14.270975,12.29379,11.699888,-2.4184155,6.8772044,-3.855757,4.879359,1.8370513,0.017623004,-4.131613,2.677266,0.52529323,-2.4093,-5.9718385,2.6994674,0.7606397,1.8524547,1.5889876,2.1409225,-1.2087888,-1.6689034,0.48202717,3.7802792,happy,04,03-01-03-02-01-02-04.wav
-316.92694,48.204113,-40.762043,2.195965,-21.681147,-26.031551,-15.460388,-35.451607,-18.436075,-11.25297,-15.684944,-12.717204,-14.904376,-4.493595,-21.03634,-11.168724,-9.8681,-6.8041096,3.014674,12.932342,5.074702,6.682729,1.093931,2.5645096,6.870021,10.622556,4.029126,2.7199183,-4.930153,-0.39719316,0.01822919,2.2260888,-3.1790779,-2.9765086,-0.39492545,2.74718,-0.84022474,2.9835982,4.3484855,2.0710013,happy,04,03-01-03-02-02-01-04.wav
-257.09598,34.442616,-50.845364,-3.8582199,-27.059427,-28.690435,-18.475183,-33.620026,-14.1793,-14.864215,-17.698185,-19.744513,-15.526205,0.4420684,-10.954129,8.439589,6.30318,9.276514,9.658592,9.485976,4.6851344,5.222637,0.20184164,1.4872676,-2.6983912,0.6076687,-2.6093311,-0.4738412,-1.5165937,-2.6373978,-3.2794151,-0.9797216,-3.7517316,-0.25514653,-2.4967113,1.7649171,-2.0618327,1.8976638,-2.1691968,0.98580873,happy,04,03-01-03-02-02-02-04.wav
-476.99756,81.33324,-15.358972,14.408949,-14.460268,-16.220516,-10.98561,-26.149591,-20.78064,-15.94663,-6.1158147,-14.309238,-13.021922,-1.7272407,-12.255398,-10.125831,-8.86263,-3.811961,-13.001731,-3.8989964,-9.275454,-0.52434033,-8.658337,-1.6441835,-2.744634,1.5324606,-1.1708452,5.3513813,3.8763478,10.357373,4.537523,6.85776,1.8048786,2.7523887,2.1420238,4.7557654,0.41058773,-2.4395723,-3.9658926,-0.3789159,sad,04,03-01-04-01-01-01-04.wav
-386.55005,64.90497,-23.345087,-0.8914276,-19.313213,-22.342577,-8.039133,-30.670313,-20.463116,-10.532079,-11.68589,-12.849135,-19.679869,5.3296413,-15.888606,-3.1568532,2.115428,3.4130976,5.5905967,5.5387897,2.899819,7.4075737,7.3326626,11.763806,5.8423705,5.5215282,-6.4687157,-1.3174822,4.6608577,5.985791,-1.0359662,-3.0231237,-0.9772887,1.0569817,-2.7840984,0.57140595,-2.8857524,1.2358404,-4.632286,-0.32903835,sad,04,03-01-04-01-01-02-04.wav
-387.4958,52.57866,-28.825874,-2.8299544,-16.378326,-30.870504,-14.100424,-34.99059,-23.280571,-13.241923,-15.633311,-12.487259,-18.924585,2.0980792,-18.977592,-6.0472374,-4.110951,-6.423997,2.0688825,10.561775,14.379723,12.36162,5.8784533,0.5455911,0.6713308,-0.08365935,0.9337885,5.1774883,2.5601435,-1.9095376,-6.1541224,-1.9578626,-2.66871,0.4023068,-6.9653287,-2.1188874,-2.3991103,4.1376524,-4.662402,-0.09502939,sad,04,03-01-04-01-02-01-04.wav
-398.58405,39.883354,-23.183575,-7.8861475,-18.591955,-34.81529,-12.795991,-38.162415,-21.543419,-11.766576,-17.446608,-11.863805,-15.3154,4.1236334,-15.781414,-1.4657204,0.23078,2.495325,8.816256,17.940348,12.024815,6.1430864,-1.6991566,-1.4291556,-0.49496734,6.4612846,1.7832963,-1.9486471,-6.675815,-5.9979,-2.4793916,3.1889105,-1.4941863,-2.9926457,-5.4757376,2.0469615,-1.9002403,2.3687773,3.227075,3.9502144,sad,04,03-01-04-01-02-02-04.wav
-348.38467,42.256325,-45.41968,-5.957172,-17.240004,-33.51378,-15.233482,-37.20285,-21.428759,-4.067585,-12.053513,-5.9562182,-6.2768917,18.172356,10.853333,12.867051,9.917807,6.303554,7.8241105,5.801211,-2.6053832,-2.957612,-5.029933,0.39531535,-2.303222,-2.1171284,-4.4373507,2.682831,1.371626,-0.9007417,-7.4669104,4.203027,-1.7195734,4.5292516,-6.0030136,7.4688435,-1.8138888,1.7300504,0.028074626,3.578788,sad,04,03-01-04-02-01-01-04.wav
-328.02917,35.171272,-33.029984,-8.038966,-24.089674,-22.980877,-6.829928,-25.608232,-17.87091,-3.02044,-6.247783,2.138297,4.3135834,28.359596,18.915459,19.240608,5.0697937,1.5410843,2.7279804,3.577647,-5.902699,-0.23634212,-0.0669126,-0.8720181,-3.1292753,3.4602332,0.4288622,6.591503,1.5408236,0.41606268,-2.1890476,4.064137,0.9709105,3.950333,-3.8194478,3.7672162,-4.059126,-0.39126173,0.046623416,4.697251,sad,04,03-01-04-02-01-02-04.wav
-292.98917,3.9160519,-59.448517,-20.065416,-30.648903,-40.202713,-25.867409,-40.853687,-22.760849,-8.876481,-11.356387,5.453473,15.619926,40.048145,13.080887,3.5755944,-6.2220435,-13.493173,-0.6701964,-0.4534077,-8.847348,-7.635361,-1.3294606,7.391014,3.069957,3.7110617,4.278007,1.2156429,-7.409744,-3.6747835,-0.61618936,2.8401954,-9.877373,0.39137366,-2.8147714,6.8225474,-1.0896468,5.9207234,-0.7093856,1.8908637,sad,04,03-01-04-02-02-01-04.wav
-312.17114,17.37639,-51.00771,-12.390601,-23.553028,-36.562645,-17.650703,-36.062527,-22.100475,-13.359618,-16.250616,-11.478666,-2.2295337,21.688221,18.656229,23.348255,14.650368,-1.862769,-5.270853,-1.67543,-6.0261083,-4.8066225,-7.577759,-2.1632082,-0.7458692,1.340109,-3.0874805,7.802491,6.051764,-1.4633731,-9.452222,2.7969255,0.31642902,2.4226205,-6.104563,3.3617368,-3.6311955,-1.6358305,-2.0883589,2.3651934,sad,04,03-01-04-02-02-02-04.wav
-388.74847,72.20143,-24.889212,6.6394176,-22.010487,-15.116199,-14.772655,-28.68201,-17.980417,-11.385768,-9.229912,-17.448578,-8.304011,-5.837246,-20.90128,-8.413043,-7.7207127,-4.4667997,-6.897397,7.401806,-0.6085723,6.789731,1.7282312,2.7932355,2.3815746,0.6616317,-1.7958509,1.1390609,2.8723311,7.9942966,2.426144,3.5081358,1.7955639,-0.04213846,-1.9407133,0.29944578,-0.7716398,4.2445245,5.36092,1.8688664,angry,04,03-01-05-01-01-01-04.wav
-353.5428,62.23528,-28.64722,5.4707875,-26.359882,-16.381784,-8.243687,-30.003674,-15.783423,-8.491443,-8.3562155,-12.833235,-9.815975,5.4563036,-12.405894,0.33922935,-2.0218,-4.649345,-5.028234,3.2965336,-3.7583792,2.6931598,-2.478599,3.0852835,2.2192779,3.223328,-0.49846643,8.066688,6.988338,3.1902542,-2.5004437,1.2071675,3.3804839,1.2331349,-3.4793832,-2.811544,-1.1830782,-0.045055237,-0.10384156,1.1710701,angry,04,03-01-05-01-01-02-04.wav
-334.1438,54.72967,-26.772287,-4.2893677,-25.58964,-23.33745,-16.344545,-35.8601,-20.617168,-13.799373,-10.791881,-17.56165,-19.76222,-5.523799,-19.922462,2.7924156,0.08083816,6.953046,-0.32053456,4.010328,-7.328008,2.7989473,3.6830175,10.0064,6.776107,5.0208864,-3.229447,4.725456,-1.7718757,-4.120613,-5.4625754,5.821237,4.827115,1.0209806,-1.7098199,0.16080184,-1.9316044,-4.926194,-2.3820229,2.6284177,angry,04,03-01-05-01-02-01-04.wav
-381.9474,67.549805,-26.247883,3.2884676,-26.183426,-17.893967,-17.65806,-32.678223,-18.422863,-9.022317,-7.153986,-15.892009,-9.76942,-3.658414,-15.078026,-6.9652195,-9.294429,-8.777881,-8.551417,2.1219132,-9.708071,4.877478,-2.4237525,3.084474,-0.48155358,3.910636,4.1864166,9.524987,5.7693734,7.5014267,-0.89081866,1.5682696,-0.48397538,3.609017,0.6991286,-1.5071807,-2.929309,1.0081048,-1.2250991,-3.4803696,angry,04,03-01-05-01-02-02-04.wav
-220.01346,29.221323,-39.879265,-3.0282073,-34.141354,-12.222688,-3.22428,-32.717052,-6.0496507,-17.233486,-9.2191,-11.88527,-5.7197266,12.266086,-2.589818,8.371648,3.6701212,4.999972,5.484554,0.21373661,2.0195186,12.1757765,9.852944,9.417755,-4.030871,1.6279087,-2.3186355,1.1285921,-0.64415014,0.8809503,-1.0525005,1.6248232,0.34184858,3.0960834,1.5574403,2.8052335,-0.956289,5.10365,-0.54920805,-1.3476213,angry,04,03-01-05-02-01-01-04.wav
-245.19006,34.568172,-35.983677,-0.6492845,-33.623478,-14.101262,-9.437799,-34.848152,-11.5137825,-11.079297,-7.2617645,-4.304941,-2.5896168,13.576925,-9.771266,4.007885,-3.55244,-5.095844,-1.1418442,-0.034392815,-2.246494,4.624776,0.28461948,9.237109,10.533513,12.862196,1.8537768,4.0104666,-1.1480702,-0.7075134,-0.09902908,5.0313563,0.4271511,-1.1035242,-2.5254426,0.09855536,2.2089067,4.537581,1.0074961,0.15106538,angry,04,03-01-05-02-01-02-04.wav
-215.43246,20.632877,-36.552128,-3.9724576,-29.981577,-25.077168,-12.550374,-38.78393,-7.6306014,-11.958546,-5.5740747,-13.194263,-12.746776,-3.084977,-19.61851,1.3072138,-5.5058126,6.525184,6.8949733,6.756238,3.9763954,10.584102,10.23397,13.332812,3.0670168,-0.9421798,-4.005663,-1.0075831,-4.671261,-2.2074466,-4.2977104,-1.5110494,-1.6834306,-0.27092516,-1.6238251,2.4731836,-1.7562394,-1.7079449,-3.9596167,3.4744167,angry,04,03-01-05-02-02-01-04.wav
-256.874,18.454912,-38.575,-15.222801,-43.13905,-19.231136,-17.264027,-38.32768,-12.670477,-20.215061,-7.335651,-9.247015,-5.580948,5.085505,-11.111042,4.528695,-6.466338,5.7341685,3.8627748,3.538918,6.1731887,7.6885285,10.797878,9.733591,-1.7088505,3.5554435,-6.9259257,0.3017859,0.42787123,-0.16988187,-3.452143,1.4218053,-0.7559057,1.1176285,1.3098778,-1.2433141,-4.0080395,1.9657633,1.2615689,3.9799824,angry,04,03-01-05-02-02-02-04.wav
-357.24368,51.435413,-27.687906,0.995758,-19.746525,-19.378784,-11.638137,-31.66581,-22.730993,-8.960003,-18.093754,-14.258519,-15.95834,0.8179064,-13.738904,-9.664929,-6.168016,-3.1145606,2.1738122,12.185453,8.782747,14.99572,5.5061927,7.672185,1.4151847,8.680079,2.0271559,4.677443,-4.223752,-4.013799,-7.1671834,-1.8875004,-2.555659,-2.7716198,-6.514238,-0.10960397,-2.508737,0.95447046,-3.8846633,1.8411548,fearful,04,03-01-06-01-01-01-04.wav
-338.1722,55.19545,-37.638447,2.0932307,-21.600657,-23.605616,-12.027208,-28.993221,-21.501116,-9.041714,-17.293467,-11.58728,-16.53885,-1.7557161,-17.479986,-7.752854,-3.3582263,4.782758,14.393359,21.816013,10.384125,11.949956,-0.43030685,8.749624,5.407273,10.061187,-0.31710365,-4.3662925,-7.169923,-3.532158,-3.85979,-3.0661383,-6.234035,-2.736001,1.5492107,3.820296,-0.18521693,3.2443163,-0.80974716,2.5009983,fearful,04,03-01-06-01-01-02-04.wav
-351.47446,47.956726,-27.199429,-2.210849,-15.711004,-23.725447,-15.283151,-32.068584,-18.380411,-10.323258,-19.556185,-10.79177,-19.170927,-5.0357327,-18.322357,-7.997011,-9.072574,-8.934561,2.8213744,21.242847,18.376465,27.485048,11.075881,7.4567466,-4.790546,3.8796096,1.3086226,3.773522,-5.784127,-6.0483923,-5.2708726,-0.8602148,-5.965194,-8.580316,-6.500102,-0.10516615,-2.527441,-0.6956354,-2.014152,5.0329237,fearful,04,03-01-06-01-02-01-04.wav
-360.10358,48.238003,-20.93641,-5.157728,-18.509165,-20.517904,-13.297249,-29.186552,-22.81881,-11.202576,-16.2593,-15.166768,-18.479202,-3.660479,-15.735214,-11.140985,-7.6387806,-3.0163224,3.5652595,18.195162,18.798542,23.236128,10.093985,8.228442,2.3099263,7.9601774,-0.38066083,0.81986195,-8.037997,-4.5990896,-2.4355626,-2.15472,-7.6587014,-9.819072,-5.1822033,1.4752336,-2.9933825,-2.803377,-1.781802,7.4557996,fearful,04,03-01-06-01-02-02-04.wav
-272.25958,7.034291,-34.93703,0.36426204,-16.75907,-19.053823,-11.479925,-26.02438,-15.221076,-4.725281,-2.7983732,10.572564,18.724348,33.16354,7.1196055,-1.4766816,-4.902238,2.583362,0.8121144,-2.8230069,-13.129556,-0.36228025,2.3175938,8.293044,1.4046723,2.3396294,-2.9772084,-7.074635,-3.9260902,-1.2502679,-1.749144,-1.4175527,2.23297,6.6653676,2.2824886,4.415209,-0.23847613,-0.85205746,-1.7717857,5.0445795,fearful,04,03-01-06-02-01-01-04.wav
-257.46396,41.55419,-40.300694,-11.05713,-26.227896,-16.60403,-11.322488,-28.986568,-25.094099,-13.323863,-14.772797,5.5298276,13.069949,36.790516,18.362156,8.021051,-4.057271,-1.2757884,3.8849394,3.596557,-5.4740267,-3.2717965,-6.5730205,0.43394774,0.5114575,8.102119,-0.45449403,3.0197978,0.58426005,-4.5470014,-3.835036,1.043941,-1.1809876,-1.0024427,-0.8141795,2.8786035,-1.5842961,6.2824445,4.7327094,3.4643974,fearful,04,03-01-06-02-01-02-04.wav
-227.93605,31.724834,-39.28497,-17.479008,-37.510666,-22.530228,-22.224571,-32.29124,-20.605211,-18.054333,-18.32449,-11.028542,1.845431,23.068638,2.997532,13.531634,8.043266,4.2666354,7.378053,2.4821835,-3.6766756,2.6850507,-2.4755936,2.304459,-3.3405163,3.3253074,-5.222085,-2.8468544,-2.4127185,-1.861313,-6.494816,-3.0488214,-0.2215701,5.4282274,-1.6897249,2.2024522,-2.3575823,-2.763553,-2.798481,3.7039762,fearful,04,03-01-06-02-02-01-04.wav
-221.08093,27.554626,-44.664093,-22.097466,-32.21528,-29.718613,-20.921577,-34.22728,-19.557236,-16.001097,-16.45977,-10.531535,0.88935953,19.863543,5.4702544,19.600235,12.617192,4.8043523,8.853232,3.0335708,-1.7047862,-0.61708,-3.6743522,3.1574876,-4.002931,-2.8611069,-2.6346073,2.579467,-3.9510636,-6.662733,-4.255355,4.820054,-1.0925806,0.7689459,-3.5999444,3.751618,-1.3120825,3.2834253,0.6405606,1.7447802,fearful,04,03-01-06-02-02-02-04.wav
-434.59482,78.72928,-12.23829,3.496314,-10.862076,-12.052679,-10.471358,-14.937607,-20.311422,-6.108938,-7.674711,-13.352693,-7.659864,4.8930593,-15.22128,-5.569144,-7.8457146,-3.3258848,-9.156752,-1.2017323,-4.703279,-1.4345961,1.8021123,-0.16995023,3.8922443,3.8880718,1.8155907,5.0937862,-0.7561326,4.4145775,1.7513782,3.9178953,3.9459717,8.171942,0.3084775,1.4899113,-2.7718065,-0.3029904,1.390893,0.23732555,disgust,04,03-01-07-01-01-01-04.wav
-420.98053,78.424286,-18.165228,3.3004656,-13.114323,-13.704574,-21.38839,-19.961657,-18.639473,-1.2973888,-12.854734,-10.822406,-7.298924,1.0134013,-10.319315,-0.29346487,-2.6371646,-5.210428,-10.218687,-4.035454,-2.6350775,5.9750566,6.9073906,11.0028,8.098565,7.0326614,-0.04345478,0.4995606,3.3428879,6.6801653,3.02287,2.1326537,-2.4722621,1.0635852,-0.18966946,0.87883997,-0.74150324,0.55724573,-0.21599644,-0.019474674,disgust,04,03-01-07-01-01-02-04.wav
-416.46997,64.994446,-19.665993,-4.8913403,-9.268249,-20.060452,-16.261703,-28.4564,-16.587229,-7.9012833,-11.556096,-12.485057,-8.170237,-3.8164668,-17.864996,-4.776354,-7.77479,-7.275874,-9.871903,-5.5448627,-7.485402,2.5987566,2.499388,12.32078,11.73194,10.578354,5.8191442,6.409019,6.1600423,7.5670633,6.64367,5.52935,0.8517995,-2.5550687,-3.2467573,0.16721404,-3.3542552,-0.62465686,-2.5817583,0.50978595,disgust,04,03-01-07-01-02-01-04.wav
-397.29108,50.038593,-17.906933,0.31801566,-3.6074781,-22.527786,-13.639218,-23.869635,-10.646233,-5.45134,-12.0121,-8.235206,-5.2006187,-1.0880615,-14.63716,1.0573759,-0.034204934,0.10654281,-2.8542845,0.23220535,-1.1574026,11.067609,9.472298,24.890196,15.98572,12.929016,5.1046247,-0.36390805,0.80854905,1.9843664,4.389322,4.54814,1.0394218,1.8913686,-0.6939156,1.6741335,-1.6675558,-1.1516104,-2.0978858,1.0466919,disgust,04,03-01-07-01-02-02-04.wav
-357.9955,51.8743,-14.989072,6.590973,-14.32539,-12.166675,-8.413877,-25.152334,-16.562717,-10.591823,-7.815168,-10.374388,-9.172226,-1.2883694,-15.289426,-7.1290708,-6.7482934,-2.1576805,-1.8584731,3.4255934,0.23752162,7.4519596,6.8867083,12.455463,12.42584,13.215188,6.406322,6.67133,0.22779958,1.4160544,-1.7228765,0.5271143,-2.1035707,-2.2876925,-1.5118494,-0.40467402,-1.3487393,1.2180562,1.2575022,1.7274004,disgust,04,03-01-07-02-01-01-04.wav
-384.29764,54.300034,-16.037125,1.1692306,-14.893829,-11.109811,-9.66933,-17.139252,-20.645287,-8.724561,-10.065331,-8.833245,-11.245206,-0.9711458,-14.500782,-9.328722,-10.154647,-9.143176,-8.361053,-7.3799424,-8.499022,-3.4453988,-1.6868037,6.6879406,12.436955,14.076088,12.76684,12.238362,3.479941,8.008715,5.152725,5.4600844,-0.15561108,-2.696225,-3.4700954,0.98318064,1.2588967,-1.2242372,-1.2482854,1.5248663,disgust,04,03-01-07-02-01-02-04.wav
-413.7563,49.071114,-16.74229,-5.4706564,-13.434843,-21.53533,-17.823288,-28.311197,-25.810482,-9.181711,-14.091832,-16.38438,-11.062451,0.3052128,-20.010994,-6.0542316,-6.733621,-10.900523,-11.083235,-8.325915,-12.281717,-3.9257722,-2.678115,11.777402,16.275146,16.869816,16.274426,9.697363,4.3123665,3.59924,3.1108608,2.9456935,-0.024725437,-1.4795772,-5.692012,1.9634842,-2.0930412,-2.5119252,-3.860862,-1.1590011,disgust,04,03-01-07-02-02-01-04.wav
-356.8566,44.907097,-25.791117,-15.311784,-22.754122,-20.263935,-19.62543,-30.205854,-24.810972,-7.210598,-15.85985,-17.305138,-8.41104,-6.5693374,-20.885567,-3.5524626,-5.5869284,-4.8349776,3.1228247,10.832433,5.1851726,10.747465,0.90017664,9.996541,3.3390543,1.212096,-3.5109189,-3.1007767,2.3606403,3.620267,-0.4872269,-1.0925952,-4.781629,-0.99642974,-1.1109333,1.5393001,-2.4982882,0.85895073,0.7913057,-0.6040527,disgust,04,03-01-07-02-02-02-04.wav
-372.78534,82.097855,-39.27073,2.9565008,-22.86582,-26.976492,-15.741444,-36.363495,-21.709944,-12.121747,-14.232855,-18.890362,-14.67132,1.8458644,-17.433119,-2.9206946,-5.816074,-4.508216,-4.3858852,4.4141154,2.1301675,12.853154,1.9195651,8.644515,-0.8129552,-1.2301688,-3.402687,0.4113292,0.43954772,1.3894458,-4.9087973,2.8581629,3.64934,4.263409,-0.6557437,-1.2376536,-1.9321017,0.29678407,0.9010495,0.96797913,surprised,04,03-01-08-01-01-01-04.wav
-354.34555,73.82249,-36.708145,0.24874452,-25.121166,-25.29051,-14.594241,-36.729866,-20.322634,-11.226741,-15.573962,-19.82138,-16.177904,2.360055,-14.362835,4.915329,-1.6735058,-3.4856844,-1.8741847,3.0782,1.3445197,7.028116,-1.9448963,1.0896564,-4.545915,-2.3251436,-5.51185,0.9809839,4.477235,3.4355187,0.4081133,2.538423,-2.4962637,-1.8658941,-2.90734,-1.320411,-2.532285,0.702132,1.4967734,2.2534575,surprised,04,03-01-08-01-01-02-04.wav
-348.83435,66.48336,-22.95101,-10.369769,-26.214066,-28.646545,-18.837463,-36.54033,-18.66228,-13.636928,-17.90416,-17.55812,-14.874569,0.45778444,-12.70196,5.2512164,-3.4958472,-1.5001249,0.24615231,1.9609785,-0.31060806,1.9357697,-4.7289824,0.983025,1.2442023,3.0879126,1.2731504,4.2318296,3.2845542,4.0162473,-1.4971621,3.0113263,0.7436293,6.261178,0.41159075,1.4290985,-2.2270956,-0.40670997,1.7544286,4.443328,surprised,04,03-01-08-01-02-01-04.wav
-335.11145,66.00528,-31.711971,-12.454045,-31.073689,-29.450203,-17.50632,-42.283836,-21.672632,-12.864515,-21.241785,-19.21033,-16.055628,3.101808,-14.183153,7.465615,-5.56507,-4.843142,-1.1345197,-0.097610265,-0.38942838,3.1174488,-1.4911169,9.418937,2.1622293,7.203284,1.8512864,4.245568,2.676386,0.9619221,-0.46967402,4.207195,-2.4068115,-1.5188353,-2.7329113,1.876139,-3.0255866,-0.18670103,-1.358472,2.932308,surprised,04,03-01-08-01-02-02-04.wav
-281.35693,50.562546,-41.70004,-6.7093635,-30.14052,-26.325422,-8.103297,-38.233883,-14.808369,-4.6887627,-12.786375,-5.6877465,-2.000544,12.107398,-8.79747,3.132662,3.380594,5.447822,6.531185,4.389198,-5.5779967,8.77962,4.6846943,6.6323934,1.1860632,5.4299674,2.0635056,2.7134118,-2.0403016,0.34556612,-3.3585017,1.6681088,-1.2142956,3.2115781,0.39057323,0.29451168,-1.5167137,3.0692165,0.2953594,0.46493194,surprised,04,03-01-08-02-01-01-04.wav
-305.61346,49.503082,-38.190945,-10.559117,-29.036158,-26.045092,-19.974365,-42.71099,-16.508953,-4.82981,-8.486636,-4.1136074,-1.3890976,7.0016003,-15.783001,-1.3801067,-2.011971,-0.53576905,2.8855636,6.6342726,0.74750155,10.819667,3.8570156,11.7817745,2.9531908,2.8325446,-5.247291,0.8653027,-4.155502,0.047861278,1.9681411,1.0395834,-3.1142702,0.0953837,-0.07034725,0.6326313,0.2720462,-2.150755,-4.246471,4.774935,surprised,04,03-01-08-02-01-02-04.wav
-278.54886,56.17809,-34.38918,-8.32109,-26.163954,-26.07421,-23.183243,-35.512905,-13.510088,-11.294777,-13.824054,-7.525241,-4.251553,7.5191154,-9.031584,5.9365783,0.9740981,1.974745,9.181199,7.5563607,3.0228825,7.1882286,-0.49652222,7.4170814,0.5187333,2.4007647,-1.905881,0.44097188,0.39913934,-4.9573,-2.0847545,2.0715878,-0.08557677,3.494909,-1.3181895,1.2794976,-0.89966667,2.1103551,-4.1855655,2.581765,surprised,04,03-01-08-02-02-01-04.wav
-250.77875,44.57003,-36.433323,-16.096899,-32.887154,-26.296755,-22.395683,-42.58828,-13.879046,-16.408295,-17.49812,-11.6138115,-6.309558,5.1449685,-12.931779,3.3476636,-3.9703543,-3.4932551,2.9254024,4.079473,2.3051264,9.2156105,0.5434478,9.437374,5.076546,6.7073765,-1.1060461,6.4271245,1.8010405,-1.1118059,-2.5571284,3.0947757,-2.6692765,-3.0047948,-5.2596354,1.550115,-2.9931858,2.7935615,-1.038956,0.7080384,surprised,04,03-01-08-02-02-02-04.wav
-551.9981,123.72018,5.644745,24.910625,14.735166,-9.520379,-5.6344438,-12.3743105,-8.556562,-5.444381,-3.336201,-2.5891342,-4.7632837,-3.7373502,-5.6487746,3.6823807,-9.92143,0.3204474,-4.348074,-2.6806922,-4.7501354,-0.04518424,-9.590599,-3.3797457,-2.810324,-4.0806475,-3.8722472,-2.1384642,-1.5271097,-2.8035102,-3.416837,-1.40766,-2.4815497,-0.03658601,-2.2213984,1.7854203,-5.0794683,-4.69147,-5.741921,-1.2242943,neutral,05,03-01-01-01-01-01-05.wav
-561.32526,124.57756,2.3668196,34.14699,11.308956,-9.116608,-0.6789496,-9.161695,-3.3566763,-3.3630645,-1.4632621,1.3897089,-2.103185,-4.825059,-2.2298539,1.3109978,-7.5724816,-0.56015295,-3.4226153,1.4149585,-7.4322166,0.27117664,-8.53785,-3.1046476,-3.2377744,-1.7745804,-6.15288,-0.7904554,-2.3224678,-2.3975115,-2.8759422,-0.61881924,-3.1128724,1.9976499,-2.1951988,2.629187,-4.0263557,-2.6977677,-6.0949106,-0.02123263,neutral,05,03-01-01-01-01-02-05.wav
-493.29214,122.37798,-11.241967,28.60313,9.164829,-17.266178,-1.0446682,-18.280197,-21.58521,-0.40708512,-6.603445,-1.4291956,-4.1534843,-4.839165,-2.5004914,1.872743,-11.219162,-3.0444803,-1.4470756,-1.2070553,-11.552622,-0.62812275,-9.30551,-5.2958984,-5.2741237,0.16344802,-4.5786886,-2.112837,-3.8533082,1.5778314,-3.8290234,-1.4344742,-4.303495,-0.41744542,-3.0713973,1.3249483,-4.8722005,-3.8247812,-9.118568,-1.1430256,neutral,05,03-01-01-01-02-01-05.wav
-523.6039,121.054214,5.2997303,29.451496,8.605747,-9.05955,-0.29318476,-20.310232,-12.192188,-1.86572,-6.3089733,2.4926538,-4.0552897,-6.208628,-2.9590588,1.9080364,-10.598012,0.027292857,-2.6662781,-1.7109443,-10.390533,1.1387744,-10.340959,-2.919879,-6.187358,-1.6004575,-3.5289042,-1.5583415,-2.24484,-0.7426777,-4.6153173,-0.7022257,-3.737859,-1.095796,-3.4902844,1.2604601,-4.731318,-2.4893613,-6.8007655,-2.2168589,neutral,05,03-01-01-01-02-02-05.wav
-587.4744,122.08379,10.588689,32.682587,5.2534614,-2.9429238,-7.5525007,-6.3510633,-4.77049,-2.6391678,-3.1043804,-0.24027447,-7.8992705,-5.1175094,0.21099819,-0.82055783,-11.833441,1.8681152,-4.077403,-2.1009398,-3.3927572,-3.0962825,-7.999741,-2.1548927,-3.5298388,0.8747964,-6.879073,1.8480585,-4.474861,-2.47473,-2.3172002,-0.7047467,-1.3077731,-0.91854024,0.053337477,-0.2907446,-4.16678,-4.458032,-5.7817426,-0.5298168,calm,05,03-01-02-01-01-01-05.wav
-620.16473,109.00149,14.563465,38.59954,1.6255702,-2.2733667,-3.693716,-8.401276,1.240789,-2.9085207,-2.8111467,3.1945508,-9.175172,-2.596721,-0.33753085,0.3436454,-10.261629,3.354307,-5.5943656,0.39776605,-6.1784167,-1.061161,-11.511952,-1.2274889,-3.9541667,2.2178748,-7.3712907,1.7643665,-2.7889001,-3.634371,-4.703003,-0.36947942,-3.6018038,-1.3051245,-1.967571,0.90091914,-5.0190277,-4.8246336,-5.731098,-0.35214752,calm,05,03-01-02-01-01-02-05.wav
-592.1294,109.87849,14.988117,30.941566,-3.784176,-0.3593073,-6.35993,-12.047644,-8.129841,2.7253225,-1.5699638,-0.7172876,-6.7716537,-2.8803353,-0.67527956,-2.9679513,-9.75275,2.3649485,-2.9196167,-2.0518212,-5.84231,-1.3325806,-10.5936775,-1.1394093,-5.438923,1.6237144,-6.9532576,0.9566856,-2.5892565,-4.526876,-3.312061,-0.83417803,-3.59162,0.9299261,-2.725673,-0.44728228,-4.6698604,-6.168506,-4.0962615,-0.19946896,calm,05,03-01-02-01-02-01-05.wav
-550.0371,104.32526,17.33762,25.604559,-4.7397327,2.9401715,-11.421529,-11.223317,-9.876807,-0.08189612,-0.61032957,-3.1319118,-5.804697,-4.8208957,-1.0327566,-1.2581605,-11.541579,2.109709,-4.2272387,-2.9530675,-6.6486983,0.03388434,-11.738402,0.14171673,-7.4053693,3.943501,-6.093476,0.8438052,-2.5866258,-2.0056818,-3.8794162,0.24371079,-4.1438375,-1.2467184,-1.9742197,-0.41943285,-5.540887,-5.6062255,-6.251574,-1.0774721,calm,05,03-01-02-01-02-02-05.wav
-599.59174,91.895706,8.25377,32.515247,5.618306,-0.21925841,-5.9731355,-2.6143143,-0.5729383,-0.12150288,2.1661317,1.1050705,-7.565821,0.25362828,-2.262358,0.21541964,-6.375977,1.6743724,-3.089979,0.1549242,-6.0057917,1.9743431,-10.751386,0.54113996,-2.8660321,-1.9824939,-5.7847934,4.3194084,-3.4242322,-3.6619804,-1.4181173,-0.32501337,-1.6346138,-0.8183638,-0.3024882,0.5503715,-6.333497,-4.447984,-5.7577367,-2.1833472,calm,05,03-01-02-02-01-01-05.wav
-674.4014,91.73669,19.47777,33.87248,10.133058,5.657198,-5.5239773,-8.121203,0.23624076,4.7123227,3.0048323,1.4303603,-4.9920096,-0.10543104,-2.5621393,-1.334867,-5.5444713,2.0234468,-3.4083416,-1.4677649,-4.357859,2.495972,-10.343911,-0.2413619,-2.2741506,-0.5041729,-5.046284,2.378032,-0.57537574,-4.7072463,-1.3392248,-2.0669997,-2.8548977,-0.472162,-1.4211093,0.90086585,-3.2528622,-5.644278,-5.6196637,-0.814879,calm,05,03-01-02-02-01-02-05.wav
-616.57837,90.52998,22.088999,36.251945,2.9841425,-1.4322228,-2.9839573,-8.111614,-2.8160305,6.7767534,-2.7215388,1.4851582,-9.218386,-7.173231,3.7748551,-2.8517313,-9.397594,5.4591556,-6.869947,-1.8057476,-3.770675,-3.3035161,-8.434892,0.30521068,-8.052465,0.92676103,-6.470975,3.4542062,-3.9963224,-3.517877,-4.656011,1.0073771,-5.6957045,1.3034179,-1.5739933,-0.65555847,-5.404105,-2.9823186,-6.4032373,-0.7598633,calm,05,03-01-02-02-02-01-05.wav
-648.10443,90.73009,26.488634,38.771965,8.793406,1.6338112,-1.9505491,-13.323381,-0.8116645,7.046739,-2.1512403,1.5963367,-8.389694,-3.6346376,2.3126886,-0.6412448,-8.4685335,2.2438805,-3.4001977,-1.815097,-3.1460943,0.9046932,-9.319374,0.6928637,-3.9963193,0.10523917,-7.289654,4.8001084,-1.9508601,-4.1803327,-4.5374503,2.4477394,-4.4289446,-0.6600697,-1.5318489,-0.1303945,-6.118825,-4.7566533,-4.555783,-1.4785578,calm,05,03-01-02-02-02-02-05.wav
-507.09586,103.18168,-3.0890841,25.10492,9.956743,-5.8862395,-7.9619927,-4.1337123,-24.458763,-11.968602,4.07262,-12.115376,-7.9102883,-0.44200245,-6.74421,-0.7793133,-10.070688,-4.7245045,-4.171373,-3.448534,-6.7677083,-0.6732987,-7.733692,-1.8904798,-5.918253,0.9806184,-8.247678,2.5249028,-5.283238,1.1743186,-4.408188,-3.9376554,-4.3823495,-3.8409932,0.45798892,1.7261353,-1.0554178,2.9509952,-0.8950986,3.9441285,happy,05,03-01-03-01-01-01-05.wav
-456.69254,128.63922,-14.25997,24.524935,11.163874,-12.245224,-10.22536,-4.9339485,-19.642817,-7.4562635,1.3265758,-9.907644,-9.485045,-2.5981727,-9.885843,-0.61666214,-10.758598,-8.454421,0.663492,-3.0372384,-10.20747,-0.2006069,-9.23159,-7.5831447,-3.5262668,-0.011235061,-7.9127865,3.675624,-7.307328,0.7395626,-4.880364,-3.4762995,-3.5023432,0.28190228,-1.6994828,2.4832926,-1.335133,-4.536834,1.1701782,0.3471168,happy,05,03-01-03-01-01-02-05.wav
-476.04364,107.76524,5.723922,26.310717,6.367922,-8.795949,-8.424459,-14.796463,-15.307183,-7.951775,-3.6158254,-8.557061,-8.605051,-5.811482,-8.528413,1.3501551,-10.89851,-5.605555,1.6861343,0.56727475,-7.810859,-0.603143,-7.6940255,-1.1304778,-6.674725,5.2931294,-7.0253005,-0.08426438,-3.8863752,1.0454117,-4.454778,-2.2215056,-2.095225,-1.7875992,-0.4293961,-0.835517,-3.889139,-6.1214476,-5.348401,-3.2383623,happy,05,03-01-03-01-02-01-05.wav
-430.49625,112.03664,-15.325347,14.811071,-4.3626046,-15.03664,-13.866499,-15.121106,-22.7424,-8.479578,-0.23339902,-10.038711,-4.831417,-4.3190713,-7.034074,-0.6836883,-12.041409,-4.2323055,0.09493967,-7.0943055,-7.836942,-1.3568131,-12.681716,-3.18357,-6.255426,-0.6606132,-8.621401,0.6846705,-8.785139,-0.8871056,-7.4279127,-4.397223,-3.3989453,-2.4164004,-1.3192472,1.5271927,-1.6043638,-0.33151975,-0.19325696,5.9193435,happy,05,03-01-03-01-02-02-05.wav
-482.54272,81.57156,-1.5227174,10.034492,-9.297278,-8.490166,-14.412797,-8.738985,-19.673632,-16.858309,-0.23199534,-13.180206,-10.745717,0.2014219,-4.370485,-5.352823,-11.038372,-5.179045,-6.5217414,-0.254831,-8.194379,-1.0920382,-2.9053867,2.239494,2.484563,9.959789,2.2447226,10.8321,3.6619854,9.215936,7.875254,7.001095,3.0165107,6.1629004,5.179598,5.745626,3.4692366,3.2309382,-1.3518747,1.6175108,happy,05,03-01-03-02-01-01-05.wav
-379.8468,93.98261,-26.9885,-2.886644,-5.377345,-12.066569,-18.206602,-7.147248,-24.014301,-15.478361,5.479724,-12.200404,-7.0932913,3.4648206,-9.579495,-4.8290725,-9.555756,-5.5977416,-10.014031,-3.399074,-10.37471,1.9198217,-1.1262465,3.2987587,6.034053,8.10142,0.88547045,13.55065,5.353333,11.628262,8.576419,6.237596,1.4675721,10.138055,9.927341,7.364671,0.790308,-3.397643,-1.2323607,1.9627372,happy,05,03-01-03-02-01-02-05.wav
-401.14233,88.951004,-14.0388365,7.6039414,-1.9019613,-11.239489,-15.896345,-11.20235,-30.521612,-12.616343,2.869443,-12.68976,-10.9661255,-0.28199548,-7.722903,-2.2928286,-10.553049,-7.4790373,-4.0362415,-4.636757,-12.697166,-1.6879444,-10.349125,-7.637474,-4.7987833,3.5019975,-4.589254,9.242164,0.6746542,8.537706,2.4265058,1.7272263,4.6446047,8.799317,10.936947,5.8875,1.8311474,-2.2760212,-2.6891499,2.9708369,happy,05,03-01-03-02-02-01-05.wav
-386.49792,82.65065,-11.186249,3.2756045,-5.3375807,-8.362289,-18.006952,-11.986347,-24.436117,-21.36661,1.6910629,-14.046874,-12.942317,-0.8120859,-7.3581605,-3.2532601,-10.430424,-9.845457,-5.807512,-2.092415,-16.80328,-3.4906418,-11.583376,-6.416247,-3.0062835,7.491774,1.1539993,13.425525,8.701644,15.786606,9.088429,8.998889,5.429944,5.3558745,3.9570904,1.3486973,1.5047513,1.3332474,0.5834479,3.9970968,happy,05,03-01-03-02-02-02-05.wav
-594.5659,131.56479,17.355587,31.415108,14.019729,-5.295943,0.49793252,-16.392723,-0.55421877,-0.60153204,-5.359798,3.7343795,-6.092936,-7.6285133,0.30219713,-1.866001,-5.3031263,-2.352106,-4.1582327,1.0109365,-9.083803,-0.9873034,-7.5654154,-1.7030246,-8.362663,6.0799885,-7.767064,0.14142546,-3.5432165,-1.6687353,-0.7383936,-0.65289646,-5.185873,1.4214768,-2.0159302,-1.6016574,-4.983825,-4.032086,-7.9848943,1.8879266,sad,05,03-01-04-01-01-01-05.wav
-592.44977,111.79807,10.077105,36.006016,10.811965,-7.670089,-2.0722315,-9.643964,-5.5158224,0.27798712,-4.302444,1.1869463,-5.705533,-4.958219,-4.161042,-0.97890675,-6.534242,-1.7046717,-2.0008223,0.09416455,-8.93095,1.670682,-9.893479,-1.0195584,-6.777057,4.668923,-4.780025,-3.0268438,-0.5057659,-1.9359134,-2.7589633,1.2853855,-5.003306,3.2393992,-2.3400896,0.4305338,-6.6351223,-2.43105,-6.4468355,0.8881439,sad,05,03-01-04-01-01-02-05.wav
-571.7045,119.52894,15.953861,31.832333,10.774555,-9.739002,-3.2913332,-19.166088,-14.065601,-1.3339698,-4.316856,-3.673195,-8.551369,-3.7386732,-3.0063946,1.8406501,-12.026176,-0.8515413,-1.2791585,-0.45743984,-11.281108,-0.005150539,-10.140359,3.0683863,-6.248132,3.1639297,-6.6931825,-2.716242,-0.9355049,-0.558852,-1.491741,-1.01564,-4.8566837,1.2457573,-3.2911143,2.7929945,-4.850616,0.25033823,-7.052349,3.5464916,sad,05,03-01-04-01-02-01-05.wav
-584.9247,117.05349,18.865795,28.534723,7.0638704,-9.723467,-2.921323,-17.128338,-6.68653,2.5982308,-1.6078573,-2.2038465,-7.437683,-3.9605002,-2.9111488,-1.632899,-9.590301,2.5298781,-2.8379846,-0.33505678,-8.878931,0.3076582,-11.149793,0.4557899,-8.056417,4.179018,-4.67135,-1.8877697,-0.46414536,-1.6730604,0.61264426,-2.1130967,-2.7043762,0.7054504,-0.99425715,-0.7399554,-5.040973,-2.3535755,-7.4538484,0.7043518,sad,05,03-01-04-01-02-02-05.wav
-558.81665,119.5643,11.336885,26.87391,4.711617,-10.389906,-9.894856,-9.185494,-10.112769,-6.643999,-3.8086686,-6.394148,-9.235641,-0.88070214,-7.972957,2.6044466,-10.7848425,-1.6550376,-5.156478,-3.5252361,-6.1756535,-4.6170144,-9.152519,-1.837432,-7.154466,4.173817,-7.5094957,-2.664735,-0.17698003,-2.2634208,-0.54972994,-2.7288902,0.17796187,1.3721404,2.7813094,5.3412004,0.21825004,1.568718,-5.5165377,5.5237565,sad,05,03-01-04-02-01-01-05.wav
-584.0254,122.02512,0.7372706,41.22716,10.5962,-6.064285,-13.8439865,-3.6616416,-10.849154,-7.6242223,-5.011622,-7.6301007,-8.003939,-1.9865658,-9.716976,0.28137392,-7.804905,-6.0389624,-1.5012463,-5.149258,-5.2796335,-5.87051,-9.449881,-0.76201284,-9.994687,4.490887,-6.964352,-4.764383,-2.4858017,-0.4346911,-0.8879809,-3.8830621,-1.517691,0.5172086,-0.923627,2.6417186,-1.3204656,-0.58989966,-1.2315431,5.3941503,sad,05,03-01-04-02-01-02-05.wav
-531.046,111.64921,-3.8579936,29.432919,6.318662,-8.6097145,-12.673826,-13.19242,-11.51819,-9.389164,-3.9408336,-9.438656,-12.17204,-2.2543151,-6.7720246,6.0998654,-11.778837,-3.6882076,-2.9210382,-2.0670745,-6.7951913,-4.258716,-7.7548857,-1.9994637,-10.277278,2.0260437,-5.9457507,-3.195644,-0.5631846,-1.3875836,-0.5835857,-4.0414405,-1.4512607,-2.081936,1.3006036,1.3213153,-1.2256768,1.0158542,0.50103664,4.534742,sad,05,03-01-04-02-02-01-05.wav
-538.8597,131.51488,-6.5290756,30.552513,10.138585,-10.985329,-14.740806,-13.542486,-17.768208,-8.5615835,-2.9606693,-6.416171,-10.646879,-3.7104676,-8.566317,5.4987144,-10.59973,-6.1791706,-4.5055037,-0.2568939,-9.544933,-3.2942812,-11.609856,2.2147748,-11.414843,3.9615147,-4.99079,-2.9290836,0.0956193,-0.7271261,-0.96729577,-4.8681364,-0.35159835,-2.8851643,2.2823358,1.7547272,-2.5580955,-1.8465284,-1.2552645,5.2202587,sad,05,03-01-04-02-02-02-05.wav
-339.7618,101.57156,-28.026123,10.924836,6.5765142,-30.62336,-11.137042,-7.465047,-18.29359,-13.225466,-1.0186388,-9.317829,-6.8318963,-1.9706808,-13.437978,2.621219,-12.74215,-6.835826,-6.4281845,-2.8279767,-11.058854,-3.2596388,-11.5362425,-4.1042013,-3.453683,1.5619471,-0.16496329,3.6017962,1.688971,3.7245383,0.6928099,2.079521,-1.828183,0.5684415,-2.1020384,4.279958,-1.460547,-1.5721458,-5.1076274,0.04639016,angry,05,03-01-05-01-01-01-05.wav
-347.89493,94.45332,-14.531456,20.833544,9.238468,-24.53344,-11.869063,-2.2124941,-10.14379,-7.6710844,-0.41317374,-4.3981133,-4.448546,0.9511586,-7.3207874,1.4163526,-8.23158,-4.6974826,-3.7120252,-2.9774156,-7.8234587,-1.73701,-8.485011,-2.0666623,-6.682591,-0.27004692,-3.889957,1.7447052,-2.4935915,2.1332014,-1.6392215,-0.17584898,1.6583972,3.7708638,1.7964007,5.51478,0.28007218,0.22300339,-2.8657088,2.3541813,angry,05,03-01-05-01-01-02-05.wav
-467.92767,114.819695,5.2245197,18.55331,10.012517,-20.160307,-4.373576,-15.785742,-12.32579,-0.10929693,-0.56434673,-1.1283617,4.920823,-3.8807178,-6.722358,2.2405777,-13.333665,-3.8418748,-3.4990106,-2.2961655,-10.811866,-2.1705782,-8.363805,-3.2685697,-6.1935496,1.2111887,-6.7873807,0.20660248,-5.4539413,1.9815825,-5.3444414,-1.496065,-2.0997224,-1.2529172,-2.3431964,-0.4194759,-3.385574,-3.076971,-7.2674737,-1.0563635,angry,05,03-01-05-01-02-01-05.wav
-426.98474,101.882065,-5.8129377,22.380352,2.9942622,-23.689665,-2.10953,-11.146927,-11.350657,-6.4390116,-3.8544698,-0.20184393,-7.997192,1.244244,-7.5489874,-2.4477994,-11.690108,-4.0177035,-5.1326346,-3.5103793,-11.745984,2.557911,-11.359365,-4.692439,-4.127904,-1.5302852,-3.105478,-0.08559638,-4.3430505,2.3376422,-3.875729,-1.3198042,-0.7837399,-2.0572665,-0.518186,1.3815814,-2.607587,-4.7389245,-3.1734061,-2.3664596,angry,05,03-01-05-01-02-02-05.wav
-180.97667,70.27717,-38.383137,2.0561726,-5.9301987,-24.092422,-26.763296,-5.795496,-22.96232,-11.866803,0.66598606,-8.69682,-8.28884,-2.9817584,-15.164026,-6.2835298,-9.616531,-10.099892,0.2435692,-2.233297,-1.1903389,8.752626,5.9491515,5.1002975,3.6544728,7.2910256,-1.626661,5.1629753,0.22973551,7.385402,-0.7316684,5.412002,0.8888213,4.705787,0.99978524,4.896666,-0.4514477,-2.1560903,-2.8909488,-0.787765,angry,05,03-01-05-02-01-01-05.wav
-173.4482,69.72501,-27.074825,6.7317624,-6.912676,-25.08379,-23.78638,-10.020857,-18.29734,-14.219644,-1.4412642,-9.662928,-7.3953085,-2.6686249,-14.767104,-0.26407674,-6.755831,-9.913392,4.8365083,1.0523354,1.1841956,10.686226,0.0127215525,6.3940845,0.4348023,11.587803,4.1273756,5.8366437,3.5894935,5.2200265,4.0019875,5.644563,1.6611648,4.7822046,2.341092,4.8579,-1.5292151,0.9554409,-0.7464978,4.641091,angry,05,03-01-05-02-01-02-05.wav
-167.63629,53.37735,-26.521362,-7.903852,-0.6920139,-22.001495,-31.604454,-5.74321,-25.246208,-18.21612,7.0266013,-3.520271,-10.08786,-3.9735408,-9.951728,-7.9004207,-7.8928514,-2.156044,3.7260458,9.290728,0.54209,4.1795835,0.7759896,-1.975692,-0.558362,8.846167,0.14965981,2.651611,-4.035823,5.080776,2.4172382,9.290558,0.5186539,1.2873842,0.46671987,4.3178782,4.43308,1.0274758,3.4844608,4.1074376,angry,05,03-01-05-02-02-01-05.wav
-150.13396,54.83633,-36.068638,-8.880167,-6.4864006,-25.750217,-29.180984,-0.037914414,-28.33694,-22.526192,7.8934402,-5.8747735,-8.497221,-2.0003345,-7.6735344,-12.274918,-3.598891,2.9818926,2.9701498,10.548277,-1.0091964,0.93243855,2.4060056,3.0485568,2.9832633,13.459981,-1.5598713,3.5798047,0.9234133,2.8248336,3.6350932,2.2357705,-3.0831356,2.086216,3.3079517,3.8682387,2.755684,3.9121704,1.7299647,0.70532465,angry,05,03-01-05-02-02-02-05.wav
-434.32553,100.231316,-2.2485378,18.420412,-1.1566867,-21.22593,-18.713749,-12.028507,-11.525667,-12.036251,-12.640631,-9.565423,-16.765604,-4.9057927,-7.3654866,-7.607435,-7.2983212,0.028845904,-8.628308,2.1301281,-14.028612,-6.3394003,-8.735367,-3.7911627,-8.95736,0.4727352,-6.875257,-2.454944,-3.5700235,3.513911,0.4996502,3.3040328,-0.57106316,4.537198,4.8881693,2.6551828,-0.43067607,1.155329,-0.35240006,5.6667557,fearful,05,03-01-06-01-01-01-05.wav
-468.03738,99.96694,0.87821203,20.76374,5.742356,-16.535774,-12.775424,-12.814267,-11.555123,-6.8683,-6.6311436,-4.2067394,-12.738525,-7.2339063,-7.2648783,-2.5692916,-9.323645,1.9726968,-6.778623,-0.5110318,-8.7092495,-6.399604,-8.770541,-5.387947,-9.651545,3.6740456,-8.587612,-0.8847609,-4.282091,0.056305017,-4.0692267,-2.78413,-4.1317687,0.16734618,1.540386,2.084512,2.0568197,2.5196652,1.9196429,7.069857,fearful,05,03-01-06-01-01-02-05.wav
-460.66287,111.972694,0.85881656,28.339903,4.205711,-17.140102,-14.098682,-14.372535,-12.094106,-4.767125,-7.4942803,-5.3986096,-11.559007,-7.8227916,-2.4104784,1.6911824,-12.869314,-0.5898417,-6.017054,3.3705842,-9.99655,-3.8044095,-9.194877,-1.9507173,-8.05223,6.378429,-7.472077,-0.076090485,-4.620124,0.4302596,-3.180635,-1.7230442,-2.4191809,-0.29205978,-1.5874903,-2.1848543,-5.3108335,-5.4230075,-6.3537207,0.21578082,fearful,05,03-01-06-01-02-01-05.wav
-386.86774,104.70538,-11.653862,17.049536,-2.2289886,-22.50572,-15.341089,-15.825915,-15.972108,-12.38225,-8.906929,-8.439198,-10.975484,-5.772958,-8.048821,0.8431003,-12.224378,-2.0017083,-6.481598,-0.22050284,-9.651208,-9.970916,-7.6648107,-4.286045,-9.142496,3.6361535,-9.579395,-1.9624898,-6.825214,0.203061,-4.7286525,-3.2717237,-5.155877,-3.7800019,-1.4586914,-3.3617673,-3.9736838,-0.24714357,-0.9308253,7.478112,fearful,05,03-01-06-01-02-02-05.wav
-248.36345,62.991642,-38.03631,-5.5343,-11.851828,-22.016293,-29.85882,-19.66867,-20.044514,-20.138397,-4.432834,-8.851032,-14.7351675,-5.541559,-12.586352,-1.0994173,-9.5503845,0.70054907,3.541859,9.205113,3.624616,7.246097,4.4435663,8.716796,1.948396,13.167694,1.8488976,3.7248743,2.5765145,5.7061615,4.717308,3.1277516,0.80294794,5.0071287,2.632505,1.7074863,1.1642596,1.3409116,0.77821046,4.240827,fearful,05,03-01-06-02-01-01-05.wav
-269.0099,62.601482,-39.420525,-1.3067694,-14.5452,-22.003569,-27.409042,-16.89449,-17.852106,-23.84182,-0.12996611,-10.695703,-13.376828,-1.5132456,-18.72193,-3.171892,-9.862425,-8.691853,-2.4069633,-3.1553323,-4.8038244,-1.1158081,0.3082221,5.8821993,4.625949,21.35349,9.614774,15.621785,12.356724,8.8472185,4.337694,4.765588,1.7360069,6.262419,5.251029,1.4115949,-0.5396112,2.4736674,3.9912179,7.6297684,fearful,05,03-01-06-02-01-02-05.wav
-245.62352,53.45923,-40.372776,-4.47968,-11.057698,-24.815338,-27.772224,-16.260298,-34.541256,-22.639791,-1.0490435,-12.161416,-17.791998,-5.601974,-19.594257,-6.4417624,-12.636729,-14.399316,-5.520507,-7.6369295,-11.674458,-2.6256878,0.13903512,9.901701,5.0668836,25.113472,11.464891,15.820388,12.186685,5.3057203,1.906873,-1.0202935,2.57047,6.5012565,4.118959,0.40177205,-3.4744961,2.2173572,3.4611895,6.7774606,fearful,05,03-01-06-02-02-01-05.wav
-272.72607,60.205383,-38.989033,-11.87283,-15.90985,-17.418848,-27.88006,-22.519772,-23.310835,-26.290218,2.3020635,-9.8550005,-17.492563,-3.5342486,-17.453335,-8.4489975,-15.462569,-13.361994,-8.747934,1.4426358,3.2175884,14.861035,22.536417,21.817907,11.907701,11.621097,1.4310293,-3.6099231,-0.42932996,4.7314997,0.90654135,2.1299384,-1.527918,1.053359,0.532041,1.7321855,-5.156291,-2.8373291,-2.9119158,7.889404,fearful,05,03-01-06-02-02-02-05.wav
-578.014,83.158875,11.817695,30.022758,3.7275817,-7.326523,-3.0245683,-6.0225334,-2.248954,-1.1368682,4.1565657,-1.1396085,-5.265497,0.043776378,0.87621623,0.56253994,-6.3302526,2.0373673,-4.122318,-0.5034099,-5.0115547,-0.54298866,-8.877582,-0.29578164,-4.8778276,4.2351575,-7.310949,2.425674,-2.5559418,-0.9029998,-0.009694014,-0.30825093,-1.2330942,2.1848614,-0.5273725,-0.45411152,-3.3523788,-3.546496,-4.5523267,1.7947258,disgust,05,03-01-07-01-01-01-05.wav
-516.9121,73.171524,4.969289,23.182507,-0.36024326,-11.856367,-4.5289745,-3.0921109,-2.987099,0.66654944,7.184982,1.1190122,-5.005502,-0.8643854,1.0070314,-2.5990431,-5.1501517,0.41228953,-5.281436,1.2596892,-7.368162,-2.641714,-6.419103,-0.17756732,-6.5856915,1.9319142,-7.951383,-0.4555587,2.0719175,-1.1187505,-1.1603054,-0.40766758,-2.8185098,1.572311,-0.470149,-1.8718634,-5.355998,-4.0970635,-6.857906,-0.20931864,disgust,05,03-01-07-01-01-02-05.wav
-523.75354,82.434265,18.006191,23.86694,2.0773118,-11.817549,-0.13862419,-15.154446,-6.347985,-3.0855744,6.829865,-1.5838146,-4.7184825,0.8907091,-1.4662851,-0.6867743,-9.423215,-0.95549613,-1.5946207,0.57073176,-11.351012,0.70828277,-9.091644,-3.3465154,-7.4898043,6.340748,-8.87787,2.2427354,-0.8725389,-1.1829042,-2.7145355,0.43424094,-3.9475102,0.47117496,-1.6539397,0.079975285,-5.3019137,-2.1802742,-5.4346023,2.076303,disgust,05,03-01-07-01-02-01-05.wav
-483.05945,87.03066,12.45066,22.594278,-1.5789971,-6.7117534,-2.9080105,-16.54652,-8.823738,-3.5829687,1.2700961,-4.584192,-5.972079,-4.882456,-1.0766732,-0.8937172,-8.778594,-1.9449524,-5.6136756,1.7452196,-8.590421,-3.6251614,-7.834794,-4.343181,-9.215921,6.5516596,-7.85048,0.17764533,-0.24827853,0.105126716,-4.7691298,-1.4590921,-2.7779906,-0.62972444,-2.3360515,-1.3098896,-4.9383693,-5.055177,-5.876643,0.6983601,disgust,05,03-01-07-01-02-02-05.wav
-522.0021,89.57509,5.8535013,27.201727,-7.296072,-16.452269,-7.494331,-10.861271,-3.0305772,-9.136001,-2.3074498,1.6653142,-10.178866,0.012266777,6.214157,-5.6165752,-6.8274846,-3.2225485,-5.973402,-1.0516175,-6.5823565,-3.5269501,-4.4290957,-5.4971447,-4.725834,1.1328092,-9.686244,3.0768218,-5.065495,-0.47117358,-4.078857,2.1746502,-3.7517173,3.4720209,1.6854192,5.1782813,1.2623732,4.5030837,0.14588052,2.989901,disgust,05,03-01-07-02-01-01-05.wav
-425.2733,83.52952,-1.7921103,21.383524,-7.39764,-21.128134,-11.803143,-10.646551,-9.709729,-11.654684,-8.849725,0.32041922,-10.431694,-1.5119257,-1.1529245,-6.1117344,-6.279138,-6.6556625,-5.3357935,2.8431737,-9.609342,-1.7175535,-6.1556754,-5.62396,-5.3370237,0.53649724,-6.346259,-1.5720608,-3.298971,-0.96158284,-2.552271,2.5865602,0.3100678,2.7427955,2.899922,0.57945603,0.5597011,1.1281054,-1.2069623,5.016736,disgust,05,03-01-07-02-01-02-05.wav
-455.1456,83.76508,7.505437,10.2571745,-6.507219,-16.104946,-17.660666,-21.439983,-12.338705,-12.031681,-8.815872,-3.8014326,-4.7385497,-1.754742,-4.860329,-2.3117983,-5.276215,-6.970937,-3.3557675,-2.9486272,-6.41184,-1.0057122,-6.711996,-5.2644863,-10.306544,4.6807957,-12.714171,4.479572,-7.6348743,-0.43201563,-5.356684,-0.9500771,-1.4292874,5.9527855,4.339494,5.8699846,1.7473881,-1.0030957,0.25502005,4.386672,disgust,05,03-01-07-02-02-01-05.wav
-525.1538,101.48886,10.927623,16.547552,-11.046343,-14.585203,-6.069938,-6.0471573,-2.9690692,-6.6151133,-9.356828,3.4772348,-3.0747736,-4.492842,-0.40645257,-1.1427447,-8.984718,-8.217321,-2.9119132,-1.866607,-6.6886673,-0.5888653,-6.544705,-4.0332117,-3.744001,3.5136993,-7.1882377,1.6913394,-3.2927797,-0.17011629,-2.5326538,-0.31696653,-3.435979,2.1751556,-2.6004543,-0.3185738,-3.0687664,-0.19452944,-1.0757282,2.22181,disgust,05,03-01-07-02-02-02-05.wav
-457.61884,98.48219,-0.71875274,15.151018,0.0753339,-14.630034,-13.438627,-10.888931,-12.180078,-10.111646,-4.229952,-8.494941,-8.397968,-2.163553,-8.655428,-2.3396327,-12.839318,-3.8366015,-4.5589695,-5.4164453,-6.3445945,-2.7337582,-10.722804,-0.7274141,-2.5382466,6.5340037,-3.875014,1.5346622,-3.6342366,0.5638618,0.00990773,4.419455,2.0526474,5.2290397,1.9501154,2.8741095,-2.0473747,0.58369297,-1.5103288,4.551929,surprised,05,03-01-08-01-01-01-05.wav
-437.9651,111.17036,-14.038489,11.657629,-1.5058733,-26.756,-12.687245,-11.49814,-17.742432,-12.8318815,-5.9679,-10.735498,-6.7146397,-3.4045405,-10.53469,0.025388341,-11.272419,-7.0967264,-3.7064378,-6.5461283,-8.735141,-3.0919197,-10.396889,-2.1707623,-4.1391153,1.7715591,-4.8559794,1.7959472,-2.778988,4.8156505,1.1865567,3.451946,-1.3913281,3.3234742,-0.7128795,2.5128646,-2.4175868,1.5108321,-0.30473176,7.7080007,surprised,05,03-01-08-01-01-02-05.wav
-418.43307,118.715515,-29.443037,10.673743,0.85908383,-32.417477,-8.959087,-22.268576,-26.389856,-9.210831,-8.933204,-8.597003,-5.310165,-6.426422,-8.977044,1.5037085,-14.324763,-6.6045218,-4.0159087,-2.9536788,-8.316613,-3.9069576,-13.109459,-2.2415016,-8.636279,2.1461184,-5.9291706,2.0569007,-6.363999,3.9487128,-1.1357498,6.0593343,3.805581,6.2073507,4.0243278,4.176632,-2.853745,0.70121086,-0.5952508,5.955164,surprised,05,03-01-08-01-02-01-05.wav
-446.87604,99.722145,-4.6379504,13.553484,-1.6264982,-15.733123,-13.964703,-20.11966,-17.20193,-10.807846,-6.200318,-11.007157,-10.870026,-7.4067698,-4.903972,-2.715109,-11.98461,-7.880839,-7.6516213,-5.66455,-9.119474,-5.5522366,-10.65801,-5.0952897,-5.672993,3.1250978,-0.86757416,6.375067,5.2008085,9.343791,0.040437657,3.017428,-0.477331,0.7745823,1.069871,3.7857952,-2.6173701,1.3107561,-1.9252251,5.112312,surprised,05,03-01-08-01-02-02-05.wav
-430.17413,60.53745,8.300195,14.542198,-8.948836,-11.108544,-9.5901,-13.464175,-9.987175,-12.528188,-1.7787977,-9.962598,-14.376218,-3.088122,-7.9432893,-7.4866157,-8.679828,-7.4507346,-5.3876066,-0.84134847,-6.6580954,5.6944785,-4.222892,1.453931,2.6726713,3.0365255,1.0000954,6.151495,1.3337044,6.8367167,0.04393601,3.41303,-0.7069495,4.5103693,3.9495997,6.7876425,1.0813419,1.65471,2.0087953,4.579925,surprised,05,03-01-08-02-01-01-05.wav
-405.90555,80.42952,0.042162,6.4669886,-13.556208,-15.096576,-11.55617,-8.456818,-16.25477,-15.099139,1.4492714,-11.206092,-11.949108,-2.267467,-7.354782,-9.312763,-8.135441,-1.6579279,-1.881718,7.846698,-2.1994011,3.6027353,-5.566635,-1.1840441,1.2759515,4.801834,-0.4645587,6.8057175,0.7836493,6.373728,-1.5602117,1.3375964,0.86856467,8.935414,9.243142,12.412302,5.570965,4.0052533,1.9804813,6.0364966,surprised,05,03-01-08-02-01-02-05.wav
-381.41718,80.04617,-10.9799385,7.6016655,-9.599867,-19.57807,-18.46028,-19.11452,-23.63341,-15.959466,-0.6417161,-13.714541,-11.379622,-6.0597878,-9.202226,-6.2772803,-16.074152,-8.227657,-3.9128401,-5.2020893,-12.740966,-3.0204692,-10.848808,-2.4176037,-1.9946035,6.365865,0.9546989,5.5953426,-0.5860481,5.1722655,0.7194309,10.527771,8.173853,7.860842,5.523374,8.517116,5.576871,3.2912178,4.146957,4.9004707,surprised,05,03-01-08-02-02-01-05.wav
-389.45895,91.700645,-6.7794914,3.6661763,-9.778435,-22.234858,-12.174059,-17.219448,-22.63494,-18.254911,-3.5789244,-14.228634,-13.868157,-5.6339426,-7.50219,-5.0001125,-13.073709,-12.351483,-6.1847816,-5.2637987,-14.637247,0.12553535,-12.245898,-3.0297785,-1.3116896,4.241395,3.0020747,11.732032,4.4453397,12.76973,-0.81966317,3.2455542,-1.1199945,3.7250898,1.9782063,7.4120593,-0.23580274,3.216975,1.5174128,5.608524,surprised,05,03-01-08-02-02-02-05.wav
-536.74335,96.29678,-36.969467,6.587318,-5.9747434,-24.464094,-26.12916,-24.270536,-16.490736,-2.1943765,-17.505213,-5.8749638,-17.305166,-10.821295,-13.761885,-8.483752,-10.568566,-8.095293,-11.505426,-15.111583,-1.4915206,2.7338066,2.4905095,6.5423636,-0.03669018,1.7359047,-3.921856,4.144213,7.4079165,16.028051,9.183882,12.89217,4.813089,11.648121,7.421805,8.889063,1.4475403,0.028252136,-0.10297832,6.610963,neutral,06,03-01-01-01-01-01-06.wav
-523.5204,95.278404,-37.493294,7.453081,-6.7782607,-27.103844,-20.109818,-21.73908,-12.849069,2.1270475,-14.675802,-1.0191258,-15.882543,-6.266191,-8.470577,-9.136038,-9.190388,-7.994483,-9.851055,-11.660454,-2.7136664,-1.2530541,-4.516499,4.1659865,-3.2158902,4.8591113,1.7169977,14.083594,9.941893,17.533026,5.130831,9.916322,5.6836233,15.91905,12.096599,13.355495,2.6013892,-0.45576328,1.5715774,11.392728,neutral,06,03-01-01-01-01-02-06.wav
-514.6489,81.14477,-30.636108,6.394891,-8.564409,-22.715765,-25.609821,-22.904297,-17.546158,0.5097045,-14.93862,-3.2172985,-11.439531,-10.015505,-6.7456284,-7.6273837,-5.7440724,-5.2262244,-7.332427,-9.974513,-2.8563986,-5.401166,-6.2635145,3.1462169,0.47742382,7.8536468,8.205522,14.426108,7.2738647,10.192339,2.742659,14.618567,16.601324,20.751938,11.852106,10.921099,0.5120514,4.1365848,4.9156275,10.074545,neutral,06,03-01-01-01-02-01-06.wav
-517.9461,87.03753,-34.473778,6.784147,-9.650251,-25.563599,-23.945707,-24.678473,-16.372772,-1.8743484,-16.747498,-3.6333382,-13.720484,-11.45994,-7.510368,-9.129618,-6.7412386,-7.480454,-9.679094,-11.064349,-3.395044,-3.597315,-7.923442,-0.56691325,-5.8422236,3.0377846,3.4411788,16.174671,10.814309,17.136633,4.909707,11.778434,9.463755,16.557398,10.82649,13.779788,6.271143,4.987425,1.138182,7.3405857,neutral,06,03-01-01-01-02-02-06.wav
-599.48694,64.56262,-1.5997254,11.761977,-2.6146753,-19.003544,-23.805714,-11.9321785,-8.444872,-4.072602,-9.960139,-9.964399,-12.76105,-5.0489826,-8.71716,-3.9364703,-14.0922785,-5.515724,-7.641311,-13.456706,-3.6991456,-6.616439,-10.493064,-2.1577141,-8.516931,-1.3597696,-2.6691556,5.9576807,1.921452,7.093032,-0.276944,8.7916565,5.798084,14.807342,11.652542,14.521461,9.63055,9.948018,7.983258,10.269104,calm,06,03-01-02-01-01-01-06.wav
-633.17316,69.75083,-4.772565,7.8709307,3.1386685,-15.10303,-23.843353,-16.87032,-6.4689627,-3.2974803,-9.23121,-8.879819,-11.807932,-4.4000607,-6.797405,-4.814924,-11.821454,-6.8997474,-4.974485,-11.3804,-5.554335,-3.5756428,-10.471899,-1.8877816,-9.1548815,2.5374768,-2.1612163,4.664293,-2.6965623,5.818059,-3.261614,7.296612,7.490295,19.459211,14.2697,16.002188,6.959955,8.290945,6.807233,8.959898,calm,06,03-01-02-01-01-02-06.wav
-596.2633,84.73197,2.5648632,1.2597746,-0.30292106,-14.362184,-24.369356,-17.32111,-11.405017,0.71898216,-10.408878,-6.1207523,-12.539116,-5.231594,-8.880951,-4.8218946,-7.1579885,-5.6538205,-6.202409,-10.93395,-4.5476446,-3.0273817,-9.291816,-2.4380374,-9.006492,-3.3511105,-6.442954,1.6379716,-1.4123733,9.677809,4.39606,16.045115,9.648991,17.40405,11.920416,18.635641,13.760284,16.284811,7.443397,8.036903,calm,06,03-01-02-01-02-01-06.wav
-557.5988,87.59571,-4.036847,-6.49819,-7.438336,-23.987972,-31.689089,-15.277444,-10.748402,-4.3354707,-16.457092,-4.8681545,-12.081434,-14.568668,-4.3235464,-6.623877,-10.39156,-4.178204,-12.293413,-9.447719,-5.330489,-5.292682,-4.7538047,-5.519799,-8.18923,-4.2451887,-2.3924193,6.4320664,6.616848,13.885122,3.8969216,10.078523,3.894098,14.003835,7.178856,15.86253,7.1080713,6.5678515,7.7634673,12.171203,calm,06,03-01-02-01-02-02-06.wav
-583.26886,59.79181,-9.171896,14.574847,-0.565395,-20.496569,-19.777605,-11.161149,-5.8953843,-7.7784905,-7.4687676,-4.6363707,-13.220724,-4.1289077,-7.56822,-7.1757784,-14.509542,-5.4366345,-7.8968024,-13.562649,-4.389617,-7.760361,-9.522125,0.4841681,-6.4472203,5.1181493,2.3649788,8.702896,0.1231081,2.9312613,-4.062296,8.413117,5.9086175,15.8485365,9.611472,10.5483885,7.450989,8.919784,8.282419,7.003254,calm,06,03-01-02-02-01-01-06.wav
-603.2619,70.73003,-3.3063736,9.061754,-3.381639,-17.943714,-17.474363,-11.428705,-5.4094315,-4.822118,-7.1143913,-8.757362,-10.144851,-3.2156093,-6.3839755,-4.66103,-11.51812,-5.2743597,-6.68279,-9.544136,-2.5352669,-8.717144,-9.034252,-1.359265,-8.906862,0.6046638,-1.9110299,6.422698,1.1830169,8.958555,-0.7233659,8.215713,2.8693964,14.429858,10.179821,14.214464,7.565227,7.517831,6.9128,13.201902,calm,06,03-01-02-02-01-02-06.wav
-593.53784,75.41478,6.6912584,-4.282286,-8.57897,-17.962053,-22.63583,-20.12797,-12.999343,-5.1988907,-12.724695,-9.423024,-14.025666,-10.5646305,-9.269747,-8.956454,-11.504783,-6.732044,-12.88397,-13.742252,-4.020957,-8.277035,-8.487353,-2.8510196,-12.15231,-4.1450057,-3.8625543,5.4676385,3.0012138,12.00513,1.8463734,12.649519,5.560622,13.699697,11.649271,16.32781,8.556286,7.0862727,3.4532776,9.276984,calm,06,03-01-02-02-02-01-06.wav
-627.86084,79.27827,-1.1162169,-1.3700522,-8.225971,-16.339174,-18.711168,-15.745725,-14.265817,-3.5264661,-5.746546,-10.632859,-14.401352,-3.3884428,-10.869355,-6.940384,-10.704924,-3.702867,-6.93058,-10.895006,-5.798899,-2.8914819,-11.31654,0.55576724,-7.9638066,-3.9194827,-5.3225846,3.1611047,-2.0905712,8.021307,3.3884299,12.143614,7.695764,14.432136,8.641547,16.210505,12.90443,17.168875,14.6726055,13.38212,calm,06,03-01-02-02-02-02-06.wav
-482.22906,99.156265,-64.36529,8.145461,-11.185362,-33.647896,-18.485176,-28.430382,-8.056133,-0.2276023,-23.473892,-3.5515242,-12.67358,-14.658296,-1.6461513,-15.852424,-15.91064,-2.70594,-9.274024,-6.07061,0.34107152,-3.2482848,-0.6674542,-1.5050077,-2.5698564,3.562069,2.297858,12.59406,12.74268,16.531284,11.52199,14.923978,4.33918,11.299366,3.687874,7.901879,1.1112671,4.9866104,5.611648,8.166361,happy,06,03-01-03-01-01-01-06.wav
-452.63925,81.50843,-79.56807,6.318086,-14.252021,-40.732384,-16.881544,-32.724068,-12.1323805,2.208833,-24.702057,0.74370974,-13.505125,-21.30872,-2.3886616,-14.439334,-13.60526,1.1456184,-4.5910997,-3.2472038,1.8402376,-5.010401,0.849116,0.4529174,3.37374,10.097872,11.77183,22.920918,14.038279,11.420566,0.8592382,8.243501,3.3346648,15.637806,3.4770942,8.081062,0.12611698,1.1367601,1.4799076,2.5566032,happy,06,03-01-03-01-01-02-06.wav
-465.67377,76.618004,-60.68653,1.2950462,-15.660213,-35.098236,-25.42413,-33.347633,-19.034145,0.34358126,-26.511557,-2.4520793,-12.953637,-20.630472,-5.8940897,-14.370416,-16.976677,-1.4370043,-15.911316,-11.250776,-1.7759634,-7.6816425,1.4306501,7.6507373,5.6113844,13.251579,3.757461,9.170465,0.32005844,5.324537,4.0821686,17.015888,9.12376,13.216759,-0.4064776,3.0063467,4.876455,9.621684,5.725476,4.2188044,happy,06,03-01-03-01-02-01-06.wav
-457.44873,80.770615,-56.810463,4.66372,-9.221927,-38.797176,-18.206541,-31.146797,-19.313438,1.2539935,-20.573519,-6.0245066,-13.511007,-17.953812,-5.267616,-10.336013,-15.280512,-2.085884,-13.057802,-15.90082,0.01971817,-1.172028,1.5773643,10.51203,6.9999523,9.890535,4.7827516,7.883933,6.07772,9.562645,8.157271,16.91547,3.0522218,5.174567,-0.95137084,2.6268578,4.6505623,2.272666,-2.5721927,0.054902256,happy,06,03-01-03-01-02-02-06.wav
-309.56784,25.43141,-91.21803,-14.983914,-21.00035,-38.311874,-34.983932,-17.441174,-22.247524,15.091536,7.7276936,34.874863,35.358704,9.491868,0.49721283,-16.050364,0.32622758,9.663282,-3.8805206,-6.6998367,4.3053074,13.021821,9.340472,2.7081735,-1.7663401,2.7875884,-1.9128376,-0.757585,-0.12255215,8.565294,1.7678851,4.786737,2.4599547,10.011687,4.21585,4.7693295,3.8770258,4.8167934,2.6325564,9.170455,happy,06,03-01-03-02-01-01-06.wav
-314.4429,27.136219,-92.10961,-18.37528,-22.04192,-35.26098,-26.896614,-22.811308,-31.281204,1.1688576,-17.07154,14.414435,29.007214,28.446138,27.188,-11.161841,-8.627025,3.2720768,7.07627,-0.83731055,-8.382959,-10.978387,5.3564124,12.054607,4.09919,2.4231145,5.2764573,6.9189224,-11.446899,2.3826756,4.0301394,7.1191354,-2.2867975,9.056981,3.200397,6.937042,2.4197035,6.1078424,0.4557369,3.798932,happy,06,03-01-03-02-01-02-06.wav
-313.79736,20.057812,-92.89313,-22.577848,-19.543905,-43.921257,-24.629692,-29.860695,-22.758987,0.77486056,-16.622156,19.871027,25.284418,31.064278,25.529276,-5.247494,-10.472169,-4.2882986,-2.3277903,5.2762165,3.1904585,-7.020139,1.1002752,9.974081,10.321617,2.3349662,-2.5670447,12.378369,-1.1759007,-2.0596688,-6.5557117,8.9049225,3.9435515,5.810709,0.620906,7.097903,-4.5562787,5.1735487,9.939722,3.690112,happy,06,03-01-03-02-02-01-06.wav
-297.307,26.397003,-87.8291,-22.898186,-18.206686,-46.00852,-23.795704,-26.058233,-22.434534,2.3746574,-18.540274,17.93264,21.67597,30.250103,24.308163,-3.9252114,-11.345537,-5.286866,-3.3634005,2.2700083,0.24552327,-5.236669,5.7289104,10.837151,9.259947,5.6896443,-2.10812,6.6728415,-3.0570042,2.749434,-5.3671913,7.9384274,2.689866,7.867112,0.6208949,7.10959,-0.77930754,1.4093107,4.1247234,4.919327,happy,06,03-01-03-02-02-02-06.wav
-604.65155,88.45991,-5.002397,5.6086245,2.006467,-12.258593,-25.19663,-17.97346,-11.415601,-3.4982824,-9.475355,-6.0775957,-11.020287,-7.7438526,-8.9303665,-6.386612,-13.73372,-1.406237,-11.532598,-10.901809,-6.110835,-4.3827214,-10.384028,1.1589772,-4.459091,2.4208713,1.6369838,7.318435,3.459644,13.49615,9.726697,25.031023,18.115164,17.677675,5.0608377,-0.46659783,0.082454436,4.262742,3.5983746,4.3554544,sad,06,03-01-04-01-01-01-06.wav
-608.19745,89.66155,-10.485316,8.662311,-1.9278338,-19.249216,-23.743116,-16.35017,-14.602431,-5.278962,-12.073653,-6.8358607,-8.450232,-7.4322557,-6.4184256,-6.651222,-14.2608185,-2.5664468,-11.878275,-12.688406,-5.9396996,-4.1188593,-6.3356194,0.7297875,-3.6354172,5.16308,5.185195,14.151791,7.2221103,12.766416,6.0150933,18.673136,12.934,15.754471,6.792301,2.221962,0.22941682,2.8677168,0.9412925,3.8931491,sad,06,03-01-04-01-01-02-06.wav
-551.1215,80.15397,-14.44207,-1.2788792,-8.842141,-24.95386,-25.992884,-28.076347,-18.576803,-7.5608463,-14.613457,-6.563568,-11.586646,-15.722938,-5.809831,-9.926105,-13.14636,-3.5293126,-13.5101185,-14.604435,-5.894638,-6.9697695,-9.19713,1.2484462,2.306907,10.834778,6.613929,13.331145,0.9243071,7.507026,2.5102286,18.14301,13.810832,18.045248,4.898818,2.0821872,0.28518534,3.1293886,2.7723556,2.1322925,sad,06,03-01-04-01-02-01-06.wav
-577.2077,84.36291,-11.151341,2.2900698,-2.4749818,-20.942211,-26.902082,-23.927189,-17.218369,-5.8645372,-14.071625,-6.056538,-11.059265,-12.705488,-6.8849425,-7.7318654,-14.266294,-3.190088,-12.3274,-11.246204,-6.3376083,-5.8902326,-12.413803,-3.737014,-8.817541,1.2132615,3.62089,19.172977,14.236188,19.843008,9.019452,16.90041,10.792426,17.934206,11.803339,5.8617477,0.076449394,1.4691371,5.0971184,10.628772,sad,06,03-01-04-01-02-02-06.wav
-407.04794,24.630266,-63.183308,2.236005,-4.75311,-32.68168,-4.64128,-23.337507,-12.642014,10.190577,-18.58791,6.4816914,6.772616,3.6840265,22.470776,14.515476,18.973755,16.487532,-4.240169,-16.234842,-12.15087,0.9745728,7.094886,-2.4166734,-16.984926,-4.5215144,-3.1640472,4.151241,-11.152638,2.758849,12.99286,21.78445,5.4389596,6.530973,2.2892318,4.752618,-5.040683,0.4865535,4.9584928,2.0274632,sad,06,03-01-04-02-01-01-06.wav
-583.9454,48.83174,-26.12012,2.4740436,-10.742583,-27.261152,-16.709244,-23.397177,-11.98583,5.2635026,-10.563242,-0.59844476,-1.5290096,-0.17127699,5.6159616,3.8239636,1.2878433,9.201328,-4.540127,-5.6349783,-1.6262343,0.010115687,0.75467813,1.7105316,-5.5007324,1.5738181,-0.67126316,4.364375,-1.9554118,4.2970214,0.3864115,8.425674,2.871463,9.902147,3.0351698,6.249325,-0.5454753,1.0006238,1.7595838,5.875502,sad,06,03-01-04-02-01-02-06.wav
-385.90237,37.029133,-34.010563,-3.4364161,-9.389328,-29.195705,-4.4130588,-23.28765,-12.915619,0.5501718,-22.470718,-4.9234633,3.5219424,11.259206,23.555582,17.5885,15.6151705,9.078396,-10.171905,-5.405174,-2.2935646,-3.788651,-4.5620604,-3.1206708,-8.791797,2.675368,-1.8602872,2.4919322,-2.7389147,6.58837,1.3662553,4.718473,-1.2137829,7.7708144,0.52414155,4.412687,-0.42647815,2.3226066,0.84041095,4.1933503,sad,06,03-01-04-02-02-01-06.wav
-454.4058,46.878548,-50.545692,-4.1428876,-13.703432,-43.284004,-18.503109,-34.21565,-17.25188,8.073584,-23.555857,4.0565453,-9.768727,-17.653206,5.1243367,-19.142454,-2.62745,5.9976053,0.717656,10.175542,14.22218,12.400244,12.47964,12.617095,2.1624491,-1.8094556,-6.6628547,2.6699243,-2.9156168,0.66643274,-4.806848,-1.2245901,-0.99613816,6.961259,-0.921023,4.147118,-1.8624995,1.2338896,-4.169669,4.2630153,sad,06,03-01-04-02-02-02-06.wav
-466.02234,75.43757,-29.106432,6.1208405,-11.553706,-19.961466,-15.671416,-16.250126,-14.672952,-2.895137,-15.137846,-5.6585355,-8.2024555,-12.687678,-5.1200376,-10.762053,-10.171222,-6.6450586,-7.5836844,-6.742316,1.9486035,-0.046647433,-1.3192213,-0.8822268,-7.594247,3.4105139,2.034474,12.181686,10.990533,14.057134,8.012552,13.71077,3.8743732,8.146684,0.9334985,3.5306702,-0.16568378,-0.34490895,0.55258626,5.723689,angry,06,03-01-05-01-01-01-06.wav
-466.56525,78.16329,-23.702267,13.367698,-7.6812286,-19.066025,-12.988699,-17.860884,-13.809951,0.11738142,-11.213699,-5.791471,-9.375194,-8.571113,-2.9883137,-8.39063,-7.072846,-4.157108,-5.130309,-1.4095755,4.246991,1.3836743,2.3262005,5.0721354,-0.23291184,9.696598,2.3806574,10.513909,8.224872,15.305573,10.247356,11.860532,1.442734,4.5751414,2.662157,7.6304507,4.564952,1.1576864,0.02950344,5.3689723,angry,06,03-01-05-01-01-02-06.wav
-445.7956,68.713715,-31.383667,-3.0190387,-16.546816,-32.35145,-16.03886,-22.24384,-17.524754,-2.2212415,-16.161762,-4.955215,-11.950683,-11.47756,-6.1802573,-11.869802,-8.508888,-9.147734,-9.036542,-10.4938,-3.3591266,-1.3192042,-0.11311077,6.662333,5.6928673,13.509721,7.820581,16.761883,8.453191,11.745173,-1.1876491,6.3804016,1.0053562,8.401413,1.2326155,2.2743974,-2.4453657,-0.39239568,1.0330204,3.4915087,angry,06,03-01-05-01-02-01-06.wav
-422.4771,59.731388,-25.464544,-0.44711027,-15.827967,-27.451824,-13.767329,-16.987158,-20.37495,-1.2114143,-12.668457,-6.2148476,-10.623843,-10.534597,-4.8177176,-13.692417,-6.9089594,-8.466775,-14.3386545,-12.7698555,-6.4058623,-5.2268686,0.50045514,6.683598,10.697999,17.12438,12.241761,17.769619,4.2733073,6.9638405,-3.8249242,4.4354496,-3.3854308,5.1332088,-0.44148928,3.1463113,-5.1234455,-3.8557854,-2.6617296,2.6656156,angry,06,03-01-05-01-02-02-06.wav
-215.45967,46.53492,-79.89401,-23.946404,-24.538158,-34.49393,-11.14907,-24.041176,-16.367077,7.808368,-1.4856275,22.42731,17.596659,11.896959,-1.3378649,-9.21788,-2.3062572,1.6818559,3.4198039,-6.24878,-1.70398,4.0389647,11.588861,5.3487744,4.9040375,4.0092106,1.2019547,2.1277704,-6.3768296,6.810619,-2.0668728,1.9577348,0.6471921,7.7435446,2.1961744,8.919822,1.7612824,3.0255475,-2.124647,1.749934,angry,06,03-01-05-02-01-01-06.wav
-220.11267,39.118576,-71.338326,-17.1425,-21.881292,-29.70394,-10.421371,-19.526522,-16.382948,1.4254284,-1.7142111,19.600372,16.562103,15.184243,3.6009705,-5.2239747,-4.434391,1.4280534,2.646734,-6.8428802,-2.0056403,1.7996508,7.940651,4.170443,3.8437436,3.6823645,1.8457383,3.0411034,-5.311711,2.984186,-2.061742,1.9290367,0.06419472,10.069304,4.4677324,8.500416,0.48413268,3.0493088,1.2340078,4.752608,angry,06,03-01-05-02-01-02-06.wav
-252.28246,34.041164,-56.806408,-22.800314,-22.46745,-37.13769,-6.341061,-21.80632,-19.981192,1.7140183,-17.027182,-0.26645836,1.452418,10.7910595,18.123165,12.570571,7.1373696,-3.0317838,-3.3021624,-9.154082,2.7922268,2.4179313,-0.46011528,-5.134344,0.02804919,1.4543406,-1.0240428,5.3443513,1.304639,9.891542,-1.245027,2.0713632,-3.5668893,5.404258,-0.34458053,4.1876616,-0.75198895,0.9300869,-2.5642521,4.134135,angry,06,03-01-05-02-02-01-06.wav
-276.93585,32.33029,-59.879498,-14.499931,-21.964256,-31.623106,-3.2743876,-22.451017,-20.12111,-3.403863,-17.704369,1.4995737,10.22666,25.894869,25.194998,12.560044,-2.979165,-12.8656,-2.870527,3.3199193,6.3830748,-8.882501,-9.458771,0.872443,8.838424,5.5355563,2.4460468,11.220147,3.6490664,-1.8064368,-5.958688,7.6109357,1.2934463,1.3629968,-1.8924345,4.5272365,-1.8832204,6.3374968,6.385502,1.8918923,angry,06,03-01-05-02-02-02-06.wav
-504.96237,73.2602,-16.928303,-2.3713946,-1.5861843,-17.112019,-16.525358,-17.885466,-13.634228,-6.089763,-15.558532,-7.8023624,-14.884972,-10.041183,-9.011397,-10.195362,-14.248854,-8.044997,-14.73589,-10.816981,-3.1056557,1.6362824,6.589993,13.591665,9.069865,12.941982,3.1922374,10.898922,4.593313,12.367152,3.5019927,9.190912,5.46276,10.222423,3.1574395,3.5925126,-1.727329,-0.99224865,-0.7962145,4.3145285,fearful,06,03-01-06-01-01-01-06.wav
-487.27585,80.99382,-28.573223,1.4945896,-0.8596905,-20.962727,-21.708797,-26.7745,-11.749132,-4.0501847,-17.935965,-10.15132,-13.286339,-10.169701,-13.788907,-10.618321,-15.777397,-6.266086,-14.517315,-10.7127495,-1.9137146,1.102921,1.541582,12.2748785,6.8643165,11.351359,4.4210277,10.826047,5.966507,11.449439,4.024004,10.6869955,4.195678,6.5563097,4.0660105,6.752965,0.65125555,2.2921314,0.8034359,5.2689137,fearful,06,03-01-06-01-01-02-06.wav
-482.20343,72.985275,-33.73388,-7.6656904,-6.9634657,-32.60569,-24.068542,-30.123766,-16.603514,-4.8866835,-22.66574,-9.6389,-19.970959,-13.366825,-8.3506365,-15.28802,-17.445501,-9.39251,-16.923052,-16.286335,-3.2739065,3.6874971,11.888782,24.34787,20.426523,20.907795,7.569374,11.173413,2.0507894,10.836308,2.4274485,9.829954,0.8067195,7.419427,1.490169,2.0557964,-3.9510276,-0.2463375,0.34334975,3.4562252,fearful,06,03-01-06-01-02-01-06.wav
-472.91968,73.43418,-10.848419,-2.7839751,0.07538642,-21.021824,-24.814697,-20.534502,-15.224802,-6.072991,-15.290497,-9.278273,-18.377048,-14.33521,-12.833106,-14.65492,-14.537647,-5.652766,-13.487869,-14.862803,-6.8677764,-4.151066,3.1991925,13.595295,13.063551,19.55425,10.713107,13.289282,1.5386221,6.6113844,1.7978157,10.857256,5.198363,6.2405076,-0.5672741,3.234976,2.533219,2.452431,1.220718,4.2245083,fearful,06,03-01-06-01-02-02-06.wav
-237.71123,13.7457285,-99.93942,-33.420784,-32.198303,-39.0518,-29.44883,-17.078379,-15.60537,31.91528,22.835083,34.111355,16.244549,-15.204617,-13.746378,-12.165235,2.379528,7.1269636,-7.6349354,-4.504756,19.030313,7.4248915,-3.8810935,-5.3232327,-5.461054,-0.19808413,-6.6082406,8.240181,3.814665,4.5828032,4.9205794,9.733957,-1.9458457,5.5388656,0.93178886,4.132896,-1.3205318,1.7806258,1.8124584,7.2588906,fearful,06,03-01-06-02-01-01-06.wav
-256.08508,8.547087,-93.609,-29.651508,-33.856083,-42.385544,-23.719933,-6.452245,-8.224508,43.42481,29.649343,19.14555,-2.844584,-22.418093,-15.082587,2.7316973,6.2592163,-3.0719683,-1.7473596,11.924163,15.695168,-7.0994344,-11.235615,-1.802857,-2.372921,0.47034997,3.6746798,9.209603,-1.3329169,8.352869,5.4869018,0.17526427,-0.9232798,7.9546075,0.71847516,5.3466988,-0.33609924,0.9232745,0.5218641,3.6982152,fearful,06,03-01-06-02-01-02-06.wav
-255.55075,21.178352,-82.57027,-34.43811,-30.45712,-46.82577,-28.795395,-20.760157,-20.004427,20.836975,5.6810184,23.105001,15.97514,-1.1146691,-4.5335817,-7.418841,1.2268971,-1.3112686,-13.150949,-5.6721954,12.565704,3.352148,-1.9396656,-3.5539882,-5.90514,1.9402422,-6.3306437,5.275465,2.1593983,8.46752,4.4510283,6.3738875,-0.39309394,4.8510284,1.0493705,5.230945,0.2934562,3.494409,-2.0586514,1.624862,fearful,06,03-01-06-02-02-01-06.wav
-212.20494,22.89767,-86.274826,-47.229843,-29.165459,-42.298496,-22.37435,1.9047832,0.43282998,35.417862,15.138883,5.5255303,-4.4792743,-20.181843,-4.3432045,2.40807,-1.0507791,-1.6576182,0.08386807,11.549039,16.180307,-7.596594,-11.153911,-2.243223,-5.417681,-0.6821794,2.3555186,8.358024,-1.5854009,8.756511,8.539809,-5.434882,-6.9838195,5.481129,0.7152923,6.9303756,1.1227182,0.8637086,3.1383712,3.8409429,fearful,06,03-01-06-02-02-02-06.wav
-581.50775,69.475494,-6.0096335,4.572627,-10.437002,-15.096241,-21.558945,-16.335382,-10.822212,-6.287594,-9.261115,-5.900385,-13.088132,-7.703449,-4.371488,-7.556586,-12.220484,-2.351322,-12.692912,-7.9119124,-8.759836,-3.1703215,-5.6256347,1.5162998,-3.6481783,-1.4046472,-4.2093596,4.186039,1.2988504,11.373606,7.375197,14.42343,5.99022,8.515452,0.66107935,2.8320882,-1.0868462,5.312656,1.4356823,1.7005199,disgust,06,03-01-07-01-01-01-06.wav
-587.237,62.112686,-0.6894872,15.252065,-9.345181,-6.8884354,-16.133383,-14.482776,-7.27033,-0.18492149,-10.587966,-1.5296897,-7.5764413,-7.2672334,-0.5907467,-8.583375,-9.298049,-1.0501076,-10.125603,-7.2840037,-3.8022041,-3.4073918,-3.5553331,-0.39576235,-1.7848277,3.2483532,-1.815754,6.6250606,2.0377264,8.03868,5.3673115,12.257559,6.7099004,13.525256,4.0257463,7.5940394,3.0083067,5.0612607,4.368036,6.5785813,disgust,06,03-01-07-01-01-02-06.wav
-591.7935,66.599434,8.178267,-6.635389,-8.744586,-8.2417755,-33.319847,-15.501471,-8.874558,-3.586668,-12.8194275,-3.4211102,-11.512693,-9.601995,-0.44928765,-7.6325912,-6.3857365,-1.5772593,-13.3903675,-10.775522,-8.759392,-4.5116973,-6.662633,-4.282737,0.4052391,4.121938,4.816559,14.992406,7.4628806,10.903748,7.805995,14.370256,12.449681,14.166553,3.5686035,4.904402,-0.98365384,6.4854493,2.1481128,4.516963,disgust,06,03-01-07-01-02-01-06.wav
-589.6109,62.630314,7.333112,-4.31472,-3.3558059,-13.20966,-29.354067,-16.387854,-6.454436,-8.254604,-17.68977,-0.88783324,-10.731957,-7.8047667,-4.8432,-10.555808,-6.8962617,-3.661139,-14.057388,-6.5155473,-8.936738,-4.3424916,-9.544903,-4.547562,-4.8694997,-5.8082423,-4.579741,3.0436373,-2.4891915,5.857318,4.964761,12.666492,13.269388,19.665174,9.739651,11.015128,-1.0229242,4.7342105,1.3975159,9.202362,disgust,06,03-01-07-01-02-02-06.wav
-438.3286,43.68457,-29.50479,2.5760076,-22.660158,-31.17605,-18.585646,-12.411891,-16.848846,-6.2813716,-13.677617,-10.572004,-16.149141,-6.5212607,-6.938161,-5.53855,11.272096,9.624328,18.183477,11.514191,4.024636,3.3179035,-3.8085396,3.585532,-4.227897,-2.2570314,-5.9411387,-0.76439536,-7.893496,3.7010076,-1.3478484,3.5471237,1.0098717,8.423617,2.8066244,6.2724977,2.5115838,6.960732,1.4138422,0.5875836,disgust,06,03-01-07-02-01-01-06.wav
-500.158,74.962845,-44.207047,0.41674498,-21.723217,-29.773045,-23.58802,-17.881578,-12.722005,-3.7276454,-14.85746,-1.5646393,-17.29691,-5.9008,-6.1025424,-15.563569,-7.8396277,-13.419414,-10.673843,-7.7100835,-4.351813,-1.2304157,4.669084,8.018381,8.509897,16.445803,13.720738,20.757494,8.208646,8.933496,2.1234148,5.7561593,3.510923,9.53754,-3.6689892,-1.5010093,-0.85714185,4.589859,1.3745238,-1.0665938,disgust,06,03-01-07-02-01-02-06.wav
-458.9375,76.99793,-24.079237,-3.1451683,-11.251774,-26.20841,-26.447004,-10.73131,-14.4140835,-7.4158754,-18.11737,-1.0662513,-13.978796,-14.3545065,-7.430098,-17.557936,-4.921682,-5.171635,-9.179471,-3.569536,1.6400872,6.6753354,4.7953014,8.452923,5.9551587,10.344592,3.526789,8.17105,-0.46917808,5.5303407,1.1416466,6.811658,3.525357,6.0522585,2.2073343,1.8401512,2.0545611,4.6474457,4.177501,5.395494,disgust,06,03-01-07-02-02-01-06.wav
-507.93988,75.789925,-10.508678,-4.4266386,-13.116117,-22.220499,-23.464584,-8.532758,-9.523398,-0.72020775,-6.256432,2.8730936,-5.7963257,-3.984845,-2.533357,-6.166968,-3.672883,-5.639944,-10.441142,-12.699502,-3.3040476,1.1102707,6.275888,19.02742,22.509342,21.520658,14.486165,11.355199,-0.11626774,8.044448,6.782667,11.423097,3.8501825,5.7926617,-0.8673428,3.2894943,0.6948719,5.3467,0.41256267,-1.0932109,disgust,06,03-01-07-02-02-02-06.wav
-528.8769,101.24305,-34.017815,-2.477267,-10.196555,-23.657995,-24.798845,-23.63186,-11.443845,-2.5252628,-17.327438,-6.879731,-14.547512,-14.637595,-7.195348,-14.966134,-14.783256,-5.062469,-16.676464,-10.283158,-5.2322407,-3.8512576,0.7572859,2.1502087,4.031884,4.9325175,3.6405716,16.144386,11.562233,14.001923,5.8480844,9.004025,2.3547306,10.58981,0.33844864,4.235205,-1.5156766,2.7388504,2.6009927,0.98613787,surprised,06,03-01-08-01-01-01-06.wav
-501.61752,100.86143,-39.26037,-3.297724,-11.12186,-29.343353,-23.04191,-32.528255,-13.0247755,-3.6006625,-23.155422,-4.723897,-15.337594,-17.000498,-9.16941,-14.441583,-13.097868,-9.523074,-16.411472,-12.083655,-5.910813,-8.488631,-2.5658326,1.9471828,4.165119,7.8406053,2.9722085,9.916398,-1.9473779,5.421001,5.6640806,12.052844,9.69023,10.640997,-4.5766907,0.48925456,-0.008950369,3.6171708,4.22438,1.6804333,surprised,06,03-01-08-01-01-02-06.wav
-483.92297,89.20967,-30.823572,-12.42066,-16.98247,-34.274635,-30.73211,-31.607977,-14.518052,-6.1311836,-22.789066,-7.975484,-20.294008,-22.375174,-6.8812404,-14.581194,-12.334319,-3.379678,-14.564191,-8.897826,2.8004296,0.83823335,5.456979,9.079954,7.4376574,6.501483,0.16227835,8.940682,-0.6137781,6.720578,3.788714,9.218596,7.71167,12.147697,2.6698265,5.3964148,-2.4964285,3.1589348,5.8996673,6.556315,surprised,06,03-01-08-01-02-01-06.wav
-492.86884,92.147255,-14.200067,-12.570353,-13.601666,-30.737913,-31.55375,-26.73779,-12.414742,-8.063357,-18.341766,-8.419107,-16.048954,-17.003551,-2.0302377,-10.932959,-6.7976265,3.242642,-9.143567,0.5403743,5.0112405,6.29328,10.730998,9.9294815,7.194908,3.0585194,0.074062645,11.587344,8.210482,14.84904,10.9418745,11.7872505,4.661463,7.457742,1.3090607,9.3712015,3.1818612,5.2331944,2.107058,4.3295608,surprised,06,03-01-08-01-02-02-06.wav
-503.27307,100.79505,-31.404137,-2.7624917,-9.7664995,-28.166496,-24.263046,-25.966743,-5.9323287,-6.803374,-18.75675,-7.046393,-16.036345,-17.799406,-6.084539,-14.727479,-13.874162,-1.1130731,-10.445599,-4.651377,1.3142151,3.527652,4.1503286,7.9678273,2.1448138,0.5067436,-4.379172,6.6368856,4.2265997,11.738879,5.004515,6.387171,2.2398126,5.845246,-3.3761325,5.2336445,0.65464586,4.8976107,2.6623724,1.4541128,surprised,06,03-01-08-02-01-01-06.wav
-387.01535,71.0028,-61.679813,-17.386038,-27.74014,-35.06989,-22.68762,-30.133995,-22.017519,-5.7211823,-19.288076,-7.360285,-11.742027,-11.694623,-0.3931147,-3.6318665,9.933657,14.903895,3.1034088,6.2423077,9.562417,7.419447,7.530479,-3.2588067,-2.2532277,1.763013,-4.365071,6.3468947,-3.8908966,3.0050845,4.7592206,9.216195,3.0917716,6.2632365,-1.7587028,5.8142056,0.36095083,5.11369,6.3026204,2.6746776,surprised,06,03-01-08-02-01-02-06.wav
-388.82486,61.872913,-50.94996,-13.989413,-15.875964,-36.691685,-25.93206,-35.40288,-16.879772,-8.025786,-23.747782,-3.377798,-14.090757,-10.517287,0.7962295,1.2495363,4.9963126,15.890962,11.342906,15.174327,9.024102,-1.3874937,-0.6107108,0.5455588,0.6647407,5.6066604,-1.9713781,3.3385015,-5.9246454,5.6809535,5.775891,7.739284,3.8134103,7.0594635,-0.993571,7.8300467,-2.115174,3.6454134,5.2762156,4.53471,surprised,06,03-01-08-02-02-01-06.wav
-387.0593,67.523766,-38.82342,-23.916954,-13.6629925,-36.965816,-21.279837,-34.131233,-20.08213,-7.0569105,-21.009657,-9.694754,-11.675198,-7.63413,-0.49029016,5.1447134,12.203373,15.453477,5.439402,3.8424163,5.806705,1.7850277,3.8360052,2.0226083,-4.374445,-0.38263503,-4.471563,3.4252183,-4.5782733,4.6316657,1.1172198,9.397916,3.670406,5.941663,-1.7112024,2.2003026,-1.710463,0.018592067,-0.34894755,3.9802423,surprised,06,03-01-08-02-02-02-06.wav
-494.7248,106.7175,2.481018,24.738695,12.673433,-14.736974,-14.80013,-14.763027,0.95058644,-10.175823,-7.2475424,-1.8568025,0.70452154,-10.758845,0.37440425,-0.8670502,-12.964865,1.4192734,-6.577116,-2.1019886,-12.71367,-0.53494865,-6.770002,-6.849075,-4.4797854,-0.6878205,-5.736189,0.8078521,-8.68347,-0.30811572,-8.549623,0.64670706,-4.616781,-1.0327598,-5.5269456,-4.8610687,-10.23753,-4.7448277,-4.6298494,0.62818754,neutral,07,03-01-01-01-01-01-07.wav
-492.71002,111.192314,3.3698285,22.401423,11.882621,-13.368817,-13.173045,-16.310461,1.6932619,-8.6321125,-7.854426,-1.3146973,2.9952693,-11.326377,2.895923,-3.7022922,-11.7696,4.407771,-6.043013,-3.3445787,-10.936094,-1.057648,-7.967958,-6.420328,-5.8944793,3.1296585,-6.573766,3.0502896,-7.8929777,-0.44351625,-7.666189,1.8066155,-2.536924,0.16119981,-4.247303,-6.037924,-9.785344,-5.166585,-4.328971,1.3460467,neutral,07,03-01-01-01-01-02-07.wav
-474.59454,97.96261,2.9242165,15.969808,13.66108,-13.274205,-18.56567,-21.198679,-3.6642034,-11.961904,-9.362733,-4.7877674,-0.46557748,-12.5687,-3.6658535,-1.7515286,-17.390146,-0.10167633,-6.4920764,-8.135379,-11.925311,-3.927033,-10.141631,-7.351626,-9.361986,2.8242168,-9.919646,1.1447897,-11.7687025,-3.22595,-9.304128,-1.8893805,-4.36918,-0.9101164,-6.4256244,-7.0922604,-6.230223,-3.6988428,-1.6911749,-0.134438,neutral,07,03-01-01-01-02-01-07.wav
-498.202,108.62242,12.796853,18.219748,9.4857,-10.0292845,-15.1381,-14.11912,4.271564,-12.226995,-2.6405551,0.6440756,0.06474879,-7.232669,3.8188288,-2.330163,-10.391224,4.96047,-6.363783,-1.1564956,-11.801507,1.696311,-7.430655,-7.8578367,-3.0049596,1.0869589,-6.682812,-0.06609472,-8.906911,-1.3670094,-8.569239,-0.17244337,-4.1906314,1.558766,-5.857013,-4.4346466,-9.646751,-4.0660744,-3.5071933,2.0100737,neutral,07,03-01-01-01-02-02-07.wav
-525.19617,127.63955,0.2436622,15.961165,20.241867,-13.604925,-14.383576,-17.404318,3.2105374,-7.47477,-7.104338,1.4300231,2.8782942,-9.883936,0.33296555,-1.643305,-10.794614,2.8976903,-2.4874167,-1.1181369,-12.228351,-1.7205774,-5.2687397,-5.4803004,-5.2461014,3.952305,-6.8021436,3.5058827,-10.315823,0.5236519,-8.332638,3.1628332,-0.55146974,0.38188428,-6.514028,-6.7575784,-7.9315195,-3.717022,-3.437658,-0.80827725,calm,07,03-01-02-01-01-01-07.wav
-533.0875,129.05867,-0.16279301,14.6935425,15.8234415,-10.389851,-11.414111,-16.527134,4.0002775,-5.8878746,-5.51718,-0.67565906,3.218917,-10.506656,-0.22659016,-1.4476913,-12.213482,2.080667,-3.8969386,-4.364138,-8.899187,-2.119847,-4.4429007,-5.7920904,-6.498963,2.8713706,-6.832962,1.4233369,-10.568056,0.03566464,-9.449412,1.8291863,-2.1996777,1.1581508,-6.3880005,-5.832294,-8.03758,-3.1126876,-2.6360636,-0.22466403,calm,07,03-01-02-01-01-02-07.wav
-521.57623,117.006035,7.827478,15.933764,18.667812,-1.868588,-10.597979,-16.23737,-0.59834117,-2.6029096,-4.1464214,0.032185473,5.6229763,-3.5706432,-1.9480152,4.473187,-8.846852,2.0715792,-0.60540843,-2.6154914,-7.1023436,2.3979325,-7.5318127,0.048893936,-8.873971,7.9886866,-2.782965,0.6094615,-4.7931123,-0.4385355,-3.8180704,1.0266564,0.5201066,1.022686,-0.8425625,-4.8943195,-6.701078,0.46822196,-3.2496004,1.5364666,calm,07,03-01-02-01-02-01-07.wav
-507.04617,120.226616,-9.17269,13.250941,15.232161,-9.757881,-13.764862,-25.103971,-5.1806674,-6.929377,-12.908166,-1.8667532,1.8908167,-12.150101,-0.7021839,0.23179793,-14.940106,3.096294,-3.3379462,-6.258451,-11.236792,-0.18760337,-8.540817,-5.100923,-9.544636,7.3782797,-9.050558,1.8696184,-8.902258,-3.535752,-7.378602,1.2438451,-0.71533006,0.030615343,-1.9878002,-8.774269,-7.4274044,-5.6471763,-4.145863,0.4893651,calm,07,03-01-02-01-02-02-07.wav
-559.48346,92.82058,3.397904,22.73822,22.644615,-7.0507345,-16.70846,-8.708209,7.4740973,-5.131985,1.3487232,-1.324429,0.4086973,-3.1248088,-2.2138603,0.30146486,-4.321136,3.6356592,-2.9977305,-2.1999283,-7.3953247,5.1860995,-6.998447,-1.3187001,-3.4703798,2.6961935,-4.5525856,2.80639,-6.979417,-2.3086474,-5.9711847,-0.7204235,-2.0093277,0.09954557,-7.9356813,-4.6565094,-5.795808,-0.06282786,0.68196505,2.296661,calm,07,03-01-02-02-01-01-07.wav
-546.72986,120.78971,6.026138,20.320911,8.712048,-12.372244,-9.004193,-21.841633,-0.9035047,-7.4038424,-10.2697115,-1.443525,-1.9233952,-5.6640425,-6.576612,1.2313817,-12.927533,-0.85339487,-1.7585105,-6.593097,-11.343563,-2.158637,-8.150115,-3.854729,-8.6320505,7.2446914,-9.576491,2.8404522,-8.631565,-3.0247998,-6.4620104,0.37219346,-2.8721287,-0.6438322,-7.203675,-7.60682,-6.8276014,-5.4516025,-3.919582,-0.23958996,calm,07,03-01-02-02-01-02-07.wav
-529.6285,97.75172,13.885864,20.031572,14.653392,-9.125287,-12.318103,-13.1562805,-4.8117447,-6.9602804,-6.527902,-2.4718654,-0.9913995,-5.1807075,-7.752925,-1.616088,-12.931601,-2.318713,-6.368568,-6.9437,-10.155552,0.2745833,-12.992298,-1.9619837,-8.541086,3.8645203,-8.428399,-2.1084902,-8.858078,-6.895154,-4.038168,-5.0493608,-2.6802843,-4.9001784,-5.393298,-6.9212303,-6.5788593,0.3215114,-1.0244521,2.025479,calm,07,03-01-02-02-02-01-07.wav
-548.2345,114.040634,12.271067,23.258545,14.708469,-10.029206,-9.564516,-16.372145,4.982149,-6.8370714,-0.59092647,-3.2434247,5.492902,-2.4639065,-2.2116842,3.3021028,-11.208172,1.8058842,-1.2897835,-5.9802723,-7.9111485,0.23177947,-7.6318355,-2.603301,-8.527627,6.950315,-10.990207,3.4814079,-9.8307,-4.064586,-7.3228283,-2.553741,-3.0106544,-1.7644876,-5.2739983,-8.185305,-10.363572,-4.166799,-5.7700977,-2.2356238,calm,07,03-01-02-02-02-02-07.wav
-486.80124,113.80407,-15.260273,25.723606,13.811336,-15.103076,-9.288214,-17.821281,-0.41099548,1.6514622,-8.52139,-0.93472064,4.241109,-8.760874,-2.811957,3.392778,-11.80494,5.5547543,-1.7754017,-5.7394094,-7.6816382,-1.0408679,-7.253878,-2.7543561,-6.672325,7.296212,-8.575319,1.4486451,-7.307763,-2.4544177,-5.4220114,3.8750558,-1.4580518,-1.1156844,-1.7394657,-6.0399632,-6.20551,-1.9456493,-0.69975156,-1.0474486,happy,07,03-01-03-01-01-01-07.wav
-453.8803,115.89291,-17.876778,27.006248,8.923337,-16.574808,-11.749075,-16.48707,-1.4521818,-8.34001,-14.099521,-1.1180062,-1.435878,-8.791201,-0.18644336,-2.7456334,-12.21039,2.300474,-9.444598,-3.9547133,-12.541872,-1.5732983,-5.775571,-6.473426,-5.702314,1.9669495,-8.461178,-0.17044507,-9.072012,-3.6152818,-5.693052,1.9661881,-2.6189969,-1.5537077,-5.1959844,-6.98852,-7.5589,-1.1709819,2.1953676,7.0228524,happy,07,03-01-03-01-01-02-07.wav
-432.33377,110.19763,-16.839844,15.182219,2.475874,-20.850208,-19.206978,-23.232544,-8.708376,-3.830861,-16.533888,-1.3468784,0.30712706,-12.0915165,-1.0865004,-5.8130198,-18.491032,1.6615951,-10.149377,-8.477636,-10.753209,-2.0544395,-8.720354,-7.122304,-8.374294,2.9409852,-10.514442,-1.3515604,-7.2150717,-3.0318332,-4.9586487,2.6642365,-3.2184505,0.84875715,1.1024296,3.9344923,8.032881,13.735474,13.550994,8.737577,happy,07,03-01-03-01-02-01-07.wav
-432.33377,110.19763,-16.839844,15.182219,2.475874,-20.850208,-19.206978,-23.232544,-8.708376,-3.830861,-16.533888,-1.3468784,0.30712706,-12.0915165,-1.0865004,-5.8130198,-18.491032,1.6615951,-10.149377,-8.477636,-10.753209,-2.0544395,-8.720354,-7.122304,-8.374294,2.9409852,-10.514442,-1.3515604,-7.2150717,-3.0318332,-4.9586487,2.6642365,-3.2184505,0.84875715,1.1024296,3.9344923,8.032881,13.735474,13.550994,8.737577,happy,07,03-01-03-01-02-02-07.wav
-336.44568,84.30352,-22.476,11.345216,9.556505,-24.96219,-18.293264,-11.418611,-17.234516,-0.5102694,-10.520451,-6.310718,1.0680463,-10.335524,-5.2254033,0.2792962,-12.014205,2.3026838,-2.5353742,-0.8950881,-7.1395063,-3.0671568,-4.4130855,-3.694411,1.8325983,6.864995,-0.61459106,6.9826427,2.1195567,7.18101,7.8537436,14.272707,9.060754,13.793669,8.369265,8.416841,3.3551745,4.5602336,4.9767656,7.103218,happy,07,03-01-03-02-01-01-07.wav
-291.77277,80.2456,-18.264067,11.122437,2.9713676,-27.832674,-20.861713,-7.666426,-16.232052,-4.000219,-14.235267,-7.8702803,-4.817702,-11.110013,-2.9288337,-4.3496003,-13.722256,2.244992,-6.5789886,-1.518426,-9.94046,-2.142544,-4.2852054,-1.5459235,4.71632,11.313522,3.9413888,12.694623,7.8048773,10.776767,7.6276636,12.950317,6.491442,7.4407587,2.627659,2.7547956,-0.17461048,3.4703445,0.36996037,2.9081113,happy,07,03-01-03-02-01-02-07.wav
-364.10754,87.32805,-32.845085,10.971532,8.6720085,-27.67384,-14.395967,-17.840294,-17.959919,3.0464497,-15.808479,-5.9496145,-2.3882143,-9.120777,-9.976225,-3.3051493,-14.820068,-1.8868403,-4.6492295,-8.554931,-9.13513,-4.3636446,-4.5586467,-5.0971074,-1.935439,2.4978929,-3.9543917,3.7252975,1.2225703,5.011395,6.766661,15.076352,12.640453,14.013471,6.860664,2.3143697,0.95908064,5.241981,7.2853,6.2494936,happy,07,03-01-03-02-02-01-07.wav
-288.24557,68.03402,-24.226858,3.6283433,3.534473,-25.847956,-30.641573,-9.333798,-21.377277,-5.8402443,-14.816201,-14.938571,-1.4908063,-14.979531,-9.40094,-3.2903788,-20.780224,1.1141598,-7.841736,-5.930803,-10.405144,-4.92443,-5.9093595,-3.629951,11.620322,17.348282,16.29772,23.56896,9.751515,12.242377,3.1980846,8.451353,2.3742576,9.467673,3.272592,1.2634281,0.12868534,1.7630619,0.06288735,1.609038,happy,07,03-01-03-02-02-02-07.wav
-553.83026,114.77238,-0.49094892,17.405252,11.203148,-10.007973,-8.414695,-18.157093,-11.652287,-8.829219,-11.326705,-10.056789,-1.3625104,-7.712511,-5.4868026,-1.0030533,-13.488807,-3.1608667,-2.643445,-6.1217494,-10.399027,-2.8482418,-12.361671,-1.399103,-9.538209,3.2136002,-10.191362,-0.19507961,-6.457615,-4.3895793,-5.651783,-1.5807985,-1.2388734,-1.6888944,-1.4208155,-3.277584,-7.200158,-0.9784191,-1.1818457,6.0985627,sad,07,03-01-04-01-01-01-07.wav
-535.4331,124.20425,1.9131242,25.277506,18.371376,-14.3012295,-2.6260297,-18.645582,-10.382823,-5.875648,-11.275171,-2.1900575,4.004422,-8.619681,-3.2721543,3.7202754,-16.223763,1.6419324,-0.4374263,-3.1061034,-5.9628725,-2.3555496,-7.5415206,-5.133127,-9.705846,4.0041533,-8.805965,2.0483925,-4.715332,0.09346715,-5.7274737,0.28954306,-0.768757,-1.154082,0.10092896,-3.689747,-7.468484,-4.638104,-5.6815233,-0.8709414,sad,07,03-01-04-01-01-02-07.wav
-531.40326,114.94204,9.598436,15.51083,9.429016,-8.867719,-10.2766695,-24.913002,-11.648621,-6.1248918,-12.932116,-8.700649,2.3335235,-12.551838,-3.1113467,3.2738543,-17.505344,-1.0518087,-4.2741957,-5.8279796,-8.030784,-3.7973778,-9.606728,-7.0547895,-9.825462,3.6109219,-11.015715,2.9420211,-4.699859,-3.8369763,-5.4755464,-3.281835,-3.3880255,-1.531339,-1.3073331,-5.010285,-4.951826,-4.9987955,-4.343162,3.163344,sad,07,03-01-04-01-02-01-07.wav
-450.47025,106.3013,-9.80746,20.862577,6.6701655,-23.276684,-9.437759,-23.120985,-17.555666,-6.018908,-13.876735,0.50897866,1.3223946,-15.511786,-6.580199,-1.1382122,-20.651587,1.3869797,-5.267899,-6.934617,-10.921821,-5.6024065,-9.334171,-7.242298,-10.051848,4.245723,-11.92178,0.9789078,-7.550958,-4.3969364,-6.4173017,-0.5564292,-1.0337814,-0.673291,-2.1487958,-3.2043302,-7.6570697,-4.2759686,-2.9894953,-0.32019818,sad,07,03-01-04-01-02-02-07.wav
-478.27515,110.673386,-12.044951,17.499258,14.073494,-33.132847,-23.783705,-10.562365,-28.492962,-9.570296,-16.147833,-9.064311,-5.019782,-14.421825,-11.491357,-3.2448645,-13.335656,-4.752066,-7.1528783,-4.030711,-16.432756,-1.7794096,-6.0739784,-9.9122095,-3.5025673,-1.0834136,-6.3699937,1.3203001,-0.056783874,-1.4196788,0.084638625,3.4949918,2.0600686,3.5966763,1.0905081,-2.0102086,0.7732943,1.9077225,4.0397515,4.690929,sad,07,03-01-04-02-01-01-07.wav
-471.75052,100.69111,-6.992259,16.675993,13.322846,-27.155529,-20.293447,-10.5418005,-22.406857,-4.6986446,-12.627927,-13.483324,-2.1080487,-9.624693,-8.9955845,-1.1527945,-13.555722,0.31267732,-1.5366575,-0.70143336,-5.488697,-2.6479535,0.37372938,-7.385353,3.804839,0.3479882,-0.2153214,6.2499204,3.692246,5.513869,3.6859548,7.002254,5.6701293,7.487898,4.2510877,4.3422093,5.6681023,9.4103365,9.97498,11.770109,sad,07,03-01-04-02-01-02-07.wav
-505.03174,71.52485,2.9515934,11.748588,8.852693,-5.4141426,-19.49097,-12.4821615,-14.803452,-8.958218,-11.884822,-9.044737,0.23084873,-8.57221,-5.484685,0.42124283,-12.489435,-1.7180679,0.18969253,-3.7147198,-6.277735,-3.0769374,-0.67980236,-7.0752344,-3.4998374,3.082569,-3.5181766,4.9801183,1.4356017,2.1694613,0.26482686,6.75213,5.206058,9.214749,8.615964,6.662984,5.774629,6.607528,7.6178966,7.869677,sad,07,03-01-04-02-02-01-07.wav
-443.83914,93.541885,-7.5622864,13.234151,16.540884,-22.583345,-28.922213,-12.908693,-30.906021,-8.122019,-13.3282385,-14.907413,-3.300402,-10.455654,-15.627586,-0.2929651,-18.011381,-1.434166,-0.51095283,-5.8864326,-9.7471695,-5.3974104,-4.387352,-10.842347,-2.378405,2.0916727,-5.235984,2.7528925,-1.2933719,-0.81230074,0.32693407,4.4443426,4.584212,6.1248736,2.3902745,-2.7979295,-1.3524861,-2.0397327,4.480243,6.6425285,sad,07,03-01-04-02-02-02-07.wav
-320.22342,82.770325,-20.875402,21.526997,3.0091321,-24.409534,-1.9905511,-20.745647,-14.527032,-0.080277756,-7.139545,-9.144412,8.778291,-11.513266,-8.647495,6.0644484,-17.7039,1.7481889,-5.3081555,-5.425281,-7.8292904,-1.3434552,-9.454238,0.1915982,-6.395794,3.841361,-5.556751,4.2582173,-1.6073067,-1.6888428,-0.5187208,0.056109563,0.42809013,8.628448,10.905725,13.443932,4.610953,6.7185245,1.0132805,8.369183,angry,07,03-01-05-01-01-01-07.wav
-255.53235,65.163956,-26.90526,16.824535,4.1032043,-32.720577,-7.494377,-13.590797,-11.527756,-0.15985301,-8.931018,-7.458658,3.8820019,-12.242572,-6.304967,1.5990058,-16.889395,-1.2885383,-4.471675,-2.893407,-7.2059493,1.0011021,-2.3210025,1.8976258,1.6055405,12.969979,8.010374,24.918814,16.045286,15.648324,6.772599,5.1358643,3.668829,8.761931,5.696002,6.664844,0.27580133,2.9331367,0.6695411,2.8190145,angry,07,03-01-05-01-01-02-07.wav
-441.55798,89.46529,1.0905501,25.520052,7.1911426,-13.919353,-6.032497,-18.364069,-11.694487,-1.2155732,-9.481225,-4.077879,9.021,-9.789007,-6.0291557,5.6654925,-16.840183,2.3400705,-0.9740859,-6.615758,-9.305357,-0.5870139,-13.488801,-4.2098913,-10.303983,1.3016094,-7.652185,-0.47687018,-2.4411438,-3.4008684,-5.631454,-3.0079474,-3.8637774,-0.9892614,-2.1807504,-4.4480963,-7.7767315,-6.561599,-8.093678,-1.5401655,angry,07,03-01-05-01-02-01-07.wav
-350.4789,81.22794,-6.6917706,25.37683,-2.421273,-23.153158,-9.450324,-20.587166,-9.960869,-5.2721043,-11.533955,-0.875232,-0.42238304,-11.462053,-5.8555865,-0.98867893,-19.723028,0.3413125,-6.2931867,-2.698384,-13.311011,-3.3620188,-9.056863,-9.669564,-6.0221543,-0.63464135,-9.596603,0.47184867,-4.6676836,-1.0039376,-0.77924097,3.2124403,-0.12301171,4.746637,1.524336,2.080409,-2.9412262,-2.2370932,-2.4557612,1.8492169,angry,07,03-01-05-01-02-02-07.wav
-231.57532,76.24039,-21.046572,21.242002,12.904302,-27.300686,-12.538875,-3.7155242,-16.430525,2.285694,-8.246646,-5.589568,3.0000927,-7.563671,-7.5631347,4.789579,-13.299579,0.57522094,-2.208083,-1.398889,-3.7674956,-2.1051319,-0.6111485,-2.623071,-1.0064566,11.168613,-2.3049796,12.915891,7.438186,6.028643,6.9396815,7.77904,2.7611227,10.147491,8.13786,9.3676605,3.8765612,3.7034717,3.0664053,5.8504386,angry,07,03-01-05-02-01-01-07.wav
-209.09055,57.106697,-26.843534,18.978617,7.5022764,-33.747852,-10.071295,-0.92765284,-16.525866,1.5893446,-9.203641,-5.6683693,1.2444965,-7.246051,-4.2359114,4.6963196,-10.254149,-1.558971,-2.0667157,-2.4831235,-5.4488616,1.7998452,0.57141143,0.5001788,1.5446289,9.429548,3.9604788,16.033401,9.353971,9.066974,10.376852,10.115581,5.87216,9.532785,7.348351,6.077148,3.0538554,1.3202981,0.79057515,3.495359,angry,07,03-01-05-02-01-02-07.wav
-159.45467,34.773113,-45.071472,3.9727092,-5.4171653,-39.226734,-11.745169,-18.648579,-27.218903,1.2385219,-14.758587,-9.398361,-2.3126385,-10.067251,-3.3241987,2.181273,-3.2359052,4.8097196,-0.10765384,2.4300272,3.9118102,9.40355,6.7827563,7.2349563,-2.5519395,6.435807,1.2856961,6.3195186,-0.18270415,4.994111,4.901206,9.179967,3.318722,3.4196777,1.6314646,6.009438,3.430263,3.1206772,-3.8653996,2.3844376,angry,07,03-01-05-02-02-01-07.wav
-207.98985,41.47434,-35.069546,9.0796585,2.319935,-31.370886,-10.426741,-12.179471,-26.666967,3.255915,-10.802396,-12.906296,-3.279049,-5.207522,-14.232653,-2.264891,-16.084425,-4.7658706,0.1834471,1.1211226,1.7516196,7.491398,-0.6024093,11.599581,6.553969,15.757147,12.419426,14.199323,5.0088744,9.428929,5.0111804,5.380914,-0.9840471,3.128551,2.1174085,6.419251,2.0097091,4.4064903,0.40634257,3.5563884,angry,07,03-01-05-02-02-02-07.wav
-546.40106,78.27882,-6.6343055,15.558421,8.458425,-9.960308,-10.911786,-19.339315,-13.606856,-2.15481,-7.988171,-9.105487,0.55772924,-5.286055,-8.190929,-1.0243984,-10.397934,-3.94898,-1.7372807,-6.139463,-10.650401,-4.6586866,-6.5677056,-3.2423668,-8.285029,2.1523612,-7.2774434,2.303754,-1.3601879,-2.588055,-2.0013342,3.8275337,2.9613972,6.4881234,9.114249,8.873967,8.954872,12.4763365,8.261584,11.575974,fearful,07,03-01-06-01-01-01-07.wav
-453.3089,90.69883,-15.268091,11.814892,4.755701,-25.320473,-22.783203,-21.573404,-23.408684,-7.123243,-14.223657,-13.1049385,-3.7707841,-22.083004,-5.5649695,-4.8596487,-19.661957,0.027161917,-12.3858795,-5.8180523,-14.397802,-5.47664,-7.0767884,-9.605084,-7.298318,1.5318421,-9.121811,0.010818445,-1.3717779,-0.21735558,2.0972762,13.151521,10.080904,16.716791,16.381275,11.866969,9.827922,8.008607,10.402841,11.418613,fearful,07,03-01-06-01-01-02-07.wav
-460.0881,94.17218,-3.0898209,18.102612,9.010713,-19.609617,-25.333155,-17.793346,-19.543224,-12.61614,-8.288078,-7.7831044,-2.7489042,-14.827877,-3.5300272,-3.1445312,-15.844269,2.974151,-4.5139184,-1.6204063,-15.539262,-4.4705453,-6.9843764,-9.319175,-5.048242,-1.9242855,-3.5778039,-2.628819,-3.1465335,-4.205179,-10.200531,-0.356805,-3.4593434,6.792686,8.376637,11.31151,7.5353565,9.651615,10.4592705,16.485474,fearful,07,03-01-06-01-02-01-07.wav
-460.57034,82.00267,1.5635059,11.125789,1.165588,-21.497738,-22.737236,-26.072166,-18.045477,-16.211441,-16.815075,-5.6255317,-9.325888,-11.946436,-9.024457,-9.560262,-14.580648,-4.693502,-10.329854,-5.2406373,-19.739231,-5.2919035,-8.824971,-12.15104,-10.671197,-4.556237,-11.942087,-6.8692436,-7.0510435,-6.878662,-8.367615,2.3140373,-2.0259745,6.0596237,5.627358,7.706124,3.4617217,8.858895,9.518836,12.267467,fearful,07,03-01-06-01-02-02-07.wav
-296.60876,58.892605,-34.38385,-2.6734645,-6.0559673,-40.62988,-25.005867,-23.58679,-24.04812,-18.27621,-16.957499,-7.7676163,-6.9304986,-8.172789,-1.8585995,-3.50412,-9.788046,3.922729,-3.96621,9.964634,10.429805,21.741962,22.820917,13.054246,1.8089845,6.39575,-0.85333794,9.0408125,9.010731,3.8837328,-1.2195976,8.648266,1.789578,8.563229,1.8911413,0.16575426,-4.429945,1.3999623,5.5995317,9.30837,fearful,07,03-01-06-02-01-01-07.wav
-345.1857,62.765625,-24.617926,2.8838928,-9.4854,-41.922955,-19.014818,-8.49693,-22.843584,-16.772873,-8.735777,-17.24467,-10.7851715,-3.437024,-12.698446,-3.2704005,-10.51031,-2.0820522,6.1687536,4.402576,2.0661716,5.846626,2.156337,7.379327,12.342865,29.121855,14.612139,16.178337,2.4475636,2.409671,3.7861063,6.7637014,1.1914682,2.9044719,2.3985655,5.0108104,2.7525616,4.6601377,7.835332,8.569437,fearful,07,03-01-06-02-01-02-07.wav
-220.47282,40.01729,-35.22682,-3.9492757,-6.3779798,-46.254337,-27.679861,-29.776463,-25.12379,-15.436634,-18.478912,-5.4126215,-10.251656,-12.029524,-9.574022,-1.817992,-9.801287,9.686903,3.3360834,13.76331,7.4396677,15.64599,1.6139289,-4.3151026,0.52849877,8.337671,2.1870177,3.679023,-1.6998422,-0.7774891,-1.1631477,5.0488377,-3.8830786,0.90127957,-0.21337748,4.1331177,-0.2727055,6.0922356,7.9115505,10.307182,fearful,07,03-01-06-02-02-01-07.wav
-251.7836,42.484447,-37.0872,-7.356434,-12.981398,-41.479057,-24.386421,-30.465357,-20.818785,-11.862115,-16.489645,-4.3239207,-9.274851,-8.323895,-2.4221902,-7.23321,-7.7853303,14.779178,10.639829,22.575312,14.676078,13.725089,1.3949374,0.07467574,1.3084817,14.976927,-0.8079458,2.0368268,-2.6580467,5.3672733,2.58146,4.1115594,-2.2568448,1.1756548,5.7945414,7.5857096,-1.374777,4.3268356,8.489977,6.8633504,fearful,07,03-01-06-02-02-02-07.wav
-480.06488,94.11317,10.2918,21.906357,5.071523,-21.530975,-15.693322,-9.129558,-4.5253086,-10.497051,-4.232164,-4.262402,-4.6420565,-3.5332296,1.8972161,-7.470725,-10.496857,0.79318553,-7.1263504,-0.60977626,-15.149054,-0.11539129,-9.830401,-7.732153,-5.013769,0.52182394,-6.1307487,-1.802626,-3.848949,-6.519764,-5.746245,-0.37149155,-5.1530914,-1.6389914,-4.7962036,-5.499072,-6.683591,-1.6532338,-3.4101746,1.3328686,disgust,07,03-01-07-01-01-01-07.wav
-470.4176,97.795425,0.7648506,25.649252,6.120954,-24.423662,-16.389755,-7.919875,-2.5184786,-10.125599,-3.7001047,-6.0812345,-1.5689014,-9.352668,3.125892,-5.7622905,-10.03029,1.0432459,-7.9992757,-1.1747782,-14.049278,-2.044815,-7.486973,-6.9222755,-4.85204,-2.5510933,-8.18776,0.26730612,-8.036542,-4.7198863,-7.109581,-2.0593157,-5.074904,-1.6831388,-2.7814713,-5.3717737,-5.707371,-0.013937165,-1.7587154,2.372616,disgust,07,03-01-07-01-01-02-07.wav
-515.2825,107.81286,15.029586,16.858051,12.49986,-8.109289,-18.952785,-13.898862,-1.5869598,-8.757007,-5.674955,-3.2634401,1.26519,-5.636092,2.6155393,-0.63135564,-10.058395,-1.9053067,-1.6634432,-2.2594914,-11.908273,-5.7389917,-4.577328,-8.337465,-3.991101,1.6798353,-7.2893386,-0.42021212,-5.9905376,-3.468688,-7.3625937,0.30649912,-4.6316614,0.6496741,-7.080636,-4.0980787,-9.268929,-2.7959836,-1.8357928,2.9241467,disgust,07,03-01-07-01-02-01-07.wav
-453.9022,82.38245,8.792476,21.589706,6.356621,-28.261772,-15.282035,-8.563811,-8.929967,-17.21511,-5.559202,-8.047756,-3.7388728,-4.495028,-6.904403,-1.1880491,-11.482141,-5.431339,-2.7597375,-3.5453029,-15.3256,0.053326804,-11.295998,-4.7402463,-8.922165,0.4847885,-8.973481,0.22049469,-8.852678,-2.9279315,-7.942407,0.07482514,-0.5808159,-2.6675258,-3.6125805,-4.654336,-5.3004775,-1.4352766,-3.4741325,-1.897985,disgust,07,03-01-07-01-02-02-07.wav
-364.2944,77.65233,0.9306858,28.60702,-4.2716947,-34.968407,-5.0291014,-1.5953597,-19.167986,-10.492342,-5.0947423,-9.247846,-5.5194674,-4.183275,-10.496978,2.9894612,-13.614759,-1.7284018,-3.8840303,-6.333989,-11.076522,-2.5135095,-11.08871,-6.058025,-3.1277447,-0.7946998,-3.5822606,4.370384,-2.8489857,-0.21696652,-4.273355,2.617382,3.239023,6.1433396,5.6905622,4.341446,0.16313933,5.977147,4.029681,6.07359,disgust,07,03-01-07-02-01-01-07.wav
-426.87686,78.01101,10.605374,32.52927,6.933184,-20.454676,-7.7638454,4.932973,-7.7389345,-7.8808017,3.4868872,-5.7152658,-3.10529,2.4074836,-4.8441224,2.5257723,-6.7738724,-1.1304486,-0.27258545,-2.8420327,-7.916349,-0.366189,-5.269853,-4.143862,-3.4090328,1.5405952,-7.064746,2.51543,-2.1962807,-2.871774,-1.5403215,1.144756,-1.2636983,0.6978854,-0.17999503,-1.6263913,-2.9062889,-0.52883935,-0.28755704,3.6794171,disgust,07,03-01-07-02-01-02-07.wav
-433.92,78.47181,17.294437,26.843054,2.6736634,-25.915434,-12.11418,-1.5880522,-11.3499155,-14.283324,-2.2225218,-8.210851,-8.503988,-3.00787,-7.4584374,0.53136045,-11.21288,-1.4769698,-5.2717557,-5.3137593,-9.255187,-2.1656814,-9.31797,-7.238661,-5.882592,-0.3360825,-9.69451,1.4072503,-7.372556,-2.9389343,-3.730762,0.37528417,-0.049916048,0.346583,-2.4342833,-1.5485799,-5.3692102,-1.3042781,-0.45734313,0.2695352,disgust,07,03-01-07-02-02-01-07.wav
-443.1537,69.29437,22.474855,19.860476,1.3223691,-22.881273,-10.788224,-3.7551806,-15.383565,-14.506679,-3.1334867,-8.721164,-5.4943123,-2.8082674,-9.548375,1.2488471,-12.294471,-1.5495588,-4.5542755,-8.693135,-9.340022,-1.804423,-10.2038555,-5.827071,-6.4956884,-1.1982644,-7.3639917,1.9018385,-6.0000114,-1.9147724,-3.9991663,2.350145,3.073912,3.2770975,0.5451639,-0.81386095,-3.1091747,-0.8029301,0.8627879,2.0529346,disgust,07,03-01-07-02-02-02-07.wav
-430.43155,102.81552,-0.35411718,20.168125,8.104607,-23.66309,-12.121953,-21.119064,-4.0322866,-7.7160864,-14.694905,-3.9070253,-5.8602266,-13.753087,-2.213823,-5.1222334,-15.825571,3.3815114,-11.389557,-5.5595016,-10.116214,-4.22113,-6.562225,-8.491651,-7.6107597,1.9767537,-9.404145,3.1413054,-5.857682,-0.605005,-3.6854208,6.0871854,3.0699775,3.8085017,1.1999832,0.16368979,-3.5435822,0.15087983,0.7567268,4.9749994,surprised,07,03-01-08-01-01-01-07.wav
-415.65588,100.520424,6.534229,20.67703,4.174756,-24.772655,-13.74795,-12.317719,-5.256849,-11.083933,-10.483393,-3.9028947,-5.414152,-8.300966,0.58512145,-7.994973,-12.494589,3.1030452,-11.623642,-0.2824666,-15.521439,-0.97381055,-11.885873,-8.306826,-6.5403337,-0.39078203,-9.191304,0.48891482,-4.095838,-4.273798,-3.0045764,1.5220767,-0.03742175,2.5742862,1.5236576,0.25130892,-6.8077936,0.6388809,-1.8405101,3.8369272,surprised,07,03-01-08-01-01-02-07.wav
-426.68857,101.89506,8.209677,18.10225,5.0215373,-25.71502,-14.793771,-18.048258,-3.3317888,-10.39549,-12.244295,0.84769773,-1.8754807,-11.851924,-2.4222403,-4.091888,-15.819592,5.623108,-10.026392,-2.9895234,-11.923242,-5.060791,-8.456761,-11.987214,-5.0346203,0.7900288,-8.083167,0.97529656,-6.4645224,-2.9197145,-7.252223,2.5795782,-4.974616,2.6247275,-0.7710059,-2.4545002,-7.469285,-1.501689,-2.9941046,3.211176,surprised,07,03-01-08-01-02-01-07.wav
-423.2845,103.42678,3.175398,22.058743,8.839688,-28.667923,-10.920855,-22.022541,-5.1281667,-10.515912,-14.687854,-0.4433086,-2.8901973,-12.548066,-0.7933133,-3.7827535,-12.538106,5.936817,-9.950684,-0.8713641,-13.554205,-4.0046654,-7.673111,-10.917883,-6.441681,-0.45214915,-7.1776495,-1.2589766,-5.7468457,-2.8402767,-8.901004,0.61680704,-4.9006796,-0.5125451,-1.6894567,-3.9232645,-8.743631,-2.968612,-3.7819855,1.2295954,surprised,07,03-01-08-01-02-02-07.wav
-335.4272,75.61118,-1.0681654,12.484622,-1.1497123,-19.817091,-15.265853,-11.54065,-12.961119,-5.8944306,-10.988521,-8.417552,-6.0114284,-12.675958,-9.383461,-1.9871894,-11.4819975,0.05896567,-5.789286,-5.809412,-4.9212794,2.5641468,-2.1795568,7.7949467,3.602303,8.489205,2.6016724,6.746719,4.1679387,7.957045,7.1417046,8.292969,6.4375296,10.145118,6.035466,4.6337075,-1.082155,2.4206138,1.1230823,6.597704,surprised,07,03-01-08-02-01-01-07.wav
-397.3858,84.83582,8.882217,18.841518,7.12647,-25.233307,-14.4388895,-13.5538645,-9.960099,-10.060889,-11.474874,-5.0950217,-7.1718793,-9.907725,-5.039165,-7.226486,-11.819323,3.48399,-11.268281,-1.2743888,-13.0191555,0.38864934,-6.9595876,-7.1901646,-5.078117,1.252099,-7.1293626,2.7667499,0.5878968,-0.028851261,0.5429839,6.797409,0.6494925,4.9692917,-0.4392443,-3.623691,-5.477737,0.8004183,0.7415002,4.2941775,surprised,07,03-01-08-02-01-02-07.wav
-318.3492,72.40834,-3.0207329,11.374715,-3.5999024,-27.444519,-19.418991,-20.877655,-14.687561,-12.612694,-19.928116,-6.8498774,-11.826904,-14.923494,-5.101145,-11.713194,-15.272841,4.540746,-6.57344,6.25981,-0.41420627,2.3329256,-0.7791265,-1.9707085,1.3717793,10.802758,5.4496827,11.838074,6.3294897,5.7494755,1.73115,5.961928,-0.39571553,5.3372955,4.0517154,3.8255181,-0.18585953,4.4470506,3.5776372,7.0004888,surprised,07,03-01-08-02-02-01-07.wav
-371.43256,84.19359,6.7645936,17.82729,-0.83344895,-27.117126,-17.166803,-16.74406,-10.80901,-11.1189995,-17.474314,-1.7646554,-7.300103,-14.620069,-4.783949,-5.755061,-17.055206,2.334547,-11.4526,-3.089513,-17.555014,-3.628005,-7.734421,-8.726634,-4.342738,2.0592525,-7.579552,0.87538993,-0.67263985,-3.1543086,0.8893356,6.511181,2.5177345,6.5328283,3.5725207,3.75903,-2.1315587,4.330083,2.8198922,5.607381,surprised,07,03-01-08-02-02-02-07.wav
-494.91907,98.76195,-15.114718,21.858345,-5.6928673,-16.527882,-0.117885135,-32.833027,-4.1399527,-14.883374,-2.9473104,-14.762001,-7.438202,-0.09229754,-10.178322,-6.802177,-7.4343185,-0.33470488,-7.0535436,0.59883064,-8.963185,0.69890285,-7.3375793,2.412205,-2.3631885,2.4655516,5.107084,4.567623,5.367416,4.3311725,1.6033624,2.9604466,5.6258335,13.292029,11.453995,11.006261,6.578913,11.584197,7.261634,7.0826616,neutral,08,03-01-01-01-01-01-08.wav
-511.14957,102.263535,-16.682108,26.09452,-6.01721,-15.516649,0.032621488,-26.14682,-6.182514,-13.255398,-4.2345996,-10.95322,-6.8762226,-2.032899,-10.565658,-9.507085,-7.277688,-0.4869932,-4.7746997,-3.0304327,-4.6412263,-4.7851467,-4.783543,0.85753745,-2.9967172,-0.5586688,0.56882745,3.0047927,6.707689,7.459014,5.7751565,3.2074034,4.333362,8.77025,8.685879,13.098304,8.24844,10.453592,2.2386622,7.961078,neutral,08,03-01-01-01-01-02-08.wav
-498.7226,98.09056,-8.374052,20.928469,-7.0661497,-13.005191,-6.204741,-28.83305,-11.46542,-13.761482,-6.150126,-13.985628,-7.2581444,-6.683548,-13.529975,-7.9752307,-9.054049,1.022775,-6.8231225,-3.897644,-6.9886847,-3.1963031,-6.523106,4.416224,-4.864047,0.644256,-1.8671081,-0.5725641,-1.0783699,4.708856,7.115982,14.1014595,13.388556,16.5985,10.988278,8.385647,1.177329,5.6053567,3.505758,9.841848,neutral,08,03-01-01-01-02-01-08.wav
-491.83066,100.993996,-10.408683,23.285454,-8.164248,-10.96153,-7.635786,-25.531868,-12.383236,-11.661528,-2.4508984,-9.729993,-3.9238892,-6.387106,-13.163957,-7.844533,-8.446157,2.4808571,-7.7466083,-1.7313908,-6.3925953,-4.9052877,-5.3598957,3.8216157,-3.1935499,-0.55164105,-3.5765338,-0.12103788,-1.039452,2.3218837,0.87202024,5.1038938,7.656759,12.533651,10.616861,9.541999,6.3830485,9.514507,4.393866,10.304747,neutral,08,03-01-01-01-02-02-08.wav
-535.6624,108.53404,-8.272574,23.022017,-3.2292442,-11.269829,-1.4908668,-24.304504,-9.534404,-11.799249,-3.2606573,-16.466951,-5.6466637,-8.281783,-6.984468,-9.8093,-11.3364,-2.3563378,-5.5632286,0.054752097,-4.4195633,-1.5870676,-5.0606966,2.3077905,-7.7336183,2.047149,-0.8608247,3.0849552,2.6782246,7.431324,-1.3911269,3.4603534,2.0996037,11.434509,14.339219,17.320225,8.32274,8.106398,2.8835294,5.657318,calm,08,03-01-02-01-01-01-08.wav
-540.8563,98.49354,-7.2002673,20.273846,-4.5130024,-6.3401055,-2.5104442,-21.364817,-8.368981,-9.507955,-5.2641954,-18.896229,-3.8419821,-4.346217,-9.038525,-8.355466,-12.058432,-2.2364001,-5.4475236,1.1338676,-4.886404,-3.2241027,-6.7347507,3.161446,-7.1962404,1.7488086,-1.6947563,2.4012377,3.154762,6.9434724,4.2285304,9.713226,11.724842,16.232294,16.857624,15.83644,8.558453,6.0658712,3.171588,5.6406145,calm,08,03-01-02-01-01-02-08.wav
-519.39343,85.054115,9.157164,21.890625,-3.7531478,-3.5339391,-2.3488674,-26.324501,-9.729484,-8.194654,-4.4221435,-15.46143,-2.0596943,-6.2370157,-10.216215,-8.287189,-9.797678,-0.7726846,-4.9862266,-0.3000875,-4.835825,-4.1930695,-5.0984516,3.1130688,-7.0137725,-0.30996975,-4.812578,-3.9466217,-1.9265875,5.356083,3.4431238,11.027313,8.839988,11.058903,8.792761,11.655257,8.506132,10.666197,5.6531405,6.1054797,calm,08,03-01-02-01-02-01-08.wav
-542.3495,90.41431,-4.742982,24.17182,-0.88583285,-11.389644,-0.6988732,-27.162165,-7.84852,-11.5790615,-1.1903634,-16.922596,-2.3293958,-5.269562,-9.6082535,-5.7763677,-7.727804,-0.37915945,-6.291103,-1.005325,-7.813935,-3.115979,-6.7206516,5.471845,-6.8683133,1.050171,-3.9889855,-0.86237293,-1.4331172,9.454551,7.7287307,17.602102,15.59367,22.28326,13.182689,13.574058,5.646559,8.077039,4.239681,4.2026896,calm,08,03-01-02-01-02-02-08.wav
-554.3277,99.80984,-6.7391195,24.678205,-0.89238036,-10.058658,0.120585635,-16.3149,-10.153325,-9.514871,-2.2530906,-19.508656,-4.2228518,-6.4297805,-5.6388164,-8.66072,-8.156235,-1.1953107,-2.6998239,-2.4452672,-6.5842967,-1.0116171,-3.9007275,2.3366802,-6.0534067,3.3153684,-3.0475044,4.617385,2.378732,7.2397733,-0.5540095,2.5086386,3.4547408,9.58415,9.850417,15.360678,11.031086,9.366467,2.686448,5.5069304,calm,08,03-01-02-02-01-01-08.wav
-561.9811,92.54692,-0.88960254,19.338709,-2.984359,-6.1679487,3.041083,-18.416832,-8.479983,-11.267091,-2.8704305,-19.974354,-6.4802623,-9.340004,-4.3233285,-11.3180275,-9.165281,-1.624707,-2.9917414,-0.6081193,-7.2000856,-1.937343,-3.7755284,-1.907739,-7.345149,1.2100859,-3.9288578,1.1660262,-0.5309475,5.8945775,0.19385329,5.1600657,7.9870844,15.294452,14.943638,16.990898,10.576617,9.573422,6.1112084,5.1739817,calm,08,03-01-02-02-01-02-08.wav
-561.2901,86.007965,7.19837,21.994806,-2.7633145,-1.9281423,0.81846684,-18.74663,-12.036051,-10.442757,-4.3303456,-15.868732,-6.1788993,-6.2976837,-10.451434,-10.817143,-7.715381,-1.7893075,-3.4800003,-2.6161582,-6.737863,-3.39892,-3.5383232,1.9571888,-7.925056,0.42040116,-3.9925537,1.8996165,0.20962048,9.739171,4.1126885,10.69488,8.926452,16.944897,11.781455,13.792041,8.657651,8.102613,3.325631,3.6757379,calm,08,03-01-02-02-02-01-08.wav
-555.3112,83.55978,-2.15125,20.899336,-3.822663,-4.002803,-1.9526302,-19.783411,-4.550572,-10.567665,-3.8827758,-20.104996,-5.9350615,-6.5518923,-6.5532575,-10.304841,-10.374819,-3.3482766,-1.9986258,-1.2245008,-5.73781,-3.7995672,-6.709176,1.8876383,-7.179595,-0.42844728,-3.4313624,-1.1099116,-1.970123,5.9321423,1.9624288,9.424729,11.872319,18.136473,14.299601,17.496029,11.934065,9.957294,6.532675,5.041923,calm,08,03-01-02-02-02-02-08.wav
-447.8335,105.183304,-38.16109,17.438679,-3.6277065,-17.691628,-4.9230013,-25.691303,-3.9487216,-11.251727,-5.7261,-12.158787,-9.095452,-4.4877806,-8.823156,-9.761696,-11.089362,-3.019562,-7.3770432,-0.3200874,-5.830507,0.6435192,-1.5138091,6.839184,3.4768996,7.2846,2.582653,5.6592956,3.7340841,6.298652,3.5329838,8.756868,7.3159094,11.241476,5.421129,5.7207265,4.619329,8.381956,5.8467703,8.588098,happy,08,03-01-03-01-01-01-08.wav
-450.40762,101.389206,-35.53305,22.105146,0.034075115,-18.867077,-9.787918,-23.895926,-6.040194,-11.589154,-5.3821063,-12.853055,-9.222092,-5.3390718,-8.652896,-12.92667,-11.096332,-2.9901726,-10.2267,-2.5037286,-7.2155037,-2.449239,-3.0805876,4.6773252,-3.8813906,1.6413292,-3.021566,4.049222,0.6100472,5.162023,0.7645005,6.758413,6.777803,9.794914,6.1751738,5.281424,-0.10351181,4.8083572,8.559659,13.045751,happy,08,03-01-03-01-01-02-08.wav
-460.1209,99.2481,-21.752626,19.664356,1.4808903,-20.655807,-7.831484,-28.216642,-9.513198,-13.631538,-11.231205,-11.113069,-11.219046,-3.7038713,-8.698978,-12.847654,-11.948204,-1.2474555,-13.776184,-0.20281543,-5.7624855,-4.0502954,-4.2447333,1.6176246,-7.333988,-1.6703304,-3.656411,6.949048,5.6218057,15.036111,6.844017,9.647938,3.8336487,7.1353593,9.032026,10.60381,6.6270494,4.058243,1.4139061,6.7997317,happy,08,03-01-03-01-02-01-08.wav
-429.86835,91.82936,-31.045017,15.682574,0.20109186,-22.33016,-15.318415,-29.43613,-10.301686,-15.970007,-9.269533,-7.8823957,-10.063224,-4.6890893,-8.987226,-11.750942,-10.3182535,-2.3568358,-10.029578,0.8803545,-4.9435825,-4.0933948,-6.102397,0.31608096,-4.9731293,1.7852155,2.2493098,11.478923,8.039157,11.334841,-0.3752165,6.683147,6.012489,12.550779,8.90728,6.404675,1.8614335,4.484466,6.8536296,9.2169,happy,08,03-01-03-01-02-02-08.wav
-367.67953,86.26066,-47.19545,12.795979,-3.604732,-27.638702,-1.5773659,-23.851582,-6.3567657,-15.044534,-13.927088,-7.0220237,-11.58308,-3.8205867,-8.728698,-9.787673,-10.165519,-2.6472232,-9.234185,2.775467,2.9804223,7.6546993,12.756918,23.610508,9.874854,9.8570595,4.438452,10.248051,10.568218,11.356688,2.0420277,2.6970222,4.0677342,13.088771,9.602598,5.884949,1.3968079,2.6669247,3.9320781,6.6661396,happy,08,03-01-03-02-01-01-08.wav
-375.0326,85.93431,-45.97654,21.711393,-3.649168,-20.056665,3.7726943,-16.850067,-5.1811585,-11.58134,-12.594357,-5.695709,-11.059733,-1.1541485,-6.380879,-9.815672,-6.844141,-3.705676,-6.2569594,1.7480621,0.5469137,3.4823942,5.8210917,15.772277,8.948446,10.767722,6.942622,11.435845,4.5678344,10.615676,4.526085,10.540587,8.745609,10.7852335,5.9923534,5.879427,4.5762115,7.273136,6.5596094,9.570755,happy,08,03-01-03-02-01-02-08.wav
-360.36847,66.67681,-49.135033,12.135785,-3.8084219,-28.997847,-6.0824575,-28.2853,-9.663189,-15.728635,-17.852318,-6.20323,-14.681731,-7.060607,-8.507168,-12.200255,-9.518497,-1.9329442,-10.457209,-1.7068467,-3.3189483,-1.1023005,3.5978405,19.95738,21.066614,25.190344,19.671663,15.339439,6.1570554,9.51757,5.791462,10.327637,5.2363663,6.2226567,1.955029,3.7366035,2.7870417,2.57822,-1.329612,2.7641325,happy,08,03-01-03-02-02-01-08.wav
-390.67688,75.60173,-40.700665,10.190033,-3.080868,-29.875704,-9.815645,-28.098536,-11.309152,-14.078978,-20.445211,-8.707478,-18.672907,-7.8389497,-9.911829,-11.585381,-9.87543,-6.0023003,-10.830462,-2.5517223,-3.2624676,0.12216207,6.879707,18.799204,17.746925,18.434464,10.405578,11.489084,4.037925,8.776122,2.1188264,8.140792,4.731548,7.3984013,2.1356652,2.2323005,1.1551245,2.1615198,-0.5497982,1.970407,happy,08,03-01-03-02-02-02-08.wav
-597.82837,81.12425,5.9749,20.284084,7.545446,-6.501754,-4.5868006,-16.293404,-8.560125,-10.60739,-4.478863,-17.344952,-0.7960852,-6.203112,-3.8542511,-7.052807,-8.86744,0.031605568,-2.9654355,2.1592886,-1.3715974,-1.7355844,-3.7385871,5.086502,0.40610132,5.4019322,0.18432923,7.11583,3.684494,11.701774,7.70489,13.949411,15.307749,14.52725,10.728369,6.3725843,1.4157503,2.954462,1.8560854,4.639571,sad,08,03-01-04-01-01-01-08.wav
-571.6881,97.872185,-3.0430562,23.221174,2.9291847,-8.524623,-4.1765404,-21.081987,-6.7460136,-14.387113,-4.076259,-13.997478,-2.0673194,-3.964626,-6.0617194,-6.5009427,-5.326279,-2.0339625,-2.9533865,1.1373465,-7.026926,1.0373856,-7.2633815,3.2968528,-5.8878593,-1.3342336,-2.422363,1.7254899,-1.2290608,4.831885,-3.3809733,3.172011,4.6183586,12.774733,16.006207,20.428148,12.454805,8.219292,4.7194977,4.175758,sad,08,03-01-04-01-01-02-08.wav
-548.2448,85.7399,5.8201694,17.837233,1.0979794,-8.574153,-4.055071,-28.496523,-11.617775,-7.3257103,-8.29424,-12.291567,-6.429795,-3.7485461,-6.5699143,-7.478913,-7.450797,-2.7345634,-9.705855,-0.18995766,-6.2483892,-0.096988566,-8.428854,9.117181,-3.1604886,3.2588573,-2.3169153,3.2926474,5.3357635,13.723739,11.572979,21.442116,16.664452,19.497612,6.815186,7.98732,1.0606999,1.866397,1.5736771,5.3279133,sad,08,03-01-04-01-02-01-08.wav
-539.8456,88.74729,3.3344898,19.01357,-1.6924644,-9.56066,-5.279285,-23.108631,-12.503223,-8.071719,-0.5007883,-19.961054,-1.876948,-7.44749,-6.5956583,-7.9423494,-9.06199,1.7028595,-4.148745,-3.0652487,-6.482582,1.1756415,-8.599907,9.737531,-2.3349698,2.5629554,-3.1120064,1.5958389,-0.8315002,6.351818,0.13923824,14.739143,16.584991,24.67751,18.725018,16.123672,3.4422555,2.0463688,-1.7541646,6.238044,sad,08,03-01-04-01-02-02-08.wav
-505.62848,98.06294,-15.281669,16.538248,3.2072814,-22.333042,-5.9336395,-31.109465,-11.507475,-6.09082,-19.190985,-9.504459,-10.579718,-7.489398,-8.270303,-13.071385,-11.5248165,2.384506,-1.9522837,3.3401313,2.6681705,2.3436306,-0.026025556,11.216338,11.175579,19.51184,16.162052,18.731733,13.459321,8.18546,3.0544796,4.0137863,2.9228537,4.6174164,0.731055,3.8062112,-0.81218755,-1.0391849,-1.4843545,2.4885309,sad,08,03-01-04-02-01-01-08.wav
-593.26495,73.81271,-6.9683414,16.117582,8.900129,-9.406812,-3.532336,-23.914438,-10.001348,2.2021084,-10.069555,-7.688348,-2.575151,-0.8093659,-1.121848,-3.30715,-6.0328016,4.4608984,1.975066,6.211602,5.5841117,6.0228186,5.130086,13.052605,9.353994,9.55573,4.58681,9.593597,7.3093004,5.40144,3.4765909,3.049301,0.6942203,3.171036,1.2908684,2.6300824,0.33780313,0.44833976,-1.7308658,-1.0595978,sad,08,03-01-04-02-01-02-08.wav
-495.41968,91.70166,-17.698648,12.5996475,0.86669797,-19.714462,-9.191285,-31.585503,-16.789093,0.0017626286,-20.967207,-9.082889,-9.1994505,-3.6718142,-6.9203134,-11.537448,-10.643589,2.0161052,-6.082397,-0.4110251,4.520282,6.398244,4.3678737,14.0776,11.608432,18.240229,14.853929,15.930249,9.24697,8.410712,1.843422,5.652302,2.3102994,4.451072,-4.010387,0.90521544,-0.37737104,0.8772389,-4.647261,-4.156021,sad,08,03-01-04-02-02-01-08.wav
-596.98114,81.59706,-1.5807389,14.958565,9.090155,-3.3678596,-3.0846078,-27.504078,-10.501605,7.9112086,-9.445865,-6.3487973,-3.210241,2.2334595,0.848534,-3.761796,-7.055523,5.253835,0.4859247,4.5461884,4.8348017,6.124933,6.8140883,12.532975,10.209223,12.296617,6.6163163,9.147747,5.622316,4.558768,2.393562,3.3594952,2.40144,3.9493232,1.6304783,1.9182688,1.4804322,1.0508839,-2.9227757,0.25330427,sad,08,03-01-04-02-02-02-08.wav
-368.596,93.47322,-22.414236,12.6796465,-13.106958,-15.406748,8.533112,-23.607998,-9.785053,-12.5087185,-9.69059,-10.799431,-10.660082,-0.2798543,-7.932741,-8.555498,-3.0323052,-7.545858,-7.06584,-0.6010241,-8.464265,1.1134992,1.8378054,9.779333,5.3887925,8.64177,5.114242,10.275586,8.333441,16.492157,11.202196,15.14577,10.265569,9.667586,3.1808295,2.6465912,0.37817845,6.033511,3.664435,4.1696463,angry,08,03-01-05-01-01-01-08.wav
-374.22388,93.07863,-9.976562,20.619194,-18.593409,-15.978199,10.500467,-15.828773,-8.17446,-15.846514,-8.807897,-10.132604,-7.938059,-0.9860087,-10.821255,-7.9747424,-5.441342,-6.229235,-6.763888,-0.5327887,-6.3893404,-0.28755322,-0.47787172,3.4101877,-0.5570552,2.186096,6.5053515,12.913458,9.814487,10.366494,-0.18696979,2.963902,6.5800405,16.592577,14.164824,11.014144,2.4809515,2.9985535,0.5750301,4.524396,angry,08,03-01-05-01-01-02-08.wav
-391.01648,83.51783,2.270635,15.158916,-14.916897,-17.01404,7.075,-23.470074,-15.78693,-17.815632,-12.650724,-11.268632,-7.861719,-6.0898967,-10.6611805,-7.430454,-6.6872897,-6.5730257,-8.957853,-1.4127792,-10.337085,-4.597186,-7.5850973,-1.8496971,-5.0268993,-2.143268,-1.1288878,5.823378,6.773341,10.369242,2.4474719,3.0983243,-0.84028774,8.742091,11.10229,14.631829,9.405814,9.152792,0.8886589,4.4079604,angry,08,03-01-05-01-02-01-08.wav
-385.36502,78.487335,2.3527315,14.021113,-15.220381,-19.310968,5.611428,-22.408033,-16.66031,-15.360586,-14.638169,-13.495544,-10.914481,-5.070118,-15.376156,-5.551858,-7.554073,-8.496496,-7.701313,-2.6509817,-11.381601,-5.1997604,-7.866259,-1.5314465,0.068155885,4.715588,2.080772,6.6793528,6.6376324,9.739615,4.329873,11.917448,7.4488173,14.249931,6.696752,8.798835,3.4062176,3.33404,0.67036265,4.282697,angry,08,03-01-05-01-02-02-08.wav
-307.6773,80.92386,-30.970163,9.455192,-21.792814,-20.493181,11.24134,-20.03368,-11.726734,-10.33988,-9.424625,-7.3982224,-9.861973,-2.6961312,-7.5926075,-5.925236,-4.0364285,-1.9883598,0.48986998,12.174293,9.206402,14.141804,9.437062,13.600328,9.565164,12.248051,8.002304,11.482038,6.6322513,8.52927,1.6454141,5.3873363,3.5365539,7.5517726,3.0362415,4.8991346,1.044294,5.113788,1.5779274,3.0814202,angry,08,03-01-05-02-01-01-08.wav
-206.34799,58.502045,-44.376896,11.779138,-28.021004,-24.262722,10.30152,-15.62936,-12.948355,-11.238671,-11.220286,-8.270211,-13.25506,-7.819475,-12.17641,-3.6458502,5.208767,5.2863407,5.9184537,15.330112,11.514662,17.700329,15.133358,13.376333,4.8389354,6.69078,1.3561783,10.470466,3.1794071,3.0341232,1.4279046,5.679269,3.3786564,5.7412376,1.819806,5.7228203,2.5998876,0.93796617,-2.5337956,5.57148,angry,08,03-01-05-02-01-02-08.wav
-294.6705,60.259575,-17.735222,2.6954124,-25.256176,-22.31022,8.191625,-31.733267,-12.215533,-17.491768,-10.813546,-8.678974,-10.391079,-3.8715835,-13.261648,-12.057957,-9.925272,-6.832537,-8.263702,6.559923,0.3298143,11.89229,10.840573,14.284736,7.5374045,11.492305,13.925289,18.865692,14.708711,8.515526,-4.4265575,-0.07091513,0.8978425,8.104302,3.258374,3.2099135,-3.218124,-1.2357372,0.6881363,5.322689,angry,08,03-01-05-02-02-01-08.wav
-285.93448,65.7778,-21.133743,9.734583,-23.855757,-25.173426,11.983507,-29.869463,-13.996584,-17.965176,-13.001488,-8.247684,-9.513194,-8.48249,-10.398815,-10.146737,-4.9287004,-3.3329597,-0.74485534,11.00376,4.113396,10.340922,8.394947,12.964001,5.0478697,8.225441,6.188493,8.005612,6.4063435,4.4740953,-1.5128168,3.4917593,1.0781362,6.781772,4.2670083,1.1708577,-1.4899393,3.1834102,2.255405,4.8130803,angry,08,03-01-05-02-02-02-08.wav
-403.07547,72.91972,-33.044506,7.8998284,-1.6987598,-16.861261,1.6839818,-28.043589,-7.613376,-10.619296,-15.268198,-10.87608,-9.01106,-3.0700526,-6.1881576,-6.329037,-10.836609,2.7138777,2.2970393,9.447521,7.0007668,12.432832,10.666977,19.18307,14.688947,13.201632,3.180876,5.332632,5.4454613,7.2904253,0.31442085,2.10134,-1.2411876,5.2623186,2.3663483,6.449463,1.6079944,2.3307183,-1.638872,2.6051366,fearful,08,03-01-06-01-01-01-08.wav
-462.95663,82.003876,-18.689283,10.604813,2.6709518,-6.8455105,7.3522577,-19.263634,-6.0436444,0.060201123,-7.2449865,-9.162118,-3.4808104,1.7545396,-2.0941665,-1.5807416,-7.714468,2.595878,4.6097903,10.421861,8.213504,5.081618,3.1414757,7.8792467,6.404916,11.005206,11.897229,13.689433,7.7161307,5.468896,1.138275,5.796918,5.482206,6.9939165,3.7189279,5.512811,3.2617917,4.55613,2.6693325,3.4251873,fearful,08,03-01-06-01-01-02-08.wav
-351.78708,74.83254,-23.418306,-1.8516419,-3.4388595,-21.284388,-1.309946,-35.98814,-9.35073,-6.897951,-15.68129,-7.136677,-10.6524315,-2.9973643,-6.985865,-9.435815,-13.636377,0.8235383,-5.1210055,1.4481243,-0.9374612,6.8602133,7.3667517,17.099335,16.184004,17.77205,16.141989,12.693612,5.0797005,5.9991736,1.1061999,5.9866004,1.1026907,3.4636853,0.90717936,4.931914,0.22627318,2.3791666,-0.7786305,1.636984,fearful,08,03-01-06-01-02-01-08.wav
-379.24658,67.7013,-21.03946,-0.92978275,-1.2102921,-20.139645,0.17698517,-32.90512,-12.068022,-7.8687124,-21.2798,-6.733227,-12.916818,-2.2938583,-11.207924,-11.428787,-15.127115,-3.746461,-4.9776263,1.3185076,2.8444161,3.526263,7.6658597,12.422092,15.600638,17.537477,15.103741,16.562403,4.048046,6.997663,-1.7081673,6.437795,1.0804943,2.4983006,-1.6450814,2.6130447,-0.93633175,0.48303327,-2.5960405,-1.7308928,fearful,08,03-01-06-01-02-02-08.wav
-285.88544,45.94743,-40.89544,11.180281,-15.323854,-20.57169,1.7297447,-23.17609,-10.519281,-6.4771347,-9.516972,-1.4664193,-8.159315,-3.1475608,-7.494292,-1.6477405,9.253269,28.949276,27.439724,32.248566,19.227386,6.533663,-2.1983435,5.724207,0.8109328,2.6250544,-3.6596391,-0.9317441,-3.9785564,1.8711368,-5.3761244,0.81097966,-0.41019365,8.2751255,6.052407,5.771125,6.967417,6.0117183,4.1294913,3.8017426,fearful,08,03-01-06-02-01-01-08.wav
-276.29807,45.784878,-48.865402,7.7981524,-17.878815,-27.357704,2.790892,-33.835396,-8.10861,-1.9177058,-10.900368,-2.5696805,-10.387476,-2.5346174,-1.016909,8.995973,20.829449,38.24626,33.64993,25.917936,11.756638,3.0247293,-7.843909,5.9550385,1.9160595,-1.9545528,-5.850499,-2.2888305,0.4358621,5.8222065,-1.3379898,9.7942295,2.4897575,8.992393,3.468175,9.672115,9.15328,5.25083,3.0947216,5.019777,fearful,08,03-01-06-02-01-02-08.wav
-302.81274,47.864815,-34.97435,-9.317097,-21.573341,-22.514822,-2.6553257,-27.53689,-20.480059,-10.520901,-13.907694,-1.358692,-4.6772428,9.185887,2.963754,9.875295,15.488607,28.763403,24.453033,22.814274,9.607706,-2.1584392,-9.680087,0.6737803,2.0813615,2.591006,0.052091498,0.8366835,0.8391221,4.165937,-2.890206,1.6646619,2.2301936,6.934357,4.262296,7.197576,6.606429,6.056958,5.9719095,5.278115,fearful,08,03-01-06-02-02-01-08.wav
-279.8764,38.10198,-34.21336,0.93131727,-16.026028,-24.609911,3.489776,-31.067497,-12.723012,-5.1522317,-13.892613,0.5261799,-7.9560027,1.8350134,-3.1892405,0.79407513,9.6198635,28.14774,31.994278,40.65835,24.970718,10.775611,-1.5783218,2.5132623,3.0466347,6.517685,-1.2622901,-0.2957899,-3.0726535,5.4950213,-3.977751,-2.325946,-3.1919224,5.3373322,6.205185,5.686678,6.024956,10.06157,6.980198,4.400207,fearful,08,03-01-06-02-02-02-08.wav
-529.28406,100.81026,3.4205384,15.354505,-2.5106015,-9.708348,-4.222983,-20.41092,-12.10898,-6.0430355,-5.5469065,-11.567896,-4.8709707,-3.1992621,-7.0979753,-6.409632,-9.274954,-1.8193586,-5.6592207,-3.5797684,-5.444811,-2.3425646,-6.6625643,3.0006661,-5.3862457,0.8693144,-1.8500961,4.6326876,6.80997,6.806688,4.5119576,6.65654,4.2196183,7.379612,6.197671,8.4134035,3.5557618,3.1703982,-1.0143673,4.8432355,disgust,08,03-01-07-01-01-01-08.wav
-528.4802,104.3663,1.4075127,15.782322,-5.401428,-9.509269,-11.727984,-18.926683,-12.940453,-5.2386575,-9.8449545,-9.092371,-6.6360025,-3.3842063,-8.338811,-9.102334,-10.621829,-2.2370605,-8.918409,-2.2615306,-4.416979,-4.3612885,-8.176893,1.0662624,-4.2457967,1.1126804,-4.1934795,2.2390137,0.34744725,7.3022003,2.7705321,9.283796,7.3327923,9.838922,3.92282,4.1502333,1.721645,5.67965,7.2913857,9.710031,disgust,08,03-01-07-01-01-02-08.wav
-517.79224,81.19298,15.216726,11.418277,0.19103543,-11.136609,-11.248007,-24.640982,-13.814489,-0.43385947,-15.647167,-5.9916635,-8.492355,-1.8843601,-8.481914,-6.905611,-8.815423,-4.087599,-12.148376,-2.6314816,-5.1230903,-5.7076797,-5.132195,-2.4126039,-5.323822,0.54475754,-4.1600633,3.4145243,0.7751235,4.9021635,3.6988566,10.762615,10.157694,16.106884,12.831689,10.530645,6.153246,6.858574,3.0218709,6.553132,disgust,08,03-01-07-01-02-01-08.wav
-512.8798,85.902374,13.099484,13.7864275,4.009036,-13.736956,-10.287138,-26.160934,-16.285454,-5.3163056,-12.857673,-4.532204,-11.231026,-0.14521927,-9.896314,-7.7383113,-7.767467,-4.0168066,-9.270202,-4.5642853,-5.2119,-5.3507333,-9.418664,-0.5394696,-3.9254606,-1.3094975,-1.491887,-2.4458203,1.3312316,4.51057,3.195996,10.060793,9.725024,16.29704,12.557703,14.788286,8.111456,8.8843565,3.0755758,7.3956323,disgust,08,03-01-07-01-02-02-08.wav
-464.00345,78.027695,-1.1255722,15.934922,-3.5523283,-11.161665,-9.157295,-29.900154,-8.614445,-3.7367663,-8.339837,0.9037596,-3.855245,-1.936179,-8.762866,-10.9145355,-6.4024415,-1.7495292,-7.660719,-2.2856073,-6.374117,-2.8497605,-4.69851,-2.4770846,-1.3505365,0.1523883,0.36963302,6.555949,2.538278,7.4596934,5.10185,8.825845,8.610539,13.181448,6.928022,8.670272,1.9532455,7.430817,2.692901,6.8848076,disgust,08,03-01-07-02-01-01-08.wav
-579.58575,100.3291,0.48334125,15.173075,-1.0209521,-12.857713,-12.548641,-13.467636,-6.417394,-7.1497436,-6.5242534,-2.5087435,-7.4940033,-4.286512,-5.2437077,-9.494157,-4.990962,-3.8635404,-5.2419677,-1.5118417,-6.032302,1.097269,-3.749799,-0.8211347,-2.5112827,1.1462433,2.432657,4.409734,2.9108071,7.6512356,4.2835846,7.6017447,4.4248214,7.392491,5.522941,6.551284,5.4473963,6.730547,4.898386,6.27261,disgust,08,03-01-07-02-01-02-08.wav
-482.6771,88.74023,9.268093,13.369198,-1.7031487,-18.622168,-17.998835,-24.86961,-11.699866,-11.2360935,-18.210974,0.97609264,-13.138495,-4.0970354,-9.185925,-13.055134,-9.849701,-3.9798834,-9.730572,-3.828946,-8.313798,-5.7036057,-6.4063764,-5.3714786,-4.1352243,-6.6860843,-4.336046,0.6970296,-4.694915,2.0953946,3.1414833,14.836548,12.524058,17.355368,9.97762,9.51848,1.6741586,9.217383,4.7051973,11.565293,disgust,08,03-01-07-02-02-01-08.wav
-467.8145,82.3864,9.777956,16.39498,-0.85174483,-20.275633,-20.149246,-23.226477,-10.839394,-9.419036,-17.99077,1.8938355,-15.457434,-8.888755,-11.397184,-9.181968,-7.516027,-3.0044062,-7.005292,-2.608469,-9.647348,-7.1721225,-6.465807,-3.7782934,-2.9617171,-2.8963306,-3.4701064,2.1459126,3.4797196,8.550243,8.502806,12.321529,10.366988,15.197833,10.205188,10.084241,3.6165617,8.355579,4.117773,8.162395,disgust,08,03-01-07-02-02-02-08.wav
-441.19778,83.019424,-11.629869,13.669346,-3.0405445,-7.540662,-3.7241156,-32.177654,-4.452746,-6.7777777,-10.741541,-14.61224,-4.3099604,-4.878429,-10.202661,-9.410345,-7.080041,-5.5614357,-6.5039663,1.1651863,-3.4295805,3.483789,-2.5876422,10.816274,4.4485784,7.3139677,3.7690613,8.81153,6.163807,7.6887197,0.7363679,5.475295,5.411592,8.8259115,3.6404676,4.847436,0.110434406,2.948184,1.741654,5.4187737,surprised,08,03-01-08-01-01-01-08.wav
-443.01923,92.53867,-17.339518,5.789971,-8.556272,-11.166166,-2.9615495,-35.804813,-7.4420514,-11.583295,-12.0023985,-18.633188,-8.407858,-1.9347531,-7.0957484,-12.417586,-5.376538,-4.529074,-7.1739583,1.1014382,-1.123367,4.163417,-1.4357888,5.4276595,1.5790889,3.4534626,2.274459,6.016092,2.4003901,6.696026,-0.2440685,8.288961,6.101359,9.965942,2.7050703,3.9553714,-0.7062794,1.631679,0.14783382,6.5780616,surprised,08,03-01-08-01-01-02-08.wav
-405.63574,78.94485,-10.628497,5.014274,-5.029214,-12.524216,-4.0428762,-34.20255,-8.665654,-12.377707,-14.651462,-15.479157,-13.235745,-2.2822993,-9.466807,-13.559064,-2.896329,-1.483737,-2.916703,4.1215425,-0.88775396,4.927112,-0.1705777,9.282704,2.4663231,6.325914,6.6415205,9.312595,6.0536895,7.7324314,3.2811782,10.575679,6.5868454,11.606006,1.4997295,3.7450655,0.14869377,4.484572,2.1706624,5.376297,surprised,08,03-01-08-01-02-01-08.wav
-417.79688,86.06675,-9.801273,8.0897665,-9.055122,-16.127375,-0.76764107,-32.94543,-12.422896,-13.158059,-11.751961,-18.961504,-11.049945,-3.1534038,-8.267424,-11.499852,-5.7664256,-7.337173,-8.679373,-1.9540688,-4.132907,1.4912238,-3.306917,5.40221,-1.2262415,1.0351145,2.5636206,8.405297,5.6068864,12.559771,2.498055,8.451151,3.411252,10.785192,8.086314,8.9854,1.321479,0.38649842,-2.271104,5.2739897,surprised,08,03-01-08-01-02-02-08.wav
-491.60513,60.6725,-14.787126,6.8210225,-3.159967,-3.8126936,-2.6347528,-22.62245,-5.8387055,-0.49972448,-7.6041007,-10.49231,-3.2411575,0.57267785,-2.1133275,-0.3578123,0.015482972,3.402717,3.1350508,6.5615807,0.23664713,5.342311,1.5414551,5.861874,2.3039656,5.9302287,3.529651,4.3321943,1.9351735,3.5714204,0.47960424,3.869293,2.8454323,3.4995983,2.7809021,4.3867345,2.4621446,4.9215198,3.4994962,4.499461,surprised,08,03-01-08-02-01-01-08.wav
-359.98285,87.62116,-17.664179,5.5480895,-14.114049,-13.07092,-0.18717074,-35.06683,-7.2248306,-11.612722,-13.167833,-13.648327,-10.458936,-0.32543656,-10.014397,-12.092156,-3.1187093,0.528916,-2.055357,7.9280767,0.13346234,7.1698804,1.6288921,10.361609,5.8831863,9.44504,6.102794,6.3361573,3.193035,8.79992,-0.72278625,4.231377,5.592788,8.1639,5.930063,6.023938,1.2374127,4.9371014,0.91350454,1.5876774,surprised,08,03-01-08-02-01-02-08.wav
-361.06845,83.456,-20.907444,-5.981077,-19.396069,-18.865463,-0.018748397,-35.40865,-15.459296,-16.789343,-9.859776,-18.181896,-12.986708,-4.4165344,-13.523009,-13.05709,1.1479912,5.507622,1.6452911,8.299609,0.6231061,5.192499,1.2885485,7.556427,1.9389541,4.48899,-0.13335603,8.423955,3.6063006,9.825173,0.697692,6.368668,5.729932,6.1762295,2.2726083,5.9256535,2.8040059,3.0420372,0.5456953,4.575188,surprised,08,03-01-08-02-02-01-08.wav
-384.58612,74.833374,-9.552728,-1.3315033,-11.387368,-12.329173,-3.1755192,-38.890907,-16.52529,-15.903331,-12.474895,-19.568562,-13.644191,-1.5282198,-5.5775967,-9.550318,-0.20745908,2.4727478,0.4155074,5.69764,0.64075035,7.4634624,-0.13004345,4.2288165,1.2496578,4.0001225,2.879322,10.877607,9.501566,12.847454,4.2361965,5.814198,1.4104841,8.020396,4.711026,7.227607,1.020953,1.5787764,-1.3892518,3.6179948,surprised,08,03-01-08-02-02-02-08.wav
-694.07654,102.696815,22.167881,35.5095,25.005684,8.785081,4.026557,4.7683454,7.058046,7.129239,-0.93609726,10.615991,7.6362805,3.5221543,6.1024046,3.6175418,5.5559325,6.346065,-1.4808055,9.21971,2.7241726,3.271084,-2.7175066,3.9772797,0.11238975,4.1162996,1.2475488,1.6171718,1.4674625,2.2440407,0.7597662,3.953754,0.24544501,1.7317815,1.2327118,2.5987115,-1.2559437,0.14106734,-3.1471815,0.80709255,neutral,09,03-01-01-01-01-01-09.wav
-599.10254,132.38861,18.229359,29.439049,18.534222,-0.92848593,-7.232012,-12.2697315,0.010948525,-2.9343896,-15.355864,5.580694,-0.6259461,-6.529115,1.5632854,-5.584755,-0.25332603,1.4029536,-13.379394,4.839486,-3.2341516,-3.879494,-7.788055,-2.3427885,-5.418606,-3.074507,-3.4405887,-4.0381637,-4.5737615,-1.7639846,-5.7616754,-0.62141705,-4.5154567,-2.0786443,-4.2692046,0.05854774,-5.9339137,-1.801772,-8.74872,-3.475749,neutral,09,03-01-01-01-01-02-09.wav
-581.9003,116.34442,16.75222,32.576954,16.766994,3.7870815,-8.24335,-15.794564,-7.4930854,-1.668505,-15.54031,0.07557323,-2.8268871,-5.335078,-1.5281327,-0.98612213,-1.7246119,-0.50305825,-7.949616,3.203996,-4.0265713,-5.3635154,-9.272654,-2.1688018,-7.1022797,-4.561239,-5.740743,-4.2563252,-5.100452,-2.0930521,-6.755231,-2.299514,-6.5886946,-1.8782036,-3.1715531,-0.4435923,-4.689248,-2.4050825,-8.271235,-2.955451,neutral,09,03-01-01-01-02-01-09.wav
-572.1689,128.67213,12.774189,33.82382,16.868958,-2.446841,-4.771928,-13.396477,-5.78205,-0.6998584,-12.977169,3.7977695,-0.8138188,-1.0403663,-0.33090383,-2.3176067,1.0297054,-1.5973328,-9.068908,5.868247,-3.925543,-3.7549326,-10.55721,-1.9914775,-6.12684,-2.8075342,-6.5689206,-3.860329,-4.3379574,-2.0501056,-7.074847,-1.0862248,-4.4903965,-2.277814,-4.021516,-0.2877942,-5.390793,-2.748069,-6.317015,-1.8115802,neutral,09,03-01-01-01-02-02-09.wav
-592.5244,117.085144,21.434952,29.85163,22.3707,4.1093655,-6.9313836,-7.799261,-1.0395788,-0.9026277,-11.00595,3.5039124,-3.804688,-3.7746174,-2.5389547,-3.6082892,-1.4683663,-1.5554734,-11.368186,5.0947175,-5.2509794,-5.271689,-10.864535,1.0000225,-9.135288,-1.2598716,-4.5889993,-3.610445,-5.6589446,-1.9598651,-7.0015593,-1.4734746,-5.360142,-1.0331552,-1.6025534,-0.015332597,-6.293546,-2.4739895,-7.6866026,-1.6935588,calm,09,03-01-02-01-01-01-09.wav
-557.15607,109.25866,17.151615,36.007248,20.117634,-0.4580936,-5.281089,-8.761521,-1.9261417,-0.3761307,-10.846427,1.267855,-5.3564854,-0.8110259,-4.5102324,-3.2837865,0.108424336,-3.842123,-8.990071,7.2074504,-8.542756,-4.6247473,-11.1744585,1.0921754,-9.106203,-0.3126433,-6.9980035,-4.6951804,-5.2925014,-2.8969076,-5.2897615,-1.178201,-5.2009397,-0.53908366,-3.0905397,-0.1940175,-5.4801235,-3.706269,-8.112519,-2.2758858,calm,09,03-01-02-01-01-02-09.wav
-529.1232,99.48181,15.792443,33.985107,8.457165,-7.761839,-2.3495824,-3.7980487,-6.8190527,-0.71451324,-11.906468,3.6731355,-3.149101,0.38753188,-8.18389,-1.923264,0.32688951,-8.725379,-3.758075,4.1583576,-5.4671836,-6.2131734,-5.844262,-2.5658169,-7.9873114,-0.9568102,-6.2658505,-1.2901157,-4.58483,-1.5918074,-3.0592718,-0.7276253,-5.9650984,0.370062,-3.3012109,-1.5698056,-6.8269963,-3.5935206,-7.5990667,-2.0885699,calm,09,03-01-02-01-02-01-09.wav
-592.0239,111.06599,15.2204275,33.032566,19.576677,7.3377485,-7.2804303,-12.302472,-4.1257095,5.0331445,-11.115569,4.830691,-1.3871235,-3.1626537,-0.937062,-3.3663812,-0.20790543,2.3494098,-11.629727,4.064839,-1.1673303,-3.9163857,-11.466802,1.2190312,-5.794911,-0.6163825,-2.866775,-1.7517985,-2.1294692,0.28402117,-3.7216253,-0.5868837,-6.0122304,-1.1841167,-3.1738284,-0.42092898,-5.227698,-2.2773275,-8.757297,-1.6635305,calm,09,03-01-02-01-02-02-09.wav
-727.5362,87.27227,30.214842,30.778387,20.266958,12.963139,-3.142947,-5.9697156,9.359148,6.378094,-2.0875406,11.392963,0.75995344,0.012462654,1.6187886,1.9940294,-1.2068373,2.8074622,-5.2166605,6.579341,-3.3182185,-2.1932693,-3.451942,1.5411444,-1.9394021,2.580239,-1.9476495,-0.5248188,1.149133,1.0061475,-2.4619937,-0.42748246,-5.5930676,-1.25013,-1.7937498,0.368287,-2.6595507,-1.9213806,-6.403937,-0.6624344,calm,09,03-01-02-02-01-01-09.wav
-684.33167,104.24226,28.134422,42.645557,26.856218,12.9183235,-6.4702225,-7.390444,5.732373,1.4811463,-6.1666546,10.887122,-2.857651,-2.7203028,3.7918193,-1.8886989,-2.5484602,2.2245803,-4.548799,8.421002,-1.632627,-3.1195357,-2.147454,4.035637,-3.7460105,1.4537749,-4.8993626,-4.556845,-3.2941425,-2.6975853,-7.2376866,-1.5311233,-6.2107916,-0.62557864,-5.030893,-2.341376,-7.506881,-5.3148394,-8.434413,-2.251666,calm,09,03-01-02-02-01-02-09.wav
-639.0354,95.503395,15.418073,33.166546,17.353085,3.6848292,-3.0290644,-5.651964,0.76030755,4.635298,-5.950345,7.735973,-2.4297028,-1.8205165,-0.8192486,-1.5492693,-0.077571936,-1.340773,-5.7840056,5.921812,-2.3909776,-3.755864,-4.811586,2.3253605,-4.6862764,1.120664,-3.7639592,-0.46178856,-2.0563192,1.1863244,-4.9113626,-1.9054255,-5.0441155,-0.014238198,-3.1483657,-0.2465515,-4.6505604,-4.1878715,-6.2993946,-2.0819588,calm,09,03-01-02-02-02-01-09.wav
-580.2982,122.449745,17.5686,30.343048,17.291113,8.521505,-9.120518,-11.464983,-5.0136046,1.4709162,-16.57841,5.0968122,-0.58697784,-4.7032795,-2.6652408,2.3393357,-1.8871928,0.60001487,-9.881522,2.8092232,-2.2757223,-4.2025084,-9.258975,-2.033752,-6.4888806,0.70693964,-3.1735485,-2.1544518,-3.2192936,-0.9599196,-6.0297594,-0.0674331,-5.282418,-2.0350168,-4.2878113,0.71435726,-4.8059635,-1.4230274,-7.6088448,-0.91785485,calm,09,03-01-02-02-02-02-09.wav
-586.2454,139.01201,8.423365,18.52665,24.233948,1.9350624,-8.691471,-11.650545,-22.09171,-3.1969345,-2.6069155,-2.706456,1.4280214,0.23305264,-9.522291,0.54422176,0.8632248,-5.408473,-5.891305,-0.15685752,-8.333334,-2.5668232,-10.53451,-2.6834333,-8.711713,-2.289032,-5.5812798,-1.4988,-5.6673155,-1.1588224,-4.035606,-0.03235302,-3.6180801,-3.062755,-5.6129775,-0.068255946,-4.892152,-0.7727888,-3.2421355,-3.5613112,happy,09,03-01-03-01-01-01-09.wav
-478.18945,133.24086,-14.559728,20.417513,25.708693,-12.193428,-15.173594,-13.51507,-12.057004,-1.0377673,-9.4650345,-8.109359,-6.472245,0.7987194,-8.539221,-2.112083,-2.4624164,-2.3992825,-13.177934,4.5058093,-6.3953657,-3.8825963,-7.959863,-1.662345,-5.1090884,0.3218953,-5.3946795,-2.6782565,-2.5434504,-2.3076093,-2.9410594,-0.5438315,-5.400364,-1.9722341,-4.820417,-1.3140253,-2.72768,-0.72902346,-6.849113,-2.5307007,happy,09,03-01-03-01-01-02-09.wav
-498.19662,121.87639,-3.155985,20.915121,25.567844,-0.14145723,-15.777764,-14.162481,-12.493125,2.9645495,-17.193254,-1.4246106,-3.133645,-6.1273685,-2.02932,-1.9005007,-3.2758496,-1.1547045,-11.600845,1.4420291,-5.627108,-2.174425,-11.839716,-0.37750748,-5.472828,-3.681685,-5.2911315,-1.3664829,-3.8963068,-0.6037893,-4.0885715,-0.09561248,-3.910701,-1.9179703,-5.859436,-0.49516016,-3.7464962,-2.3217726,-5.194013,-2.7813609,happy,09,03-01-03-01-02-01-09.wav
-463.598,118.93733,-18.718811,24.718607,18.668127,-6.5145197,-12.900666,-23.160328,-19.571018,2.412135,-13.209318,-11.508447,0.6211691,-3.5921252,-11.586493,2.9196877,-4.205362,-2.3135283,-13.218247,-0.21780351,-5.682156,-6.2894077,-8.922662,1.0621377,-7.281134,-0.5220148,-8.414901,-1.9986788,-4.1453695,-1.7685308,-4.7483487,0.228927,-4.29924,-2.6538267,-3.586764,-0.9492255,-2.0302496,-0.3739025,-6.2504406,-4.0382714,happy,09,03-01-03-01-02-02-09.wav
-344.2472,92.55753,-34.180912,2.825939,8.986929,-28.268019,-27.76993,-12.121036,-28.150074,-6.912407,-4.5645895,-8.415332,-10.67943,2.0283964,-16.57446,1.2755497,-7.3842382,-10.714812,-6.728221,-3.8774796,-8.714824,-13.2448,-11.31797,-6.289846,-9.444659,7.146183,7.139143,16.838945,14.879896,11.963247,9.854966,7.077594,2.2680984,5.976684,4.4623213,6.108216,4.025754,5.7853065,-0.06568138,0.5609313,happy,09,03-01-03-02-01-01-09.wav
-374.42816,109.96368,-33.787357,-3.3803918,2.8735995,-36.04723,-27.621943,-9.869437,-30.924583,-12.453436,-6.5185027,-10.8421335,-10.364486,2.2680197,-13.994757,-1.0032047,-9.773759,-13.254367,-7.577834,-2.2199497,-11.498922,-12.867692,-10.313543,-5.7840347,-7.6124926,7.463008,7.1741548,17.145903,12.489347,11.05202,5.692667,-0.44231978,-0.14866985,5.4135184,8.309022,8.094532,1.286223,1.038689,0.37989068,2.693087,happy,09,03-01-03-02-01-02-09.wav
-269.7923,72.47393,-35.060757,8.075701,9.4600525,-20.964663,-24.27912,-12.084218,-34.57595,-3.1267586,-15.132202,-6.748422,-6.593237,3.9018962,-14.939352,0.90894574,-5.4269648,-15.30543,-10.908817,-1.0344439,-14.842633,-11.25403,-15.520129,-2.0520184,-5.2467737,5.232043,4.4600387,18.421448,14.996334,15.743067,15.626651,10.487808,3.572883,4.2033653,2.7630575,7.001273,7.0089016,5.6383424,1.8005325,1.6906265,happy,09,03-01-03-02-02-01-09.wav
-353.253,99.99236,-23.66604,7.4023333,9.965958,-16.210703,-18.274937,-17.031195,-32.916004,-7.3502927,-11.600731,-8.32915,-3.9905298,1.9524916,-18.00171,4.1938224,-11.989661,-12.428254,-3.285071,-0.20942105,-7.783972,-7.8003936,-8.507076,-6.39529,-12.689196,-7.55445,-8.23595,-0.23428643,-1.4713247,3.6654904,11.462867,12.734098,9.437038,13.120269,9.806617,7.9960394,2.7373393,5.988119,2.8621798,3.657983,happy,09,03-01-03-02-02-02-09.wav
-660.8477,123.3497,14.424645,29.280598,27.417511,11.300401,-6.590014,-19.051275,-6.9580116,-3.8119066,-3.7645185,1.1043557,1.4920229,-7.161407,-3.4152446,0.27338448,-0.71257585,-2.609836,-4.1933584,-1.7970617,0.010138358,-2.866784,-7.335204,-0.7711447,-6.0985265,-0.41470537,-2.1916416,-2.2421281,-4.208561,-1.4890348,-0.9954224,-0.7560395,-5.1122603,-0.76266867,-3.8928447,1.0744035,-0.110747695,-0.0033584367,-5.2383323,-2.2446709,sad,09,03-01-04-01-01-01-09.wav
-625.8734,98.896675,7.8839364,39.354935,23.767694,7.3493834,-10.596331,-20.993134,-5.207599,0.8412948,-5.958732,-3.1841083,0.26604196,-4.001959,-6.062967,-1.4115556,-0.20136428,-5.878274,-1.4829451,3.1291785,-5.368904,-3.3791072,-12.608344,-0.10385227,-10.351855,0.25297907,-6.1914177,-0.76506,-5.853601,-1.7385803,-4.9464035,-1.4738225,-5.7805443,-1.8705828,-3.1084409,0.7160098,-3.2743742,-1.973107,-7.264574,-3.3430321,sad,09,03-01-04-01-01-02-09.wav
-585.7717,96.35876,11.472676,37.402264,21.17589,13.084893,0.8092846,-22.516457,-9.943024,2.3197815,-6.907291,-6.459337,6.0859823,-9.559666,-7.0060663,2.08411,0.85768324,-9.015141,-0.7433867,-1.6086066,-4.1887302,-1.7441498,-14.936469,-0.37056443,-4.846306,-2.541569,-3.9241428,-2.1874173,-6.190062,-0.3121659,-4.8578553,-1.6164933,-5.0291743,-0.8470771,-3.9416285,1.9416721,-3.4141562,-0.1117907,-6.3689227,-0.7291976,sad,09,03-01-04-01-02-01-09.wav
-663.66675,101.614746,26.358665,34.258118,21.127485,16.564512,0.4674058,-15.636737,-4.0533814,7.4425077,-3.0161176,0.16908565,4.458763,-7.185111,-4.0994453,1.5523437,-0.31673977,-2.621807,-0.7909963,-0.24494241,-1.4730126,-1.5746558,-11.270318,-0.24537049,-7.965603,-0.92120653,-6.613744,-2.4578798,-4.3926153,-1.1103753,-4.1209326,-2.7615829,-3.9397874,-0.35444638,-3.5728164,0.70139325,-2.851196,-1.0533794,-4.1002207,-0.05648295,sad,09,03-01-04-01-02-02-09.wav
-617.87164,105.267494,3.8092692,29.227783,19.86551,0.9464623,-13.247504,-12.7722025,-13.897915,-4.549688,-1.9561951,-12.086757,-1.4654051,0.38749683,-6.6870403,0.18628477,-1.701908,-3.026997,-5.4751415,0.05883582,-6.1693277,0.19047655,-8.765187,0.76372445,-5.9360194,1.0232115,-5.8250265,0.6593683,-4.0335617,0.41210285,-2.2801814,1.3666918,-3.4781668,-1.2064885,-2.7768662,0.49214765,-1.3673737,-1.4757141,-5.4442225,-2.351482,sad,09,03-01-04-02-01-01-09.wav
-581.7196,97.27919,1.699653,28.655224,20.836597,-3.2756631,-16.719316,-8.288227,-11.067886,-4.7920747,-4.438585,-10.197587,-6.057682,-4.2658863,-5.0558863,-1.3981141,-2.8944733,-5.3127913,-7.5994706,0.46822003,-4.821487,-4.601463,-6.492541,2.056442,-6.0448136,0.2265414,-4.0356936,0.40225706,-4.483223,1.1305989,-3.3665833,1.2260947,-4.404358,-0.010051143,-2.1059484,1.5022249,-1.9135497,-1.2437314,-4.5157695,-2.7321339,sad,09,03-01-04-02-01-02-09.wav
-599.9458,91.05252,1.2182939,27.8581,17.129148,1.4539168,-15.679792,-13.421357,-16.132381,-2.476856,-6.530623,-16.215229,-6.1891084,-0.745704,-10.318335,1.2575204,-1.4837253,-7.581509,-8.493048,3.019585,-5.593308,-4.2720327,-7.0330315,-1.4208971,-4.6050105,-1.5193961,-7.760284,-0.8695677,-5.7214427,-0.489268,-3.507893,0.5350457,-6.2503953,-2.532151,-1.9602162,0.6657422,-0.518038,-1.2380099,-2.9426627,2.4684756,sad,09,03-01-04-02-02-01-09.wav
-563.0486,109.3821,0.659697,36.445847,20.456484,1.4722224,-11.773005,-15.990784,-18.725248,-2.5055025,-7.296666,-18.99698,-3.6359642,-3.0138526,-12.607128,-0.5087181,-2.228481,-8.985294,-10.550985,1.4241346,-6.4668217,-5.2956934,-9.42284,-1.4543709,-6.0672197,-2.9181402,-7.7661815,-0.50088257,-5.4095473,-0.49775666,-2.5450985,1.8578435,-2.5508187,-1.3921201,-1.6416119,1.9967335,0.09461882,-1.7908133,-4.68012,-2.1725748,sad,09,03-01-04-02-02-02-09.wav
-546.29,113.39894,-3.6649292,30.884438,31.431559,-1.1570221,-7.974525,-6.6210227,-12.055184,-0.5426448,-0.9797806,-5.761043,3.7162523,-4.953643,-4.9214015,-1.5098726,0.57467365,-3.8341632,-5.1592765,4.0565376,-2.8236403,-2.7053764,-10.859368,2.1905074,-6.5542593,-4.220163,-4.5282054,-0.36248922,-6.2615986,-1.7646209,-3.4046588,0.07185076,-4.427837,-0.26190087,-3.5534155,2.480261,-3.2013118,0.5983711,-6.403708,-2.3299031,angry,09,03-01-05-01-01-01-09.wav
-491.84314,110.172874,-10.810949,29.812645,29.966656,-3.0033727,-8.4778,-10.644594,-9.840411,-0.8805029,-5.812539,-4.8443384,2.970103,-5.479815,-5.9836006,-2.6637537,0.39448708,-2.0306332,-6.498171,-0.6721962,-1.1438106,-3.2850966,-10.898983,1.8579873,-5.164261,0.09518854,-6.8751044,0.35937032,-2.1246068,-1.4856044,-1.1744013,2.1904469,-2.058613,-0.28409863,-1.7313854,3.5084853,-3.6944344,1.5230533,-4.3991184,-3.6992562,angry,09,03-01-05-01-01-02-09.wav
-409.21588,102.35061,-26.74547,18.47849,27.27165,-11.647241,-8.026197,-15.109382,-26.677324,-4.1419864,-3.7942712,-13.594072,0.109889835,4.1133604,-11.233031,-6.300361,4.238627,-0.16064166,-16.566006,5.931243,-6.785646,-0.06321957,-12.906029,1.5596038,-5.0168757,-2.0969436,-6.634786,1.0152944,-6.8257995,-1.1952529,-2.2539506,-0.019661998,-2.573446,1.7169082,-7.1094174,-1.4113783,-3.2629554,-2.2521641,-5.4277606,-5.04438,angry,09,03-01-05-01-02-01-09.wav
-429.7062,103.514175,-18.1009,22.671953,26.195244,-11.832265,-8.77348,-14.580912,-22.851854,-3.1322777,-7.545785,-14.601687,1.6282843,-1.7105064,-11.793767,-4.3797774,3.2692444,-2.6099598,-12.111769,0.8561411,-4.3064566,-0.79697055,-15.223856,0.6655683,-8.610109,-0.36984673,-9.101167,1.8822395,-5.2428913,-1.6423297,-2.019845,-2.051138,-3.8953063,0.39405078,-6.8772807,-1.3144249,-5.597626,-0.6959203,-8.590083,-2.3569653,angry,09,03-01-05-01-02-02-09.wav
-153.71986,85.57023,-39.50551,3.272641,0.27912343,-25.014486,-17.942019,-8.410045,-14.921288,-4.9391923,-1.9599338,-3.6363194,-3.387796,-6.1956687,-6.846411,-1.9892477,-3.7163613,2.5071173,3.5011396,11.488625,6.191002,5.907416,5.989988,5.389325,-2.2747207,5.651852,-0.63023806,3.270135,0.099818856,3.3957534,3.9993467,4.5572305,-1.2323207,4.4312506,1.2187431,3.5745997,3.7812078,5.1810293,0.33398998,3.1673183,angry,09,03-01-05-02-01-01-09.wav
-159.61018,93.77976,-42.3135,0.31482682,-2.6277416,-27.077587,-15.994244,-11.668807,-14.305095,-7.3424344,-2.3916316,-2.1834962,-6.7152224,-3.290696,-8.252092,-4.7190332,-5.689611,-4.194642,-1.6591456,5.8536153,-2.3632948,4.3833704,2.1986582,7.0328274,3.3201044,7.021647,0.13393737,2.780705,0.5936745,7.0968933,2.656789,5.650389,1.1364876,3.660688,2.7043767,5.218708,1.2920814,3.6619508,0.027992655,3.0923202,angry,09,03-01-05-02-01-02-09.wav
-174.55258,71.51229,-32.5923,-0.9111593,-5.0307126,-24.386631,-22.338636,-11.035016,-9.835517,-12.955674,-2.4678307,-3.091239,-2.5183785,-1.9058211,-11.194071,-0.42768008,-4.3932867,-3.8542736,2.4199321,9.303848,2.6745493,3.3735106,0.93298924,9.130798,-2.0868185,4.6180434,1.4924268,3.1825254,0.33136928,2.1995633,0.12869728,3.7571003,0.8761682,3.8821347,1.2195437,4.3892612,1.4313952,3.7289474,1.1008601,2.5108821,angry,09,03-01-05-02-02-01-09.wav
-155.71204,75.64798,-37.826084,-6.2962794,-9.353243,-23.01126,-13.603087,-14.442627,-5.4912367,-10.773409,-0.32314312,-2.7302585,-5.8685336,0.018538402,-13.613131,3.6742837,-2.9105957,2.0648613,9.316231,15.164713,6.392808,10.204079,4.3840375,3.7139688,-1.2968231,5.475023,-1.0937263,2.2457793,1.8075762,5.8577266,1.9620093,4.9452205,-0.25742814,5.580441,2.9196465,4.139175,1.7323442,6.353465,0.14438687,3.7797422,angry,09,03-01-05-02-02-02-09.wav
-600.33075,96.95886,8.423062,31.211475,24.271868,2.8576066,-3.4176981,-8.906414,2.6332119,0.5532668,-4.8246417,5.27904,0.5461924,-9.550486,2.4170055,-0.044900056,0.99355024,-1.6524605,-5.588072,4.2690883,-2.3335998,-3.7322373,-7.175062,-2.7240875,-6.2789435,-1.1863813,-8.01507,-0.9585179,-7.8466706,1.9428579,-4.821458,-0.017552719,-4.2237377,0.123604774,-5.847357,-1.2936674,-4.448613,-2.0144377,-4.895903,-4.1236258,fearful,09,03-01-06-01-01-01-09.wav
-574.99194,97.40849,10.820816,36.159237,22.512926,1.8196447,-5.2679987,-10.4801,1.5114136,0.3495199,-2.7037442,1.8203045,-2.815409,-5.112799,0.87551504,-1.5923994,3.198856,2.184358,-8.259891,5.355191,-4.746371,0.14239429,-6.0822945,-1.2644432,-7.255487,-0.06505322,-5.862968,-0.4682787,-3.6969337,-2.5874028,-3.7975433,-1.8810006,-5.065694,-0.96226627,-8.438884,-1.6623894,-3.9692636,-1.5827826,-5.9570584,-4.575543,fearful,09,03-01-06-01-01-02-09.wav
-727.63336,66.33251,16.484676,25.323267,18.36146,10.36482,2.513374,-4.6152935,3.9789114,6.0829473,0.46684787,7.9397893,4.000533,-2.4185016,4.735984,4.897579,2.7859342,5.844482,-0.3735354,4.5550675,1.9356536,2.8806636,-2.7914085,2.9314337,-2.652674,2.6195161,-1.7536268,1.3706384,-1.6856694,2.766741,-1.3731164,2.3264177,-3.2498698,0.28416905,-3.508301,2.042925,-0.8029179,1.5535326,-3.6305752,0.47667733,fearful,09,03-01-06-01-02-01-09.wav
-592.0399,92.571976,19.068775,39.16719,18.83942,4.331096,-1.4225026,-17.62504,-4.4010196,0.69109637,-2.7492385,2.587152,-3.213901,-7.7876897,-0.5605204,-0.9526459,0.91865194,0.36027902,-8.240963,6.660359,-5.753375,-3.3204417,-7.5300884,1.5346506,-6.9356117,-1.8871101,-6.804349,-1.8616974,-3.8200095,-1.3229975,-6.5660725,-2.6513565,-8.816825,-2.1684458,-6.631458,-1.522439,-5.428489,-3.3985116,-9.657241,-4.7953978,fearful,09,03-01-06-01-02-02-09.wav
-453.97516,112.389885,-3.010235,20.763039,18.099854,-21.999222,-14.078499,4.289731,-18.198412,-11.416202,-7.3416877,-8.481469,-7.084744,1.5999311,-3.8395154,-2.6042578,1.3156499,-5.547604,-9.534899,9.242949,-11.26102,0.6711757,-12.41959,2.0127184,-9.131352,-0.43839997,-6.032672,-1.9301966,-2.5438237,-3.8789363,-3.5606296,0.40236744,-4.4459386,-2.4540288,-3.2870982,-0.60626274,-3.7870107,-5.1097536,-3.197627,-3.2543426,fearful,09,03-01-06-02-01-01-09.wav
-494.20053,80.1488,3.5993652,35.22608,20.453571,-8.210945,-8.0884,2.6579442,-2.3984091,-5.569182,-7.1347103,-2.924453,-11.007284,-5.589742,2.6845682,-1.844534,-3.0140176,-2.9722633,-10.275967,10.222154,-7.7148867,-2.8396502,-10.581853,2.1008565,-8.248019,-1.6954279,-6.2478576,-2.611969,-4.2270327,-2.2755241,-3.828223,0.2537278,-6.4371495,-1.9622537,-3.4246516,-0.0566762,-4.3318453,-2.9173925,-5.042028,0.1378715,fearful,09,03-01-06-02-01-02-09.wav
-370.5497,91.904045,-7.8986835,19.46653,12.964324,-20.129625,-18.622477,2.9300542,-21.100895,-13.030141,-11.052514,-14.679651,-9.803367,0.3002545,-9.614962,-6.6428223,-3.817079,-10.141026,-11.869934,3.8020682,-9.66915,-7.2868404,-15.771686,1.640165,-9.300281,-4.179348,-10.879472,-5.4444704,-3.1636257,-7.539066,-3.1684573,-1.3754867,-7.2797327,0.08352929,1.0949045,6.959808,6.216544,1.7851465,1.2886491,4.0065556,fearful,09,03-01-06-02-02-01-09.wav
-357.4635,94.02383,-7.022118,17.71592,11.317556,-22.472801,-19.430792,-1.4279225,-27.333038,-15.7753525,-7.7297482,-19.53977,-8.95295,1.4915131,-15.363213,-4.1659966,0.8920554,-15.763576,-10.891999,7.2208967,-12.854066,-6.3286724,-13.687309,-4.1881933,-8.0476885,-6.9836507,-11.189681,-5.268381,-4.935794,-5.849521,-0.48354915,3.587133,-0.6273793,7.9577155,3.810165,7.53842,4.844006,4.5829587,7.1577616,12.295186,fearful,09,03-01-06-02-02-02-09.wav
-581.86176,130.54811,-7.3174815,26.77558,18.42398,-5.275373,-12.30811,-12.744301,-5.910609,-9.838919,-8.047357,-5.231345,-2.8723164,-0.7270552,-3.7965112,-6.798918,2.5891266,0.029475473,-11.714058,-0.4242564,-5.140034,-2.910351,-9.300144,-4.2359347,-4.1783314,-0.4172897,-6.792209,-0.13308433,-2.3344395,-4.272756,-4.008805,1.4392049,-4.2126083,1.0642594,-2.4810214,0.26944932,-3.0160449,-2.1739204,-4.984997,-0.51999676,disgust,09,03-01-07-01-01-01-09.wav
-580.98456,118.74926,-8.161087,30.517082,19.360584,-12.017264,-7.5580363,-10.690088,-7.077288,-6.274701,-7.1456814,-5.5711164,-1.5776316,-3.427164,-7.3607354,-5.522181,0.7936904,-4.6952186,-7.584626,0.25861812,-6.0474076,-2.9342399,-9.781958,-1.7910386,-6.882804,1.127076,-8.147811,-0.40793213,-2.703943,-1.9587488,-2.899336,-0.9136916,-4.1648283,1.32959,-2.805178,1.2322484,-4.4777627,-2.6372607,-4.390173,0.22313194,disgust,09,03-01-07-01-01-02-09.wav
-586.65375,120.37118,1.4544393,34.200558,17.885462,-2.6384892,-3.9258604,-9.367764,-10.6785965,-7.955574,-1.7742405,-10.314427,0.2691245,1.4917599,-9.138669,-2.462593,6.158584,-4.4119186,-6.793205,-1.6555339,-6.0058923,-0.022159245,-12.597462,-1.6579158,-6.196594,-1.0591292,-9.228171,0.9599797,-5.0017514,-1.5557276,-3.4438596,-0.4237647,-3.9009612,0.65511507,-1.7232239,0.52055854,-3.1418347,-2.1552055,-5.351513,-0.13134924,disgust,09,03-01-07-01-02-01-09.wav
-553.4522,115.49735,0.92267174,33.842754,10.953615,0.27421507,-6.8970537,-21.997677,-4.0998125,-5.9947534,-8.068786,-4.5237164,-2.0049376,-3.5440505,-4.071045,-4.540964,3.3494072,-3.848115,-9.488706,2.1065092,-7.422569,-3.576418,-9.506205,-4.4480424,-5.705097,-0.9569917,-6.3360147,0.6366483,-4.838358,-0.12529095,-1.9151093,-0.83900696,-4.5919995,0.6002701,-4.334241,0.4079517,-3.4949877,-2.9613922,-6.2334166,-3.979432,disgust,09,03-01-07-01-02-02-09.wav
-532.9297,123.09363,-7.485295,25.830101,14.111559,-14.720835,-4.453703,-6.1551213,-5.6617813,-12.742568,-10.99331,-8.173406,3.0760636,-9.505312,-10.97686,2.41627,-2.9960687,-3.3292933,-2.5165887,-2.9573112,-4.2094903,0.31397015,-8.101199,-4.432486,-2.1159313,-2.0861986,-7.0453787,-1.0875744,-5.961129,-2.1859505,-5.036356,-0.5694426,-2.515895,-0.71901965,-4.527711,1.2310324,-3.2207668,-2.5010564,-4.26889,-2.3605072,disgust,09,03-01-07-02-01-01-09.wav
-557.7876,96.711174,-9.751267,28.615131,13.583486,-11.615713,-5.2280793,0.37497926,-6.212789,-6.8121424,-6.426927,-7.345345,0.9422929,-2.6031258,-8.577439,2.3036683,-0.74106157,-3.459989,-3.7065725,1.1192806,-3.8771937,-1.3091495,-5.0647473,-0.5246159,-1.4871864,-1.2114918,-5.186731,0.50902593,-2.8389344,-0.49415037,-3.7897303,2.41318,-3.0022302,1.8543082,-2.8597121,1.4977251,-2.551522,-1.1829255,-4.9908457,-0.745985,disgust,09,03-01-07-02-01-02-09.wav
-492.21982,115.79458,-22.735817,29.328838,16.504356,-15.66923,-5.281257,-14.170727,-13.504565,-9.781454,-8.190037,-10.853788,-2.959176,-4.40954,-10.006259,-1.7827665,4.951769,-4.3903046,-11.678973,-0.39300206,-8.278582,-3.5058107,-10.574969,-3.8689115,-6.857785,-2.6227307,-10.813991,-0.49984553,-5.5584016,-4.0627866,-4.977999,-0.17303787,-5.9287796,-0.70943177,-5.8083496,-1.4038408,-4.61929,-5.1116195,-7.013848,-1.6740564,disgust,09,03-01-07-02-02-01-09.wav
-496.15753,137.36226,-20.304249,20.942024,16.448378,-17.8905,-4.793544,-6.384626,-18.897795,-9.487508,-6.126719,-14.582516,-1.5296813,0.70513576,-7.188419,-5.667149,4.5694942,-4.603573,-8.171744,-5.5359216,-2.6444995,-3.6259294,-11.071577,-1.1682333,-4.964693,-1.4017838,-7.6473355,0.24360195,-6.463235,-0.9319985,-5.4450097,-0.8919413,-3.5071328,-1.3579168,-4.87105,0.20963004,-3.6256337,-4.395162,-5.2715726,-3.4195821,disgust,09,03-01-07-02-02-02-09.wav
-568.0682,134.81596,11.439513,25.315195,18.6558,0.4294056,-8.60125,-10.79224,-2.7447376,-3.2033215,-13.859575,3.4930494,-1.5412164,-0.43782827,-0.078172915,-2.7813935,1.3440075,-3.1159282,-7.604043,6.8251286,-6.7330523,0.48735067,-9.014735,0.09645135,-7.7397137,2.9996235,-6.4576983,-3.4551466,-3.083027,-2.5938256,-1.3356869,-1.8065872,-3.5774138,-0.82688296,-2.800456,2.6977828,-4.5747614,-0.7883226,-6.569943,-0.74101967,surprised,09,03-01-08-01-01-01-09.wav
-579.5753,129.13583,8.387248,29.563965,23.184566,-7.4275694,-7.4050846,-10.389849,1.7492503,-5.3112116,-8.850778,0.09400748,-4.9141054,-0.88725746,-3.794092,-3.9748263,-0.22440462,-3.854444,-6.4865336,5.1748714,-8.822404,-2.4870675,-7.779715,-0.4077473,-8.028675,0.4969572,-7.59346,-1.7262328,-5.099264,-0.39135683,-2.311879,-1.0006102,-2.579913,0.6707972,-2.159759,1.0960044,-3.986455,-0.8979279,-6.846405,-1.0443074,surprised,09,03-01-08-01-01-02-09.wav
-532.83,129.73515,3.0197809,30.909723,21.624504,-5.1791787,-7.50082,-12.107109,-3.1947803,-4.538766,-11.715037,1.6524303,-2.3030171,-1.8202245,-0.33068752,-0.79456073,1.9201226,-4.553361,-5.4805584,6.4444256,-6.121146,-2.0801382,-8.092723,0.092557386,-3.1923804,-1.2659118,-4.4888997,0.4206917,-5.0671315,0.605507,-0.7550865,1.2109169,-2.419587,1.3027883,-4.0246687,4.1686974,-3.6428738,1.7440915,-4.0335703,-1.087332,surprised,09,03-01-08-01-02-01-09.wav
-549.1549,129.77513,1.3553562,29.204517,19.327456,-7.4828563,-9.720887,-14.642233,-11.119969,-4.740945,-12.106832,-3.4625428,-3.0636203,1.4072747,-8.338163,-2.7176795,1.3448967,-4.417824,-11.231789,6.938602,-7.0007577,-3.138975,-9.875892,-2.105082,-7.2145514,-3.8417857,-7.8012924,-3.9957266,-6.096461,-1.8985342,-3.7689898,-2.2359133,-4.7304397,-0.8507874,-3.9971168,1.2799867,-3.6631575,-2.4621475,-7.1708336,-2.6833665,surprised,09,03-01-08-01-02-02-09.wav
-459.54636,112.86932,-2.4830246,25.103601,11.334607,-17.211964,-11.6861515,-10.653296,-7.232091,-10.129635,-13.192446,-5.0779877,-8.277203,-7.5258822,-6.1410975,-5.5055504,-0.4679029,-6.427984,-6.477595,4.628733,-11.464183,-3.0789769,-9.189311,-3.5328817,-9.518841,0.5408711,-7.566899,-3.1323147,-5.5294394,-2.2881088,-3.2705708,-2.1554646,-6.578529,-0.9735583,-2.3040552,3.265401,-1.5865176,0.52525175,-3.5810006,0.9956006,surprised,09,03-01-08-02-01-01-09.wav
-504.8829,122.68253,1.9475582,26.004301,15.472546,-13.8891115,-8.320546,-10.157095,-3.687359,-11.927612,-9.649003,-2.031591,-8.071138,-1.616987,-6.243111,-3.741159,1.4071406,-5.885564,-6.0604787,2.9385955,-9.568461,-0.6023641,-8.35505,-3.556424,-7.043126,1.6220831,-8.442332,-0.84607184,-7.498692,-2.4216063,-2.4887216,-1.0100964,-4.905216,0.51175654,-5.439208,2.4939454,-4.2958126,-0.86594546,-6.431561,-1.6237789,surprised,09,03-01-08-02-01-02-09.wav
-529.2838,112.8741,9.465621,28.896564,14.37243,-2.6607246,-9.94682,-10.394647,-7.4961915,-13.522233,-11.392078,-5.236771,-9.8305235,-1.9923352,-8.287009,-6.176438,3.3151484,-8.802382,-8.344562,4.8233113,-10.127054,-2.657005,-10.114045,-1.4509822,-7.804458,-0.94564635,-9.848668,-0.50785077,-6.050875,-3.0353472,-2.8407784,0.12916774,-2.9463584,0.45840058,-3.6695428,1.3333169,-4.264782,-1.4921912,-5.38247,-2.763831,surprised,09,03-01-08-02-02-01-09.wav
-519.416,114.81583,1.4942113,34.101692,16.426367,-9.140954,-7.8444405,-10.36557,-8.540055,-7.7766366,-13.628432,-3.8150558,-8.866593,-2.0294845,-4.4716773,-5.052199,1.0904028,-6.2230363,-10.79757,4.7955174,-8.472789,-2.0378401,-9.675387,-2.0144968,-7.0704293,-0.87144566,-8.809761,-1.5836606,-4.639183,-3.3088136,-1.8025585,-0.8413439,-3.2942994,0.28058887,-3.7034657,2.489753,-2.930102,-0.50334036,-4.4143496,-2.20465,surprised,09,03-01-08-02-02-02-09.wav
-382.49078,91.9177,-10.738691,-2.8448725,-0.582935,-14.934077,-20.78488,-21.068361,-13.634955,-8.23855,-18.467176,-12.734604,-6.250082,-16.035046,-6.346648,-6.105781,-8.939275,-10.991373,-0.919059,-12.064599,-8.600051,-3.6219606,-10.053027,3.60726,-6.5798035,9.291612,-1.974919,15.696979,4.539576,7.4146676,6.466235,5.4748454,10.727754,7.3424697,10.29046,3.9147441,1.4161105,2.2002416,-1.3275485,6.2514853,neutral,10,03-01-01-01-01-01-10.wav
-398.08716,85.647675,-2.9043193,0.9029859,-0.45075884,-15.757303,-19.827307,-22.397314,-12.3862505,-8.43105,-14.937508,-12.011078,-6.748762,-13.288852,-7.002593,-5.31425,-9.018607,-9.82557,-0.38906455,-14.389002,-5.5035157,-3.0508742,-10.520507,1.2370092,-10.623049,6.783751,-8.427088,9.368425,1.8721875,6.303358,1.5741117,1.358425,5.210769,6.746418,14.496935,12.510973,11.067683,3.5167553,0.19720158,1.7717525,neutral,10,03-01-01-01-01-02-10.wav
-387.94888,80.27761,-4.3370514,2.629315,-3.3512936,-19.701372,-19.375635,-26.280537,-15.009759,-6.383452,-16.532951,-13.34481,-8.946375,-13.650361,-3.1554253,-9.480901,-7.446987,-9.11177,-1.0621107,-16.464762,-9.879061,-4.983552,-12.000513,8.119702,-0.9205304,14.736895,2.3193352,19.507206,10.343265,14.625235,14.178291,11.705593,6.622538,-0.14696439,0.026465314,0.36300912,1.9226679,3.3027022,-3.69094,0.430207,neutral,10,03-01-01-01-02-01-10.wav
-411.74518,85.15507,7.6630883,7.6360316,-1.1862078,-10.243664,-20.490284,-23.193338,-13.010103,-7.7649136,-16.690691,-12.902067,-8.523394,-8.550863,-3.2281024,-5.862905,-10.016583,-5.126263,-0.32607663,-16.64154,-9.542175,-3.9970608,-15.154827,-2.222473,-11.356564,3.768317,-8.033024,9.765769,5.204807,5.962829,6.887462,5.7471337,11.345993,8.501412,13.605934,3.6571434,2.3339052,3.6007404,6.0953794,9.838239,neutral,10,03-01-01-01-02-02-10.wav
-399.81506,89.9201,-14.922342,8.364831,0.2519776,-17.298576,-16.916033,-26.162277,-9.381287,-11.919808,-2.7123706,-16.69332,-11.838605,-1.0535917,-13.885629,-2.2439013,-10.47676,-6.5250554,-5.6780353,-13.364763,-5.5363607,-2.1223743,-7.954151,0.8272784,-0.7575817,0.8868767,-4.2005315,9.173623,3.2859907,15.231271,8.930805,13.514898,4.392876,8.470116,1.2090023,6.6845965,5.164966,3.5464075,0.7350718,-0.014290174,calm,10,03-01-02-01-01-01-10.wav
-393.38754,101.91688,-13.686236,5.880308,2.212756,-18.821865,-17.895369,-26.817366,-4.0474887,-9.937314,-15.311753,-10.839271,-5.869254,-7.659046,-9.451195,-1.6255075,-11.427725,-6.878125,-2.5993586,-14.462488,-5.118918,-5.466145,-11.02026,0.13265811,-9.419585,3.747343,-9.144451,6.984678,-5.938213,-2.887227,-2.352183,0.7675073,5.819728,10.190038,14.36707,11.298213,13.636613,8.074277,7.49419,3.1204324,calm,10,03-01-02-01-01-02-10.wav
-391.56894,76.935555,-9.047812,3.0766613,1.2906443,-17.972603,-16.284435,-34.04037,-10.164183,-10.407063,-13.014797,-15.124936,-10.066262,-8.800014,-10.288718,-6.3586802,-15.883122,-9.145231,-2.4644525,-19.262285,-6.544829,-6.3627954,-14.754118,-3.0859456,-10.216199,1.6439694,-1.8621944,19.545689,20.443626,20.976133,15.7983265,11.644768,8.8401375,10.848535,9.46332,8.182771,-0.61947376,-1.8489169,-4.0930324,3.8359199,calm,10,03-01-02-01-02-01-10.wav
-378.82404,83.28894,-11.382969,2.348913,-0.45687118,-20.982777,-17.326569,-30.015675,-8.621233,-7.9397154,-17.110613,-10.900052,-10.784909,-12.964199,-7.4844055,-9.848524,-12.531449,-11.951181,-3.5624654,-14.360767,-9.498873,-3.1157255,-14.902524,-4.3419847,-5.4869523,7.0086174,-0.21666573,18.239555,15.072257,12.48051,11.197247,13.813858,13.8502445,14.99946,10.563411,3.5866382,-1.6280941,0.3039504,1.9700267,5.109248,calm,10,03-01-02-01-02-02-10.wav
-402.99066,77.307236,-10.760422,6.5335026,2.432642,-18.845758,-18.793234,-25.825836,-9.797594,-13.138178,-10.811226,-12.269533,-6.8987308,-6.134584,-8.513722,-1.3724079,-13.674046,-7.256718,-5.6672716,-13.536017,-5.7226963,-5.881045,-11.684955,-2.1498435,-7.108679,2.7169852,1.692714,18.301212,11.198921,15.293068,12.531213,14.873562,11.664153,11.279514,3.5981636,2.910607,-4.845023,2.1110473,-0.45998275,3.5228417,calm,10,03-01-02-02-01-01-10.wav
-419.15393,85.933945,-9.725317,0.38870606,0.7799865,-14.944266,-17.614635,-29.693853,-14.783215,-8.850619,-7.6201925,-12.339372,-12.575254,-6.024783,-8.028686,-8.6972885,-9.907291,-12.778783,-4.741571,-13.755304,-11.297535,1.3888364,-10.197815,2.3258145,-1.8800905,3.4282346,1.3795736,18.153255,19.069983,25.41646,20.660698,14.803624,-1.217655,1.4912405,-5.262158,8.080461,-0.21279536,1.052325,-4.2762275,-4.02179,calm,10,03-01-02-02-01-02-10.wav
-418.40698,90.48457,-8.816021,6.9482408,-1.8050139,-17.580715,-13.060983,-30.606133,-9.335568,-12.189164,-12.127134,-13.758169,-12.379341,-5.3425293,-7.8583574,-5.692581,-14.774709,-9.507194,-3.5238335,-16.817434,-5.326424,-5.4980326,-14.262456,-4.198051,-10.898305,0.42406416,-4.5355053,19.842216,22.358257,27.363853,21.128763,12.833832,1.5482904,2.9537945,6.190488,10.142629,3.9594376,1.5241734,-2.453449,1.204688,calm,10,03-01-02-02-02-01-10.wav
-437.69894,93.71577,-2.385519,7.709448,-1.0584629,-11.230713,-15.852318,-24.078373,-10.477081,-9.653732,-12.519709,-15.220967,-13.094249,-2.6863308,-11.359345,-8.825733,-8.466681,-8.696217,-4.0843396,-13.384199,-7.9422436,-3.3167517,-16.085218,-4.018737,-8.149445,-4.1083317,-9.06397,-0.5082004,-2.7307994,2.3840811,6.4001074,16.588974,17.367893,20.872381,11.393261,9.20773,1.7262895,7.955614,8.280139,6.159617,calm,10,03-01-02-02-02-02-10.wav
-321.14487,98.7167,-36.401802,2.5602016,1.6053289,-24.630322,-14.447153,-35.757755,-19.471191,-8.101477,-15.372787,-13.08239,-9.812429,-15.085872,-6.4011803,-11.247675,-7.6074476,-10.032119,-6.8097486,-4.809469,-13.50248,5.720104,-6.6563606,0.19914132,-1.3549898,2.6096137,2.6074839,10.422417,7.5971146,7.4544735,6.3972764,13.23875,6.505411,8.595749,-4.2028913,2.5958118,-4.3498616,6.045744,2.3829534,1.9563644,happy,10,03-01-03-01-01-01-10.wav
-310.23862,94.40337,-28.584053,1.1967463,-3.4503815,-29.130133,-16.961493,-31.492542,-18.30722,-5.6617246,-24.799654,-18.35745,-7.0820627,-21.723625,-8.199047,-11.067924,-16.613926,-10.911874,-8.351769,-5.3564963,3.3048272,20.204456,14.144667,22.696619,6.5058146,8.05416,-4.525906,4.2285314,3.8256032,-2.9803996,-0.5968733,-1.2780939,-2.2320397,0.60065156,-2.635076,0.16046225,-4.545858,1.2312976,-5.438518,-2.5852482,happy,10,03-01-03-01-01-02-10.wav
-336.77402,84.43521,-38.5876,2.59258,-10.178544,-25.355797,-27.852573,-38.135456,-13.221631,-8.716768,-26.200848,-12.441087,-7.8259153,-25.813559,1.7775714,-8.871602,-17.064342,9.236321,6.61846,4.61475,9.430554,12.139499,14.679968,16.190306,10.543521,4.954088,-6.7906346,0.29036683,0.22703281,-0.3752374,-6.2031527,-2.3341627,-5.2425127,5.952553,3.6612854,4.2232914,-0.68919027,1.7591568,-1.616947,-5.869449,happy,10,03-01-03-01-02-01-10.wav
-288.0949,85.38845,-37.80742,1.7482059,-5.377,-29.991734,-24.236073,-40.76739,-15.667853,-2.0189457,-27.165794,-12.783019,-11.694422,-20.414928,-3.8668036,-14.318885,-16.094782,-5.234101,-5.5732565,-9.061665,0.17401043,13.475997,8.760621,25.607582,11.620257,17.1879,1.0144776,0.1381281,0.22623567,-5.4884067,4.3676186,3.1825743,0.9918561,0.9079508,1.7035252,4.6789994,-1.1444528,-0.63522744,-4.442674,1.2686356,happy,10,03-01-03-01-02-02-10.wav
-213.59453,64.5456,-52.93129,-8.959366,-11.773799,-44.52389,-18.746815,-35.848812,-31.26482,-2.3019154,-27.898638,-18.223368,-7.431622,-19.16464,-0.19991048,7.809974,5.940238,22.633596,14.772037,7.7588305,0.09930626,5.079214,-6.566046,-2.517835,-5.8598237,-2.3376234,-4.2855926,-4.9333787,-2.8401575,-3.3565228,1.3332659,4.4198184,-5.9190216,6.616185,0.67912734,5.145589,0.675314,5.762043,-1.1426451,-1.4180983,happy,10,03-01-03-02-01-01-10.wav
-209.40782,60.952343,-42.94658,-9.441722,-9.427599,-36.288513,-20.545652,-33.53747,-29.69161,-4.174039,-24.739616,-18.233654,-4.7812424,-11.768357,11.817889,19.893568,14.697128,20.209364,2.4684794,-5.274206,-10.189258,7.676814,-9.215389,-1.1944783,-11.762128,-5.5089607,-2.8345954,1.5940254,2.5505762,0.3120883,4.700311,8.63945,0.14150548,7.920513,-4.8071175,1.2210485,-2.3756857,-0.94206107,-4.10037,-1.0931094,happy,10,03-01-03-02-01-02-10.wav
-188.92912,46.121227,-42.233112,-8.078074,-12.237069,-36.30695,-19.6858,-28.924469,-33.502197,-8.112571,-23.84498,-20.370096,-0.48342177,3.386241,25.479937,24.29908,6.2496347,9.274599,-12.466551,-10.254057,1.5595644,5.8793583,-11.060218,-11.489467,-7.587339,1.0773975,0.77541125,2.6953852,2.006321,9.786913,1.3117191,-3.7632482,-8.5328,1.159322,-2.4350796,-4.5830007,-2.053379,-0.32713282,-5.952978,-0.78944474,happy,10,03-01-03-02-02-01-10.wav
-194.23317,53.52091,-59.26968,-4.4233193,-7.172918,-36.323074,-17.636463,-31.49124,-34.16769,-0.6517639,-26.720718,-16.244791,-3.2305572,-8.51341,5.5823855,15.099141,-0.70015323,21.048983,12.899205,4.1484632,8.190638,9.581419,2.7395098,1.1934028,-1.6831636,1.8749291,-7.0310073,1.6194211,-5.770278,-0.1676872,-1.3716633,1.9741361,-6.2884197,-0.9317319,0.07257661,0.4154667,-0.48754907,3.7903163,-3.4863486,3.3169487,happy,10,03-01-03-02-02-02-10.wav
-449.28903,105.1658,-6.508178,11.815034,0.68451023,-18.053627,-10.297302,-35.796337,-10.860576,-10.777227,-15.119054,-15.204275,-4.1881304,-8.1048,-6.618964,-3.8200707,-7.21012,-9.275552,-1.7162257,-9.587192,-8.867219,-2.3376555,-8.139019,2.6872058,-5.715489,1.4228383,-5.041068,0.4833418,-1.1594871,-2.3099904,0.8686367,8.159791,10.5834,19.585321,20.068218,16.385765,8.156102,6.2866697,-4.0281105,2.3474214,sad,10,03-01-04-01-01-01-10.wav
-430.5948,84.92341,0.27271155,8.543441,-0.8120767,-14.911517,-9.665965,-26.290417,-7.7359095,-8.64991,-11.865727,-13.284688,-7.057633,-6.0020843,-4.997269,-4.5097055,-6.6277294,-7.404994,1.5877281,-13.574788,-6.954076,-2.8421385,-12.872401,-1.3770884,-12.491508,-1.5760003,-7.850064,-4.335854,-2.0082877,-4.0175147,-1.0340791,1.5856758,4.239285,5.1696253,10.81633,11.398238,8.306298,11.935872,4.9573493,11.281933,sad,10,03-01-04-01-01-02-10.wav
-451.0831,100.90845,1.8407123,8.425099,5.3202877,-14.001108,-15.026806,-34.988224,-9.058269,-7.6741743,-19.523489,-11.592532,-4.402657,-10.489912,-3.0874388,-6.947623,-10.218872,-5.7885666,-4.889704,-13.32114,-9.025406,-4.6015944,-6.805126,-4.1497736,-7.261303,1.4562405,-7.6929073,5.3352976,0.79356086,8.885594,9.611757,16.319387,14.063067,12.840121,9.713211,5.7642384,1.8656512,4.4608827,2.465203,3.2746563,sad,10,03-01-04-01-02-01-10.wav
-467.79822,105.057724,6.4119396,0.2640243,-4.187448,-11.216085,-15.683796,-29.309649,-3.1432123,-4.500515,-16.959064,-9.483867,-2.4767334,-12.661364,2.307812,-7.754714,-6.056083,-2.8885543,-4.0536947,-7.36162,-7.527579,-3.531389,-5.807656,-6.687565,-4.7489276,-2.2953308,-8.421039,0.46073946,-3.3035738,-2.3604023,-4.0507517,2.0155978,1.5007254,6.087618,10.081371,13.840629,14.031416,14.285499,5.493533,7.120655,sad,10,03-01-04-01-02-02-10.wav
-345.9876,105.197876,-22.284664,8.899116,4.263782,-30.562574,-11.304662,-37.78009,-16.2231,-8.637293,-16.646235,-9.870384,-3.2280638,-14.2807865,-6.701973,-6.9900374,-13.988414,-4.0172763,-11.015001,-6.0463514,-13.39726,1.5547571,-3.6619344,1.7653971,-1.1550018,6.457965,0.07850381,12.4156,4.424587,5.0229235,1.791424,3.4005804,-0.808621,6.2586656,3.3166604,8.437543,0.82347023,-0.87434226,-1.4825598,-0.9153014,sad,10,03-01-04-02-01-01-10.wav
-405.53836,94.29889,-10.26383,13.609446,8.654129,-25.0356,-14.255692,-37.31794,-10.6608925,-7.4954634,-18.353415,-7.2698984,-3.7009256,-15.086565,-5.5710073,-6.2376466,-9.988799,-5.571738,-8.976312,-5.7467914,-9.923643,2.4123683,-2.9259105,-2.9757864,-5.103772,3.7534947,-3.4773571,14.013891,5.308083,7.2223263,3.138595,7.594416,8.162437,7.987414,7.949323,4.4468174,-0.76684636,2.5044942,-0.17482261,1.1691911,sad,10,03-01-04-02-01-02-10.wav
-435.14127,85.75131,9.550533,16.7859,1.3728938,-12.286623,-19.028069,-32.026543,-4.774664,-7.999716,-18.186045,-6.1186943,-2.1470914,-11.158486,1.1201938,-7.232775,-8.461975,-6.2266955,-5.5972433,-5.9353375,-11.473465,-0.37671974,-7.0089254,-6.4965734,-4.885381,-0.7676453,-9.770497,5.9460397,-5.947157,2.418875,0.20989412,8.373848,4.6777015,4.938836,4.261389,4.560084,6.3011303,9.969657,7.822642,7.0572724,sad,10,03-01-04-02-02-01-10.wav
-434.09573,95.83648,2.4653082,15.806537,6.11834,-13.862101,-16.764933,-41.59215,-9.716225,-13.079164,-23.191006,-5.8061266,-6.6820335,-12.950353,3.1981575,-5.595789,-11.14243,-3.2976322,-8.398716,-6.942001,-12.865665,0.7056248,-7.3633914,-4.271366,1.7850605,0.28630972,-4.796658,5.346154,-6.325566,-1.0530919,-4.9442267,6.758201,4.2479753,10.275813,11.150223,15.464422,10.757071,8.878726,1.5505257,1.0763844,sad,10,03-01-04-02-02-02-10.wav
-385.8769,103.232864,-12.094241,6.605087,0.9760207,-16.327719,-17.775341,-29.079428,-8.950808,-9.596344,-12.649071,-10.438716,-3.944776,-8.928424,-7.4658566,-5.3070507,-8.942304,-8.675643,-2.2709954,-14.044507,-6.891177,-4.141119,-14.733204,-3.328954,-10.04157,-2.4879944,-7.657106,1.6798879,-1.2858406,-4.5461326,-2.8700209,-2.9021866,1.7571391,2.683438,9.143427,8.51967,8.777112,8.879575,3.677023,10.3523035,angry,10,03-01-05-01-01-01-10.wav
-311.36334,96.762825,-30.982779,8.803818,-11.520701,-19.126282,-16.27461,-29.572544,-10.468071,-10.474803,-13.862413,-13.194483,-8.2742,-10.495143,-10.484094,-12.337277,-7.0232925,-8.802148,-3.2348123,-4.459082,-4.3956857,6.129336,-3.0830595,2.746907,-2.073166,-2.88628,-6.2525935,1.6160746,-1.1010816,0.99866325,3.5406215,6.518461,9.724582,10.08074,2.5528662,4.91598,-2.8175342,5.275607,1.3732098,3.6635258,angry,10,03-01-05-01-01-02-10.wav
-340.12238,95.910385,-22.668873,2.7127833,-9.322416,-14.951413,-19.791485,-28.025646,-13.047245,-8.601773,-18.375313,-4.0413156,-4.4837165,-14.31566,-5.349946,-8.169062,-12.026463,-9.181645,-6.1035795,-13.069379,-10.2240715,-3.4837399,-9.113332,-6.7877,-7.54076,-2.6281233,-7.853265,3.0829551,0.1542104,1.4176688,2.8610666,4.326371,5.3171763,8.780601,9.906347,10.436292,8.052586,7.717174,5.0883512,6.6958566,angry,10,03-01-05-01-02-01-10.wav
-327.73975,102.8715,-34.25196,5.4044623,-14.723566,-17.73074,-18.11721,-34.030365,0.2056085,-12.922264,-15.967145,-1.9256297,-10.864893,-11.993688,-4.1402397,-13.318097,-7.9635577,-10.600738,-5.0820947,-9.808733,-11.971557,-2.6281247,-9.751542,-10.553034,-4.254708,-8.424007,-7.678545,4.898963,-0.27817142,3.9440222,4.729747,7.4307294,9.1177225,14.383116,11.674357,13.461791,7.4240737,5.1556616,1.3971457,0.9158903,angry,10,03-01-05-01-02-02-10.wav
-218.40353,78.99078,-40.880363,8.339397,-19.167908,-27.335157,-13.983154,-27.474066,-14.43167,-9.250962,-17.147903,-10.549292,-7.289034,-14.092118,-4.790721,-12.230327,-9.307616,-5.972778,-7.4701147,0.9676402,-3.4937377,5.732065,2.9388092,1.410295,7.4869814,4.427649,4.1737185,13.390133,4.790184,4.1719546,1.8718017,-2.6374686,-0.03107471,5.0485883,-0.9450909,3.1808763,-3.61196,0.20489004,1.2329521,-2.8229394,angry,10,03-01-05-02-01-01-10.wav
-224.75142,74.96784,-45.55523,-6.7887807,-25.99156,-25.956501,-13.327512,-18.80717,-25.651367,-11.930241,-16.975674,-16.183237,-13.910108,-15.291989,3.2991834,-9.695658,-2.0332942,13.258878,5.0669093,8.7911825,2.9564795,8.447709,1.6423645,6.160825,3.1460645,2.3504972,-1.9767631,3.6743908,-2.0437956,-3.0772936,-1.7716949,-2.1935616,0.71491396,2.5320368,-2.8301487,3.1806087,0.72387534,0.6195557,-2.2229688,0.6710139,angry,10,03-01-05-02-01-02-10.wav
-201.9543,61.485943,-36.654842,-6.185168,-23.533941,-25.859074,-17.635187,-22.40133,-25.320938,-10.445686,-14.965645,-12.950391,-13.182277,-8.054895,1.7403558,-6.5654917,4.261514,5.063721,-5.5384035,2.0963387,-2.555278,8.862209,3.446144,0.76603466,-6.725226,-3.317703,-5.611855,4.777956,-2.697779,-2.6062202,-0.74543446,4.12551,6.253915,3.7061028,-3.206185,1.6993737,-1.0708381,1.6924276,-4.484284,-1.2395693,angry,10,03-01-05-02-02-01-10.wav
-216.71707,57.402424,-42.31905,-1.8294894,-29.01338,-24.382303,-18.697432,-23.196856,-22.75927,-10.320558,-15.870448,-10.796156,-12.33357,-11.839933,-3.3135679,-15.475844,-0.7471248,4.154244,-0.8940844,5.6823745,-3.905312,1.7113833,-7.323387,4.631113,10.80511,9.483941,3.999582,3.1962776,2.5769646,2.585172,2.9095783,-2.838365,-2.6126058,2.1582997,-5.3052745,4.060061,-3.662962,3.5456345,-0.90907806,-0.35346344,angry,10,03-01-05-02-02-02-10.wav
-351.31516,84.68308,-12.466233,7.712567,-4.42117,-20.206923,-13.951407,-29.123701,-13.238878,-4.337262,-25.950827,-16.912584,-4.0031757,-16.292736,-5.670209,-9.439208,-14.391619,-8.468881,-8.155724,-9.927919,-11.026483,3.656072,-3.829047,10.614522,8.409076,17.865423,15.174214,14.332269,10.396997,-0.3256988,0.8536835,3.1266675,2.2339256,6.3222327,-2.2891273,1.9762709,-5.7227435,2.3272293,-5.166795,-2.625359,fearful,10,03-01-06-01-01-01-10.wav
-401.53857,84.3206,-5.4227314,10.188223,-10.461645,-8.866687,-13.742806,-22.982786,-2.5631168,-4.2528057,-19.871367,-7.863254,-7.6702766,-8.147412,-2.5350928,-4.4093857,-9.218432,-8.463035,-4.4470754,-14.061453,-9.377944,-2.8248866,-6.968018,-2.481954,-5.5706487,1.6742909,-9.239513,7.23261,-0.51744866,5.431446,10.005389,11.608691,13.741691,11.727737,9.323779,6.8383107,2.9072049,0.7175957,-0.04069508,0.64670527,fearful,10,03-01-06-01-01-02-10.wav
-414.7672,74.8969,-4.2405953,2.0790544,-3.4897776,-17.102165,-19.167253,-33.74355,-15.313855,-3.9847536,-19.013914,-15.826487,-8.476348,-13.678772,-3.088351,-9.628307,-11.94063,-5.984893,-6.4765487,-16.202074,-6.835074,0.38838732,-2.9840374,15.983618,12.10453,20.768364,13.087138,16.849176,6.3970313,2.575388,4.866569,2.3031435,7.021461,3.8321228,4.8437963,1.2154965,-1.5960839,-0.8919752,-4.051626,1.134488,fearful,10,03-01-06-01-02-01-10.wav
-402.83786,82.18383,1.5038453,7.16798,-2.9756877,-11.470139,-12.864456,-27.59758,-6.2177258,-6.042668,-19.0764,-15.134645,-6.709038,-11.699821,-5.1176825,-5.8552437,-11.250341,-5.605151,-3.6455956,-18.87421,-6.9462547,-3.8164992,-10.840376,-4.2766476,-10.948582,-0.43879592,-9.286718,8.307787,9.721483,13.10697,17.120365,10.623951,9.886371,8.395081,11.618549,7.0473204,6.3687925,1.4446301,-0.9559387,2.241713,fearful,10,03-01-06-01-02-02-10.wav
-261.45758,77.97967,-32.05257,-0.39440387,-12.822452,-31.791462,-23.042864,-27.67953,-17.980171,-7.241364,-21.423567,-20.276394,-5.718996,-22.253702,-9.864588,-8.234226,-18.632053,-1.0439497,-0.90694314,2.5099022,10.096044,17.730356,10.908677,14.175662,2.2132006,4.71089,-2.2421005,0.9729039,1.4315495,-3.9907653,-2.6536875,2.0266433,-4.350124,1.6639068,-3.0328825,0.5403636,-1.4078637,-0.50924695,-3.8882809,2.2519906,fearful,10,03-01-06-02-01-01-10.wav
-288.58795,72.587425,-39.98102,2.0699337,-7.048349,-35.10492,-17.031004,-30.194704,-19.014193,-5.1806693,-20.410185,-22.785408,-2.985997,-21.274187,-9.4478035,-9.467456,-16.978498,-2.7333956,6.1447196,12.552032,21.53265,27.3916,8.052271,10.46466,-6.304741,1.9201068,1.1931025,5.012624,2.5199893,-4.089397,-4.0190125,-1.3520795,-6.0100493,-1.7687391,-4.5499067,-0.88778305,-4.611288,-2.7524734,-0.37654594,4.773957,fearful,10,03-01-06-02-01-02-10.wav
-293.45184,60.44025,-27.588858,1.2513858,-15.048913,-29.7313,-16.70067,-27.12622,-22.050732,-7.1768274,-17.85454,-19.694191,-3.0618474,-18.723051,-6.3035307,-8.616298,-18.439188,4.1269503,5.720712,11.953989,18.529741,22.437956,10.7418785,7.978032,-0.3784391,6.6420016,1.9518164,5.3004346,-1.9106743,-3.6865335,0.7703088,4.9538674,-6.1899734,-2.340646,-6.783938,0.7499659,-1.8179207,-1.5080085,-1.0088648,7.280856,fearful,10,03-01-06-02-02-01-10.wav
-369.11063,81.3168,-27.786016,6.274674,-13.4198475,-27.923662,-15.66068,-33.98481,-15.0262165,-9.138366,-21.613495,-12.320153,-3.0491757,-19.589611,2.7188082,-5.8974457,-13.842145,-0.35651064,-8.542173,-3.534921,1.2076268,11.671879,14.096367,11.394138,8.046205,7.3527637,-3.046923,6.930006,1.99133,4.8784394,2.558702,7.411742,-0.96879417,7.7081075,-1.7349827,2.2996438,-2.6547067,-5.0995426,-0.50340074,1.0397698,fearful,10,03-01-06-02-02-02-10.wav
-424.90143,108.71806,-20.264055,9.238156,-6.0734463,-16.213871,-14.567829,-30.728655,-6.105657,-5.1821923,-17.0087,-8.185144,-2.4536154,-12.429883,-3.1506648,-7.1509295,-7.3740177,-8.534705,-4.6031785,-7.782311,-9.505206,-2.63643,-7.628963,-6.01306,-7.341313,-6.588113,-9.462019,1.7394706,-3.6859984,2.074246,0.042306136,1.8812069,0.0407433,6.368149,8.921333,15.697379,16.538424,17.135921,10.391843,5.930404,disgust,10,03-01-07-01-01-01-10.wav
-447.56183,110.65678,-21.191236,8.679051,-3.3839602,-14.319703,-18.58293,-31.060383,-1.513102,-4.9507995,-22.422453,-4.113733,-3.6649148,-10.11267,-4.4536867,-10.031908,-7.23235,-8.892534,-6.5620537,-8.856759,-10.495029,-3.568844,-5.941924,-2.2140594,0.2741372,-1.817963,-6.5840397,3.284438,-4.6558123,5.603675,4.040903,9.01599,3.037774,4.0020413,3.4649994,8.6931,10.9527855,11.510572,6.7393575,5.769298,disgust,10,03-01-07-01-01-02-10.wav
-435.5302,99.19396,2.4039226,6.3699636,-2.6434474,-14.646277,-11.342309,-21.97921,-2.9831808,-2.350127,-19.185162,-4.901647,-6.231962,-11.969876,1.5275668,-8.972951,-9.208954,-2.1371295,-5.721351,-10.940806,-8.153248,-2.4248147,-7.622401,-8.63692,-5.8154755,-7.5567155,-9.282588,-3.128464,-8.690756,-3.4421468,-4.8414187,1.1242799,-3.1653397,4.379229,2.3455894,4.2164035,1.6813104,8.097308,4.0671673,11.02859,disgust,10,03-01-07-01-02-01-10.wav
-389.24533,65.90324,-12.482623,0.7790469,-6.1395283,-15.581332,-11.308073,-20.850622,2.976577,-6.746165,-21.571783,0.54302746,-12.522633,-6.591532,-0.700003,-11.856348,-9.223636,-8.62529,-4.5481043,-10.985631,-7.940617,-2.5193405,-9.479201,-4.4477353,-1.0530562,-2.7427022,-1.9798633,8.862667,2.4101365,8.226382,2.6961923,6.229123,2.7217283,9.873106,3.711855,8.12442,3.2953691,5.0965605,-0.058712438,6.349148,disgust,10,03-01-07-01-02-02-10.wav
-325.19153,83.57418,-33.36356,0.70671314,-11.128807,-21.845913,-16.459808,-26.44129,-7.6501074,-7.5697627,-22.709831,-7.470767,-13.089792,-11.743844,-6.407665,-17.043943,-6.717998,-6.800845,1.7754223,0.72559094,-0.20940077,6.9234834,-5.3336205,-0.85037357,-4.418882,-4.8301806,-5.6235776,1.1953123,-3.3663435,-0.60287267,4.564203,7.536042,7.532713,10.902244,2.3187664,6.248953,-0.22895765,6.6812234,2.5047233,3.9653084,disgust,10,03-01-07-02-01-01-10.wav
-312.31714,81.08961,-37.896297,4.148837,-11.772806,-25.654518,-18.497759,-27.388077,-9.534538,-7.765131,-26.32092,-8.997572,-6.6754355,-18.295181,-1.6155353,-14.578155,-14.343215,-9.615704,-9.153641,-4.169857,-2.4834611,8.470096,1.6152452,2.80335,-2.7098444,-0.30847895,1.9742621,13.086771,9.069334,6.7279015,7.6698027,2.1867633,4.639189,2.660661,-1.2630465,3.377586,-4.410155,0.9944,-2.709936,2.191678,disgust,10,03-01-07-02-01-02-10.wav
-334.90005,81.59106,-33.681934,1.4370884,-11.075452,-23.245955,-18.235628,-36.02708,-5.0685325,-9.455497,-27.11254,-4.926831,-15.474385,-16.109846,2.2431643,-16.90468,-11.400792,-11.597794,-6.1785445,-8.605074,-3.9425774,7.6032186,6.084982,0.96445173,9.480406,7.687632,11.559796,21.186941,6.443377,7.033039,-3.9873984,2.5326016,0.8551838,7.2441387,-0.39773083,1.097504,-6.9365745,-1.2268541,-3.110651,-0.17479043,disgust,10,03-01-07-02-02-01-10.wav
-321.609,70.9711,-29.781591,-8.816272,-15.795631,-27.457739,-15.165651,-27.980251,-18.655054,-2.3380167,-22.561338,-13.150402,-9.365446,-15.293573,-5.578787,-14.937971,-8.734969,-6.6931577,-3.6107228,-4.363299,-3.0409708,6.0866942,-1.3923477,8.115017,8.940532,9.096488,5.0176125,5.425895,0.30715042,1.4880947,5.2634206,4.427544,0.6814359,3.8569942,-3.0204673,6.7593627,-0.5594462,5.934814,0.053665884,-0.08970526,disgust,10,03-01-07-02-02-02-10.wav
-344.22153,85.72503,-5.991852,5.793474,-5.0376863,-20.52756,-19.111462,-20.229029,-7.396379,-9.8446455,-23.865683,-10.414659,-12.560239,-15.580182,-1.3559372,-9.889609,-11.9685,2.0704248,-3.4647381,-2.779994,2.0457377,4.292478,0.052801307,-0.8072349,-1.5574937,1.0395913,-5.2617106,10.277782,4.735374,11.071664,3.0347698,0.80614966,-2.7391882,5.4346595,4.5124335,3.678353,0.13087028,0.0557748,-2.2991831,-1.7252319,surprised,10,03-01-08-01-01-01-10.wav
-367.96204,100.31165,-4.106604,9.984548,-8.485962,-17.66111,-14.385222,-17.731411,-14.17922,-5.637324,-19.495802,-12.152711,-4.0295916,-11.19186,-5.5909224,-8.045529,-10.918095,-7.0788393,-5.3443213,-9.487486,-7.044144,1.9256114,-6.753952,-0.2517269,-7.3357816,-0.30614528,-7.5155983,7.720507,3.9858596,5.623455,4.7364388,6.809183,4.318265,6.2741075,3.6093917,5.4731116,2.916245,0.94567853,-2.5170782,0.015364247,surprised,10,03-01-08-01-01-02-10.wav
-294.24887,90.56676,-16.648317,-0.92706615,-13.428172,-17.907215,-21.156351,-23.118286,-16.3514,-3.832265,-26.51202,-15.566512,-6.9211807,-18.35906,-3.000264,-13.530284,-15.438861,-3.0929062,-8.998953,-11.500929,-4.6903176,0.44048744,-3.847222,9.019788,4.0345097,12.196142,8.49022,12.699233,7.502522,1.8652115,4.938348,2.6330626,4.9539967,5.9175982,0.6815539,2.415639,-2.2983744,1.4669931,-3.0853283,-3.0498247,surprised,10,03-01-08-01-02-01-10.wav
-375.37,107.00536,-4.3242316,3.8743122,-6.709954,-20.970377,-20.35845,-19.41385,-9.003928,-6.937991,-23.85311,-12.791884,-5.53483,-19.546993,-0.33207673,-14.507234,-14.900654,0.55015796,-12.30084,-10.877856,-2.9903297,1.1377023,-3.1954203,-3.4293883,-1.696616,1.834595,-0.96230793,11.6625,6.5295177,8.498721,6.5076327,7.676234,0.23442146,4.9919662,-0.3058313,0.3949219,0.2855825,4.2206693,2.7287986,3.8062313,surprised,10,03-01-08-01-02-02-10.wav
-265.97357,84.359,-26.968964,0.46484938,-6.242169,-22.051575,-15.605301,-23.781487,-21.166739,-8.386793,-18.877945,-16.232508,-4.512096,-15.922639,-8.234597,-10.037813,-12.467367,-8.220144,-6.5856466,-4.955374,-5.300237,9.299187,-1.2213696,10.182545,4.2965765,6.504628,3.4557433,5.948289,3.63559,5.2249126,3.6755085,5.1836314,2.5741282,3.594502,-0.05575161,3.4129183,-4.060185,-1.4944689,-2.5265484,0.3550776,surprised,10,03-01-08-02-01-01-10.wav
-279.71356,87.14399,-40.64667,3.53306,-20.174574,-26.22543,-29.297863,-28.116203,-18.404158,-11.398983,-25.740797,-15.826048,-5.22734,-21.233438,4.444968,-9.589967,-13.980384,-0.6780504,4.921845,9.9375725,21.658262,16.00102,6.7822285,-2.7299154,-4.6446996,7.186051,-0.88647425,9.34152,-1.5629191,-4.384448,1.5634816,0.3297564,-2.0396376,-0.63221574,-6.1811724,0.95709217,-2.8352606,-1.5975082,0.19749647,5.6487207,surprised,10,03-01-08-02-01-02-10.wav
-261.44217,67.945045,-17.618383,-15.7225485,-7.861023,-24.693464,-15.523566,-20.03333,-23.994816,-6.030633,-22.578735,-19.315716,-11.699084,-16.700466,-5.5386014,-7.905268,-2.6352017,11.678485,12.714286,11.067495,11.855298,11.798942,-6.134651,1.7897341,-8.790405,0.71551806,-5.727343,3.7188172,-4.71222,-0.67935824,1.5456948,-1.1230348,0.3556197,1.0458786,1.9084786,2.0720139,1.4365491,3.3702078,1.6990299,-0.2139896,surprised,10,03-01-08-02-02-01-10.wav
-249.924,75.02641,-9.672956,-6.9323254,-6.592308,-18.507122,-20.350266,-24.393644,-20.341122,-4.6046333,-22.074898,-21.949434,-10.924384,-15.697884,-7.7534766,-13.655991,-14.059951,-7.692182,-3.3987741,-5.788167,3.182482,16.874697,5.276005,22.959846,11.124507,12.756881,1.2290664,5.9001846,1.8302655,-0.47240442,-0.96681976,-3.180406,-1.7457966,-0.05014799,-1.6490612,2.5778832,-1.9554385,0.8250843,-2.274667,-2.386867,surprised,10,03-01-08-02-02-02-10.wav
-520.39905,112.62457,33.937004,19.828917,11.676127,-3.5258727,-1.6883906,-6.4328346,-10.902861,-8.327402,-1.009174,-6.328068,-7.923705,-3.5834012,-3.140218,-0.9260388,-7.8119135,-2.8396916,-4.877326,1.2284014,-11.507907,-0.7499435,-4.8626213,-3.584208,-8.307292,-0.8553883,-7.1238976,1.5025144,-7.397272,0.57104826,-1.0184561,-0.68562895,0.14729926,1.4355476,-4.3969216,-2.9748363,-4.4568233,-3.742706,-5.419732,-1.8186003,neutral,11,03-01-01-01-01-01-11.wav
-487.96786,110.841484,22.70901,17.153502,5.370355,-3.751093,-0.19003205,-10.384286,-15.383902,-7.8292274,-2.38777,-6.2427435,-11.27164,-4.9353943,-3.2831247,-0.5870039,-5.1721454,-4.135866,-6.538893,-2.898156,-12.877133,-0.90418047,-2.9342449,-2.2250347,-9.351859,1.1764809,-9.269096,2.0394762,-6.7902617,-0.6450105,-2.1550164,-1.4132274,-0.53631777,0.6795005,-4.457229,-1.9662948,-5.3726254,-4.5539265,-6.660119,-4.4660983,neutral,11,03-01-01-01-01-02-11.wav
-502.16623,99.9188,26.6933,26.754616,7.549447,-2.3398733,-2.16491,-8.656483,-13.356234,-6.0533786,-2.2773027,-9.291057,-9.0885105,-7.039773,-4.1915493,1.3517169,-8.587577,-5.549865,-4.597025,-4.051686,-11.115712,-3.0767066,-3.6703916,-2.814055,-8.548357,-0.312529,-8.219551,-0.094748184,-4.965773,-0.025637133,-3.1721456,-0.37677363,-3.256427,0.33495778,-5.019024,-3.1594381,-5.5909843,-1.8061991,-6.7473297,-2.4084551,neutral,11,03-01-01-01-02-01-11.wav
-490.6272,104.94322,28.700329,25.048891,9.34741,-1.2316821,-5.8429646,-6.0939617,-14.8279505,-6.06847,0.72862524,-7.4811974,-10.690284,-9.187042,-4.48788,0.67262125,-5.595407,-5.12716,-5.3764434,-1.673503,-13.242219,-3.214725,-4.4972615,-3.4596844,-7.204061,-0.29201633,-7.703506,-1.0071865,-5.6200876,1.2467544,-1.8039051,2.1695943,-3.302795,0.050092604,-5.3413177,-2.1327214,-5.2105627,-1.4147273,-5.7811346,-1.9972253,neutral,11,03-01-01-01-02-02-11.wav
-555.9921,94.6033,26.102749,26.495543,16.974276,8.016087,2.9275525,-3.7241015,-10.861515,-0.19158402,2.6794574,-3.7493975,-9.729719,-3.152112,0.02658731,-1.3556772,-3.057852,-5.6964626,-3.536723,-0.13429424,-12.083158,1.0196955,-3.8978207,-3.766396,-6.4353075,0.3761645,-7.192118,0.91353124,-6.6166177,0.3145932,-1.4503214,0.022276806,-3.9660883,-0.34851187,-5.2300725,-0.33291292,-3.4254124,0.06772144,-4.902427,-2.9593496,calm,11,03-01-02-01-01-01-11.wav
-546.1597,103.90399,22.829828,27.668713,14.777201,6.707709,0.141633,-2.6658719,-5.7138762,-0.39230293,2.8809595,-4.0946703,-6.7940855,-2.9199662,1.4572165,-0.3411005,-4.157034,-3.7450373,-3.7559104,-1.5120554,-10.107639,2.3954382,-6.115507,-5.0013576,-5.128703,-0.5175161,-7.0362906,-0.13426206,-5.59103,-1.2074038,-2.4223473,1.5751727,-3.3159478,0.4540647,-5.7577233,-3.2064402,-4.850239,-1.4872688,-5.7170672,-1.170707,calm,11,03-01-02-01-01-02-11.wav
-513.69946,102.67485,27.357939,27.49061,7.7225695,4.3495235,-3.575915,-10.231511,-9.931498,-3.0567045,1.7085519,-4.683912,-6.0185003,-5.2940154,-4.064169,0.3293363,-5.7553215,-4.647072,-3.904428,-1.1506711,-9.211626,-2.3262305,-4.345479,-5.5477676,-7.571498,-0.21957342,-9.008133,-0.20905143,-7.171603,0.6991999,-1.6522514,1.2471535,-5.452421,-1.5214405,-5.8304243,-1.9659495,-4.5324516,-1.5248226,-6.069707,-4.352317,calm,11,03-01-02-01-02-01-11.wav
-555.1996,91.74037,25.860579,27.987839,12.653276,10.651396,-2.8309972,0.5492708,-8.560557,-0.4659346,7.8564157,-2.0665507,-9.303753,-4.6411915,-2.129074,-2.2604578,-4.130637,-6.9612427,-5.2779765,1.4252748,-13.782301,-0.9555111,-3.724796,-5.237641,-8.95811,0.6644689,-8.150238,1.4674126,-5.249708,0.51348835,-2.4211671,0.1920633,-3.184316,-2.4353561,-5.153,-1.2673515,-2.8951237,-0.27940133,-6.562038,-3.2027447,calm,11,03-01-02-01-02-02-11.wav
-578.7684,99.34827,24.524134,27.467752,19.522837,4.335808,-0.8790777,3.3119738,-4.738809,0.22344704,6.26422,-0.033664018,-6.6006446,-0.1349715,-2.06721,-1.9541711,-2.9193938,-3.8518114,-3.4576585,-0.30941105,-8.909719,-0.8849438,-5.605417,-2.1420171,-6.688734,-0.76883876,-6.167044,1.0622026,-5.505025,2.166486,-2.8607042,1.4431595,-3.7654455,0.47056308,-4.6224327,-1.4297873,-3.746245,0.61026204,-4.3962836,-0.73478425,calm,11,03-01-02-02-01-01-11.wav
-570.96686,85.22048,21.689611,32.13057,15.017039,4.390505,-1.2810575,1.6881533,-7.57486,-8.151208,3.7643068,-6.973923,-8.739336,-3.0040116,-2.4115944,-1.243919,-5.0254297,-4.8625975,-6.3664074,-1.5903472,-12.8357115,1.3825071,-3.1369083,-4.3300247,-6.6840277,1.0977591,-9.607662,-0.043929063,-4.1233597,-0.5686984,-3.9702032,0.6586395,-1.9374626,-1.2362581,-4.419424,-0.9708348,-3.8114307,-0.6257058,-5.116756,-1.9006885,calm,11,03-01-02-02-01-02-11.wav
-555.4709,87.1122,26.401752,24.164469,15.376294,4.823985,-1.3927894,-2.3981912,-9.546536,-1.7759758,5.5356154,-3.4438605,-7.681622,-5.4259553,1.8544152,-4.3562837,-5.774481,-5.647707,-6.3008723,1.1421338,-10.818379,2.21834,-4.4397955,-5.6082,-7.596125,0.7890457,-7.9002795,-0.99390364,-6.499327,-0.34307978,-2.3005927,2.1144855,-2.9645274,-1.1714027,-4.0069156,-1.8452978,-4.443094,-0.8711833,-5.847031,-1.6835629,calm,11,03-01-02-02-02-01-11.wav
-565.07983,92.51709,26.428944,25.664642,14.0157385,5.569661,-1.2091916,-2.2092562,-8.2844515,-4.6924667,7.9629574,-4.0287676,-6.103889,-4.9216647,-3.630207,-0.53102785,-7.52415,-4.569858,-3.0546198,-1.6234701,-9.787654,-0.37313306,-3.619424,-7.4838805,-7.5722976,1.2016251,-7.39206,2.0084941,-6.3132877,1.4850368,-2.9720213,1.3987665,-3.4202058,0.7106365,-5.510304,-2.520206,-4.749065,-0.6592691,-5.299234,-1.8522447,calm,11,03-01-02-02-02-02-11.wav
-454.47104,117.30074,9.842744,5.3041778,6.2049026,-5.048253,-11.567829,-16.421106,-16.23394,-16.221884,0.49113083,-6.132728,-12.768612,-3.4031475,-7.874954,-2.6136315,-6.3701477,-9.174738,-6.8668876,-5.7268295,-14.542609,-1.1866871,-8.363926,-3.6018784,-7.377323,-0.9565074,-9.452187,2.0702395,-8.505305,2.0229774,-5.340957,-0.6297397,-3.250991,1.2925135,-6.1968236,0.42459503,-3.609391,2.3109653,-2.108002,6.1839786,happy,11,03-01-03-01-01-01-11.wav
-446.09888,112.371635,13.508496,9.256855,7.7129855,-0.39971069,-12.430796,-9.850287,-16.264067,-9.925109,0.40829098,-8.461607,-8.64164,-8.320235,-2.520912,-4.3514414,-7.3365912,-4.9793143,-5.322167,-5.473773,-11.840804,-1.0162308,-7.4319925,-2.40479,-8.286492,0.13940641,-10.041911,-0.9174741,-7.222796,-1.3956941,-4.0119815,-2.5859475,-1.8600038,-2.414529,-7.1472325,-3.618552,-3.1915286,1.8416126,0.46882743,4.0874887,happy,11,03-01-03-01-01-02-11.wav
-435.8842,104.57971,12.380449,11.502836,3.6840887,0.10358588,-15.987127,-12.14745,-19.50074,-13.599499,-2.031014,-9.692537,-5.23083,-10.525812,-1.0503541,-2.3265781,-10.847968,-3.9454057,-4.769216,-4.2452226,-15.192506,-2.767741,-8.842273,-8.475798,-6.298426,1.1881768,-9.685549,-0.87055856,-7.7985206,-0.9364219,-4.4377394,-1.6949278,-2.807222,-1.6602103,-8.431201,-3.3777423,-5.305567,-2.2390418,-8.198897,-3.576602,happy,11,03-01-03-01-02-01-11.wav
-427.81503,97.50328,19.679125,16.306175,4.1497397,-4.0152407,-8.807993,-10.857108,-13.3944025,-16.146214,-0.62719554,-7.73408,-10.450865,-9.43931,-0.17198876,-3.313334,-9.839678,-3.9243562,-6.0931997,-6.481343,-15.413491,-2.0036051,-8.780364,-5.4604535,-7.696978,-0.18637241,-8.849702,-2.708286,-8.807138,0.38282013,-3.95874,-1.8223512,-4.9039736,-3.1293297,-8.396482,-3.198912,-4.3363466,3.4204533,3.1492963,8.713094,happy,11,03-01-03-01-02-02-11.wav
-328.95663,86.825165,2.5847876,8.197103,-4.4499435,-3.8129141,-6.514236,-2.1154382,-14.399102,-11.943671,1.5914037,-6.1328964,-3.389006,-5.7355757,-2.8387206,-1.8301067,-8.679145,-1.8294919,-5.5116944,-4.397193,-9.419671,1.0464981,-8.030481,-1.5277815,-4.54946,3.2544332,-1.6145754,8.069049,3.0862405,7.255954,4.4087224,6.094898,2.6530035,6.4553657,6.0977073,10.9144125,10.237231,13.173078,4.4228787,3.6358802,happy,11,03-01-03-02-01-01-11.wav
-307.07117,80.00471,-0.91065574,9.410324,-2.5200338,-9.869167,-6.3389773,-2.6137838,-15.281126,-11.343153,0.49924546,-4.1065717,-6.1405954,-4.385159,-2.1769302,-0.1849011,-9.108919,-0.58685726,-4.979548,-2.3219235,-8.133679,3.0727034,-9.590608,-2.126947,-8.420706,0.5851077,-5.2244453,5.4096117,4.6276064,8.459058,8.362154,15.350868,7.885497,10.449467,5.919433,6.3369036,3.519881,5.3679442,4.446869,8.549196,happy,11,03-01-03-02-01-02-11.wav
-326.20618,75.36131,-9.595032,-0.8350853,-12.864666,-12.961004,-11.718376,-7.5037947,-22.0807,-16.539276,-4.327354,-10.326739,-5.36516,-12.80643,-6.1714344,-5.5279016,-17.042316,-2.3640294,-9.522326,-4.36202,-11.651638,-2.0769114,-12.663719,-4.904202,-7.8175116,-3.99838,-9.964129,-0.74637306,-4.7866306,4.3530912,4.3000193,12.192096,9.876352,15.748712,10.052385,12.226676,5.4694757,6.390208,0.7715236,3.497573,happy,11,03-01-03-02-02-01-11.wav
-328.21774,83.8138,2.7230127,3.2954273,-8.899014,-8.292894,-14.539175,-10.17283,-16.443403,-21.40936,-3.9140966,-7.3024125,-9.836099,-10.730325,-5.354605,-1.8363216,-17.250471,0.4645661,-4.128678,-6.087037,-13.199113,-2.5511875,-10.3094635,-4.113215,-9.164908,-1.7767003,-8.962117,-5.5587106,-6.7799087,-3.1476712,-3.9458206,5.704728,2.8789966,8.079462,5.4210024,9.18015,8.403137,9.111731,4.9635653,8.067153,happy,11,03-01-03-02-02-02-11.wav
-497.11185,90.50825,15.778201,24.987373,11.104844,-1.8288693,-5.1319227,-0.9973572,-14.479781,-6.6666803,2.0573282,-8.349507,-8.049159,-8.921272,-2.5360434,0.020847136,-10.712626,-3.7020154,-4.7263536,-0.41837052,-12.892898,0.13403335,-6.6792574,-4.181934,-7.464848,0.1407735,-11.034901,0.4164742,-5.227925,1.0990976,-2.9205465,-0.06956669,-0.090282336,-2.1473486,-3.5495672,-5.595239,-5.924322,-2.4596763,-6.883015,-2.0896971,sad,11,03-01-04-01-01-01-11.wav
-571.51447,88.60367,29.660389,33.289886,15.14206,4.4570193,2.9957013,0.72028047,-8.719181,-7.4183135,5.388007,0.44858357,-2.6282332,-3.702136,1.7243906,1.5185927,-1.853783,-2.9917161,-3.022645,-0.6545392,-5.9545364,1.6295853,-3.0943482,-2.8743927,-3.8121772,2.4255624,-6.6584487,1.6534218,-4.0769367,0.15759237,-2.3447373,1.1915176,-0.63734376,1.161987,-3.6737127,-0.8003055,-6.2025595,-0.47129378,-5.079894,-2.2790174,sad,11,03-01-04-01-01-02-11.wav
-524.71857,90.914474,31.938704,30.267286,3.6756415,3.9458082,-4.290852,-1.2154436,-10.543892,-11.323661,2.4551983,-8.417631,-7.9241486,-9.921516,-2.5011284,0.40689865,-11.359839,-4.5725074,-6.312655,-0.98484135,-11.899026,-1.9460877,-4.187368,-5.7529783,-7.3231726,0.7009765,-9.456946,1.7352525,-6.335786,0.20322269,-1.6127328,1.114231,-0.7719594,1.103134,-6.330995,-2.3169785,-5.4217896,-1.7731723,-4.1603456,-2.8865426,sad,11,03-01-04-01-02-01-11.wav
-498.8411,94.104645,33.310963,26.207834,4.327847,0.9689382,-0.8566221,-1.5512501,-12.314392,-8.66658,0.36216813,-8.871548,-7.1055007,-11.137163,1.3200842,-1.9551262,-8.933408,-6.00885,-4.285088,0.035803113,-13.081802,-1.509718,-6.933872,-4.109652,-9.594768,-0.040221736,-6.6668262,-0.27168012,-3.30802,-1.3572202,-1.7503371,0.9991037,-2.98292,0.6742754,-5.8237376,-0.7599589,-5.209717,-2.6467192,-6.2936935,-1.7405211,sad,11,03-01-04-01-02-02-11.wav
-401.90662,96.37395,3.283939,10.323377,-4.305918,-3.52013,-10.353074,-9.437936,-15.00524,-17.141434,-5.511878,-5.35737,-7.559774,-5.3042936,-4.9500966,0.3334692,-8.697577,-2.6436405,-7.50283,-2.282188,-11.265088,-3.9102259,-5.480003,-0.09426976,-9.228435,1.3337166,-4.0728064,-1.216237,-1.9523562,-4.428139,0.26350296,-0.26761928,-0.42406327,3.0204425,5.1196346,8.103585,6.533331,7.124906,1.502745,0.40966934,sad,11,03-01-04-02-01-01-11.wav
-415.73578,92.43256,0.7112095,14.07312,3.4242136,-3.5235233,-12.088069,-9.303388,-16.232864,-12.051908,-3.7893784,-6.2449784,-5.71685,-6.8604593,-6.475085,-0.4818087,-9.93661,-3.7683387,-10.411152,-4.3605,-10.832176,-4.548538,-6.84041,-2.3881977,-10.795812,0.7362109,-6.994837,-0.62939596,-1.4726317,2.5285428,2.416785,7.241464,6.209305,6.936076,2.7139497,2.6649878,1.4798956,3.6860783,5.866408,10.687093,sad,11,03-01-04-02-01-02-11.wav
-368.90857,81.37822,3.7558136,1.434217,-7.4297214,-11.620495,-9.212124,-18.482792,-22.01974,-19.472,-10.025709,-5.5816684,-11.857868,-6.9792376,-4.2520113,-2.4399521,-14.805629,-4.6170754,-11.796315,0.97573805,-18.140938,-4.5380497,-8.950986,-6.4444847,-11.679659,-1.0429742,-10.421715,-3.5111835,-5.472281,-1.7401773,0.66261995,0.96975213,6.5422945,8.635665,5.2518735,8.585574,3.9986787,5.6114693,2.175964,4.7024164,sad,11,03-01-04-02-02-01-11.wav
-370.3947,79.05972,8.581619,7.9219866,-5.5862656,-6.8832903,-13.811049,-13.988916,-19.362537,-21.237358,-4.139713,-7.731229,-11.469161,-6.7357435,-4.951375,-1.7325385,-14.424266,-4.664114,-8.138727,-2.0475867,-15.165426,-4.3611407,-6.1917562,-6.359177,-13.728294,-0.45357272,-9.050853,-1.153794,0.9723332,5.015814,7.4349766,7.8940587,4.50776,6.1446123,0.53931826,2.7935581,5.741953,6.772466,7.0384564,7.4851584,sad,11,03-01-04-02-02-02-11.wav
-342.69153,88.23927,4.7840166,10.292549,-5.2836056,-9.32193,-5.0222,-6.4102945,-16.213057,-11.296834,-1.1059902,-8.326223,-7.0241957,-5.672618,-4.0686984,-3.391524,-8.609348,-3.7635045,-7.735942,-4.094435,-10.831002,-2.1473603,-8.370409,-3.9184785,-7.863737,-0.43883732,-7.40173,1.9152671,-4.1239777,-0.5432144,-2.4019675,2.5538237,0.66848385,5.3645387,1.8754183,4.711296,-1.2204967,3.279127,0.7697756,5.7968407,angry,11,03-01-05-01-01-01-11.wav
-386.81888,93.08901,14.100395,17.273561,-4.1049757,-2.7516723,-6.789983,-3.5917368,-16.577267,-9.3864765,1.1520866,-9.363342,-2.1062934,-7.323866,-1.7903686,-1.9629654,-8.336276,-4.603621,-5.107514,-4.7299857,-8.311993,0.44042695,-6.660416,-4.33267,-7.8501906,-0.74507684,-10.973776,0.2930968,-5.6769114,-2.2671268,-1.9937807,2.892247,-1.3515218,0.7545743,-2.8504033,0.8659922,-2.980873,0.48335454,0.7477093,4.781723,angry,11,03-01-05-01-01-02-11.wav
-329.77713,83.47627,-1.2415851,5.084317,-14.736002,-6.9260178,-10.038411,-11.236009,-18.99062,-19.304918,-0.0088057825,-12.09689,-6.1400094,-7.841922,-6.180765,-8.494484,-12.443663,-6.693391,-5.6729565,-8.780815,-11.322337,-1.9589539,-10.17049,-6.392381,-9.508613,-0.67872167,-14.649843,-1.9720718,-11.186624,-1.5169291,0.8796776,8.441093,7.751074,10.782654,2.301538,1.5428239,-3.3549094,0.15685561,0.64401937,9.19981,angry,11,03-01-05-01-02-01-11.wav
-343.3228,84.75292,1.6466988,5.3243856,-13.009468,-3.7336252,-11.43428,-10.122503,-15.982996,-18.136335,1.2074487,-14.039821,-5.0108657,-8.099285,-6.269144,-6.9881926,-13.878789,-5.825503,-4.2613144,-8.332493,-11.403753,-3.1291704,-10.2760935,-6.753251,-8.804933,-2.0822,-12.114397,-2.0859647,-9.675328,-2.415675,-4.444557,1.9883057,-0.33063743,7.8624144,-0.000109093984,5.2558174,0.6721412,0.8620241,0.066039056,4.945266,angry,11,03-01-05-01-02-02-11.wav
-237.90569,66.82247,-5.120335,10.54685,-12.196233,-12.325694,-7.712443,-2.5088134,-14.152244,-15.928842,-0.769459,-4.885177,-7.5737386,-4.748328,-5.603438,-2.1347518,-10.817497,-2.4731174,-7.9073377,-3.4492292,-8.69406,-0.0254914,-2.0463336,3.0790827,-1.2667792,4.5112405,-5.113209,1.5028667,0.14908607,3.886944,3.4623241,8.963632,4.580963,8.599453,11.50731,16.40999,9.928384,10.286899,1.3589242,6.0376945,angry,11,03-01-05-02-01-01-11.wav
-183.7962,52.213028,-18.267452,5.19269,-25.37282,-12.605179,-13.085963,-4.1484747,-17.230247,-16.931013,-1.9451677,-7.2077107,-7.0168347,-3.3010628,-4.5232406,-6.6342545,-6.943003,-2.3416889,-6.7857084,0.6994239,-3.6235778,6.000089,6.977708,15.014498,14.350063,19.307089,7.956631,13.354607,4.8744435,4.8096256,1.1147045,7.234168,7.228676,9.320038,1.2096639,5.361277,2.0135581,6.379799,-3.1035745,2.19068,angry,11,03-01-05-02-01-02-11.wav
-185.14194,65.05501,-6.3824286,9.676714,-19.133802,-20.542763,-3.586098,-2.1763108,-14.050575,-16.52088,-0.02158196,-7.795919,-6.1268835,-2.9763007,-9.294039,-7.8657246,-12.69102,-4.1233177,-11.146297,-2.9382308,-5.3402586,4.6447926,-2.3433177,6.676486,3.328262,5.9022355,1.4488459,8.007769,7.5209174,12.150565,6.551999,11.520309,6.730908,11.563942,7.0516925,7.8055496,-0.7088507,2.2300234,0.090061136,3.914867,angry,11,03-01-05-02-02-01-11.wav
-160.62434,35.580593,-17.50316,-2.959653,-28.304804,-16.31254,-7.939166,-4.723163,-15.594187,-20.601013,-0.24501923,-8.285303,-10.045438,-4.144837,-9.889583,-10.860085,-16.197708,-1.1459237,0.47521308,13.035445,8.460713,15.174731,2.1295512,11.54263,11.226278,19.916142,12.754403,10.336003,-0.8091108,1.521579,1.461506,7.4514127,-0.123801515,2.2319295,-0.8865025,5.542499,1.2688497,7.411683,2.5762706,3.5597143,angry,11,03-01-05-02-02-02-11.wav
-433.0065,87.1624,17.302557,16.89957,-0.905465,-1.45408,-3.1946998,-1.3390948,-11.112351,-8.076824,2.0542438,-7.986402,-4.7943234,-6.877684,-4.749694,0.29560694,-11.10815,-2.9353962,-4.119393,0.37250745,-11.807224,-2.8626826,-6.325068,-4.6996055,-7.2295966,-1.1946949,-11.183339,-0.053991392,-6.823822,-3.1837578,-1.7021022,-0.9206397,-2.2436452,-2.9875445,-4.739411,-4.662116,-3.6029146,-1.654089,-5.070554,-2.3433933,fearful,11,03-01-06-01-01-01-11.wav
-405.69507,87.89355,20.125227,12.480053,-2.910989,-5.3972435,-2.1010692,-0.12250387,-12.8239155,-11.628894,-0.5897746,-6.086897,-6.3275795,-6.050434,-4.7876997,0.114061974,-11.322499,-3.2218566,-4.583621,-2.7757266,-11.309043,-0.2954379,-8.099298,-3.1586707,-7.86918,0.061315082,-11.9017515,0.20676515,-5.103819,-3.0121553,-3.3596792,-1.968222,-5.306999,-0.79878134,-6.3524194,-4.044103,-6.487935,-2.1766725,-1.7406535,2.7283936,fearful,11,03-01-06-01-01-02-11.wav
-378.47464,90.6657,12.461244,11.880629,-0.6262534,-4.339909,-5.7577066,-17.817183,-16.14301,-13.2360115,-5.0411186,-8.465081,-9.812148,-7.2962666,-4.9559674,0.86663955,-16.592659,-6.963805,-6.58121,-4.0567694,-16.024435,-2.971487,-8.244495,-6.1788125,-10.176887,1.3579338,-11.602947,-2.8881607,-5.281067,-2.9986935,-5.118114,-4.007321,-7.6308255,-4.1201153,-4.3279757,0.988127,3.309963,5.022529,2.195277,4.218062,fearful,11,03-01-06-01-02-01-11.wav
-388.05557,92.57037,15.067353,11.479861,-1.9360375,-5.6916265,-5.3715386,-10.989883,-11.252518,-13.151884,-4.8394713,-8.266065,-10.80065,-4.9882956,-3.449569,1.2628301,-15.097575,-6.8970222,-7.3815885,-2.3208232,-13.067445,-2.083764,-6.593644,-8.523853,-9.88402,-1.4977572,-11.810776,-4.722362,-8.422476,-1.5288973,-3.2200568,-0.6373422,-3.2505543,-5.213859,-7.4712563,-6.899222,-3.512651,1.2446388,0.9526227,4.175589,fearful,11,03-01-06-01-02-02-11.wav
-247.30896,69.53594,-16.63314,8.903429,-6.7588663,-15.899477,-7.925439,-8.384544,-18.938328,-14.000048,-7.842795,-4.28052,-11.319285,-7.5342717,-9.27285,-4.3855224,-16.082787,-6.441012,-6.3274903,-2.1683886,-13.32194,-5.7750754,-8.394162,-6.4470134,-8.194627,0.19242038,-11.903836,-2.451802,-0.30795616,11.595579,20.992758,23.718723,18.731485,11.171027,-0.64718676,3.3548791,1.0662404,6.9304843,6.5204577,3.2440531,fearful,11,03-01-06-02-01-01-11.wav
-235.94849,59.347206,-11.261418,6.5824356,-6.880815,-14.553537,-8.286382,-4.189866,-16.011616,-10.055016,-6.508844,-6.840962,-12.451364,-3.2921374,-9.084772,0.38790783,-12.586091,-5.7608027,-4.4184494,-5.376582,-9.244639,-4.1187906,-7.1236296,4.4096465,4.190042,20.393333,11.956823,16.175371,14.990944,13.425782,9.99673,9.994973,6.204718,7.9932494,3.1308177,5.1282578,3.1196623,1.284817,0.07547537,1.3297787,fearful,11,03-01-06-02-01-02-11.wav
-207.91412,43.801144,-17.8947,1.4436189,-14.383507,-23.9211,-8.071102,-14.40343,-22.378855,-15.944973,-11.807843,-5.6594563,-13.2288265,-8.7962,-8.832338,-1.5029656,-17.792416,-5.888809,-9.925335,-6.7236743,-10.664944,-1.408413,4.5806317,10.636636,6.8139195,18.84599,3.7951345,12.454731,9.994065,11.12043,3.0513144,-0.014780197,2.9793832,6.9157014,3.1108553,3.2505937,-3.5423474,3.6078951,2.3976774,2.5453613,fearful,11,03-01-06-02-02-01-11.wav
-200.4509,43.107975,-13.145104,-6.1092944,-18.950203,-14.914974,-12.687025,-8.562122,-16.612234,-19.00602,-7.3977137,-7.9758635,-12.25797,-7.725968,-9.360126,-0.69542754,-18.982847,-5.7450976,-9.599069,-5.932231,-8.856212,1.9314296,0.24049021,15.0210285,14.462476,25.609781,15.94068,14.6838,6.189784,5.071907,1.014758,7.072907,6.392417,5.807625,1.9584106,1.8049304,-2.4641306,1.7535596,1.3852912,1.4472733,fearful,11,03-01-06-02-02-02-11.wav
-448.81912,90.353165,19.75308,26.465841,-1.4187845,-1.5652484,-4.6819167,-8.447979,-14.216829,-13.021908,2.1737127,-8.559912,-8.945517,-5.740702,-3.273037,-2.8866026,-10.466557,-3.5429835,-4.1660175,-3.169287,-10.357686,-2.6166422,-6.9648495,-5.660775,-5.3107715,-4.3204684,-8.549,-1.7684149,-5.470446,-1.5725869,-1.9672184,1.903344,-0.18755388,1.4150233,-4.655268,-1.2188057,-2.7566974,0.19691171,-1.9745878,2.1538403,disgust,11,03-01-07-01-01-01-11.wav
-425.8161,91.46984,14.401616,29.467627,3.9977918,-6.3593636,0.07996735,-7.387749,-11.582982,-10.911658,1.4740386,-8.189785,-5.432513,-5.76222,-2.8259346,-1.0846863,-8.254319,-2.9004269,-2.0837743,0.26179558,-10.908508,-3.9098258,-4.885489,-6.6935716,-4.6978693,-2.379321,-7.4173694,1.107605,-5.8508224,0.82852286,-1.0319597,3.4103322,0.89652276,0.20565769,-4.299112,-0.70436263,-4.840257,0.48877898,-0.8119357,3.042696,disgust,11,03-01-07-01-01-02-11.wav
-437.34564,100.42161,22.216923,13.378097,-8.244764,0.49251685,-8.664778,-6.1510043,-9.194101,-15.174432,3.1280882,-11.540117,-6.916409,-6.6777716,-1.9009361,-4.6388793,-8.395051,-8.812247,-2.558611,-1.5053065,-13.560413,0.74976313,-6.755635,-7.608849,-8.27577,-2.4084647,-8.882028,-3.7558544,-6.5747757,-2.8412194,-2.0581486,0.025673745,-3.571759,-0.008163555,-8.067685,-1.4500791,-7.6941886,-2.0333931,-5.365245,0.5150609,disgust,11,03-01-07-01-02-01-11.wav
-441.4339,102.25833,22.825005,16.458538,-10.641886,-5.9384856,-5.7415476,-5.4688377,-13.07636,-13.186345,2.3079295,-12.650177,-8.089349,-6.274263,-3.7104645,-7.5494986,-10.480628,-9.3565235,-7.648402,-4.7415943,-10.212068,-1.1772497,-8.005484,-7.3035927,-8.322021,-0.780083,-8.893291,-2.6409686,-5.397524,-2.9731436,-3.2475078,-1.5204852,-2.079462,-1.996432,-8.061445,-3.861527,-7.705597,-2.7071877,-4.6253986,0.8362363,disgust,11,03-01-07-01-02-02-11.wav
-384.69305,84.01609,13.08885,20.496792,-1.7276758,-3.1222682,-5.259435,-5.027182,-15.871926,-10.344652,6.575016,-6.958662,-4.6091866,-3.1610956,-2.6189363,-5.8716655,-6.0152583,-1.6324235,-2.6480372,-1.8349516,-8.868195,-1.4224898,-7.970861,0.073248066,-5.275464,-3.8944428,-4.3747153,1.1313816,-2.980522,2.5474553,1.5953234,1.3157355,-1.5350583,-0.19712837,-2.885924,2.753686,-1.237389,5.664122,1.3110023,3.626448,disgust,11,03-01-07-02-01-01-11.wav
-501.64407,71.95984,13.938155,20.394926,5.624834,1.4756762,2.8731036,-2.1589296,-8.860382,-0.68528104,5.257604,-5.802595,-3.587594,-1.7717817,1.1221553,-0.5650178,-3.5579264,3.4078515,-1.5980233,-0.27728555,-2.5964613,0.6822536,-4.0768585,0.5447321,-2.1131332,-0.6944217,-5.349604,2.084471,-3.8562346,1.9878331,-1.2356633,0.12534288,0.5342309,-0.29959282,-1.9628448,0.6337058,-2.2814112,-0.94060296,-2.032792,-0.959226,disgust,11,03-01-07-02-01-02-11.wav
-416.26382,96.52424,22.918316,7.6066275,-10.35255,-2.8889763,-4.4352603,-11.9852495,-18.749737,-15.319066,1.8368838,-9.144218,-8.253605,-5.6465526,-5.337472,-9.569744,-12.624186,-10.65948,-3.5672474,-5.1459312,-11.985152,-2.277569,-9.615632,-5.597157,-6.14701,-3.0766518,-9.849573,0.0043683443,-7.827106,-2.6175697,-6.0193877,-2.5009491,-4.4799266,-3.0027127,-5.8891883,-1.9430617,-4.915146,-3.7687619,-5.024053,-1.1651412,disgust,11,03-01-07-02-02-01-11.wav
-383.47684,82.8279,14.129013,11.904452,-10.715404,-4.8392076,-7.0658274,-9.4513855,-11.896887,-8.005718,0.3556022,-8.3676405,-10.29482,-5.4740324,-4.672963,-12.491131,-5.425536,-3.9055324,-7.1408653,-5.9509597,-12.076811,-1.5717506,-7.9137597,-6.8512344,-7.130824,-4.41479,-13.164652,-3.5857189,-8.65371,-2.7790267,-5.678157,-0.2824961,-7.642882,-3.5413337,-6.1970377,-0.22420673,0.6498797,5.038862,-0.08126483,2.9776218,disgust,11,03-01-07-02-02-02-11.wav
-429.0752,86.403984,12.604805,2.9147582,-5.1133513,-2.6733277,-12.382348,-15.495623,-18.348618,-14.115997,0.33229157,-8.720197,-11.424093,-8.4643545,-6.1167293,-9.810922,-10.580537,-8.679418,-5.8132253,2.5512364,-9.616337,8.045953,-0.7660739,-2.8951948,-0.8461744,-2.5281062,-6.631264,4.14629,-1.9479303,7.535214,5.241909,9.326242,4.669437,4.0454335,-1.0517014,0.7880359,0.18448937,4.304142,0.53265876,2.1740355,surprised,11,03-01-08-01-01-01-11.wav
-414.0824,91.09113,12.841563,-7.1874614,-10.521441,-7.337948,-15.387549,-13.940942,-18.581224,-17.888369,-4.829752,-10.675296,-13.854627,-10.931827,-0.57703066,-12.806247,-12.518951,-4.9328866,-8.281304,0.24846499,-7.3732505,6.0490246,3.6381009,-0.7763295,1.8768228,5.3501077,-2.7236812,11.28801,6.976064,14.519092,10.990588,8.072419,4.1090283,5.2714543,-1.2891936,1.8101524,-1.3146893,0.9273611,-2.4763765,3.1386414,surprised,11,03-01-08-01-01-02-11.wav
-338.84967,77.66824,7.2872806,8.517191,-8.076822,-12.049513,-6.305843,-5.5168815,-19.351635,-15.088706,-3.2831597,-11.555986,-11.476965,-9.995263,-4.516274,-2.0457883,-12.881887,-3.9094195,-6.564494,-5.787161,-13.909643,-0.81591374,-11.06402,-7.533712,-11.724993,-3.1941435,-9.591889,-2.4002671,-0.22268288,7.3301415,5.8340607,8.963258,2.280711,6.058851,1.648902,6.9581957,4.0496798,5.624097,1.5407677,3.4703562,surprised,11,03-01-08-01-02-01-11.wav
-359.25803,66.99566,3.2796974,1.119598,-3.9052684,-8.286973,-13.618434,-12.356686,-23.284895,-12.715082,-3.6086369,-9.172607,-11.3674755,-8.253235,-6.80051,-7.5187197,-12.593004,-7.0187635,-10.533381,-9.2291975,-18.156572,-0.2736896,0.8486669,5.074503,7.161857,8.933395,-2.7803266,3.3948798,-2.987002,9.520124,10.234477,14.213624,9.541172,12.505149,2.7318525,0.51326764,-4.3241386,0.70565104,-0.95681286,2.7458885,surprised,11,03-01-08-01-02-02-11.wav
-363.60608,71.11417,1.1098748,3.4792817,-11.334722,-9.976117,-13.376201,-13.869117,-17.200909,-15.736712,-4.699082,-9.872716,-15.293663,-12.72562,-5.862284,-12.470932,-10.084939,-9.495556,-8.780464,-2.7193577,-9.738877,1.9220053,0.69118565,0.03374831,-1.607035,7.2638106,0.39091206,16.922976,8.468606,14.710025,10.931794,10.07586,0.70822126,-0.19937754,-0.6058556,5.36998,-0.06468169,2.831845,-2.9878585,1.6778946,surprised,11,03-01-08-02-01-01-11.wav
-300.72153,69.968636,1.8214309,0.65145767,-14.178218,-13.21066,-12.081308,-3.7031105,-20.315804,-13.479276,-2.593461,-14.396733,-14.472531,-10.787836,-6.963264,-13.744325,-13.801157,-5.705188,-8.206776,-1.4462543,-6.060196,7.2959223,1.2834792,8.61405,10.795525,16.46099,12.86961,13.267495,1.4790305,4.0079117,0.61349016,6.574206,3.3079202,4.3128023,0.48242694,-1.3988013,-4.555413,2.816825,-1.921283,1.4383745,surprised,11,03-01-08-02-01-02-11.wav
-311.06683,60.34317,-3.4729714,-2.8157177,-14.697096,-9.009638,-16.10661,-9.734451,-23.082289,-17.561337,-5.5819435,-11.813488,-13.769695,-9.8070755,-2.4384208,-13.658617,-15.166964,-6.167558,-10.546673,-0.33982617,-2.232022,11.228989,3.223705,-0.28988308,-5.964588,-0.35493022,-3.7055826,11.573459,6.706468,12.642463,7.08371,10.77649,5.2287827,5.5833225,-1.111473,-2.8335335,-3.4778037,3.0242076,-0.27518573,1.4343258,surprised,11,03-01-08-02-02-01-11.wav
-314.06802,51.56377,7.7159667,2.339983,-13.873514,-10.834807,-13.955819,-6.5989037,-23.736506,-14.088486,-6.5254393,-13.014306,-13.97316,-7.7099767,-5.479256,-13.30204,-13.433083,-9.299722,-9.384307,-3.8583605,-6.2181435,7.8257465,1.8298687,7.266944,6.3821535,15.6010895,11.949749,13.459109,4.6320305,1.8865118,-0.4202119,6.271616,0.9106915,3.9255471,-1.3874998,-3.580349,-3.3961601,0.5397987,-4.441288,-0.5071427,surprised,11,03-01-08-02-02-02-11.wav
-518.31946,101.19641,-12.936144,12.933456,-0.9798446,-14.446767,-7.6332374,-22.178686,-21.306828,-8.063462,-15.052248,-4.8001432,-17.981716,-7.9831305,-2.5180283,-18.045948,-14.796385,-5.5891843,-7.8896194,-11.676618,-10.017321,-8.83434,-14.492155,-6.571618,-6.181458,-0.55361044,0.068818375,5.725649,-1.1095879,6.72943,-0.54382455,5.275955,4.43936,11.1155615,9.619904,9.26764,7.9250154,4.4835515,-0.7597894,-3.9138238,neutral,12,03-01-01-01-01-01-12.wav
-504.78738,98.125824,-10.650535,14.850197,2.3508022,-10.731191,-7.420047,-18.593975,-19.637617,-0.074728884,-12.3380575,-5.223926,-11.402978,-5.024585,0.62969136,-11.871085,-12.652192,-1.4334452,-8.24165,-8.734705,-5.630398,-5.4769535,-9.845685,-3.7024097,-4.5841203,-0.33171874,1.0595455,6.3541155,-1.6556833,5.199407,-4.606074,3.995973,2.6136615,12.886161,12.2466345,14.4917,11.649576,11.810212,7.081631,1.8270142,neutral,12,03-01-01-01-01-02-12.wav
-479.2613,84.87338,-7.575979,5.8772836,0.6887334,-12.7009945,-11.784178,-25.472717,-20.348194,-0.8252852,-15.392079,-5.345374,-18.493183,-8.948998,-1.8171283,-18.11908,-13.745455,-1.8406892,-11.402545,-10.844844,-7.743404,-7.68405,-11.67734,-5.217574,-7.4205484,-1.4233528,-5.7275286,2.6017363,-4.124203,10.257036,4.478553,12.883489,6.639146,9.017511,1.8642159,4.5795555,5.110321,16.30519,11.974861,7.3519425,neutral,12,03-01-01-01-02-01-12.wav
-489.65298,78.75869,-3.640552,4.1566496,0.90212333,-13.884008,-10.783343,-27.722809,-12.2435055,-2.9196827,-16.59206,-6.5248833,-15.56653,-8.13943,-2.6024377,-20.075949,-9.532242,-5.0552993,-13.510341,-9.485061,-7.6751666,-7.7508454,-12.694339,-6.130247,-9.805262,-2.8381846,-5.7280703,2.056014,-4.3261414,6.846849,2.108214,5.7405534,2.0604033,8.045969,5.4202843,11.576877,6.6011014,14.522842,5.671907,10.036539,neutral,12,03-01-01-01-02-02-12.wav
-494.5634,89.14026,-7.956026,9.390724,1.2224913,-10.659438,-3.371902,-15.552005,-14.709247,-8.21995,-12.06201,-1.019983,-15.383342,-6.9202123,1.1910255,-12.962939,-11.887326,-5.952293,-7.225925,-6.9846377,-6.162708,-5.804151,-7.2800674,-0.068617806,-1.2591197,5.8931456,1.467597,7.463142,-0.57450473,8.875333,2.283865,7.9427323,5.088708,11.027966,10.2386875,11.46825,8.3221035,8.222019,0.13222896,0.9376,calm,12,03-01-02-01-01-01-12.wav
-507.26288,92.22628,-7.689405,8.965799,-1.2511971,-7.2994003,-1.5450929,-17.305225,-12.83698,-8.865053,-8.16358,-1.1666757,-19.315895,-5.2300277,0.7650781,-13.302191,-12.252359,-5.371322,-5.858676,-8.9711275,-8.027427,-5.4307847,-7.4635463,-1.8648874,-0.7240394,3.9215236,1.9009594,5.188128,-0.9258999,8.924219,0.6771594,5.397146,0.75644374,7.4070196,8.553673,10.58022,10.406542,11.165647,3.5066414,2.0964212,calm,12,03-01-02-01-01-02-12.wav
-505.54434,77.45526,-6.595735,5.8482924,2.6951814,-14.675123,-15.784747,-22.38366,-18.280039,-9.49503,-15.826454,-6.179305,-20.710833,-7.2725625,-3.810994,-17.69267,-13.624219,-7.1197534,-10.629208,-11.341614,-10.034167,-6.42276,-12.323949,-5.7485,-3.4740486,-1.1252674,-5.6069536,2.7160537,-5.14627,8.930296,6.434111,14.141576,12.547617,14.653404,8.72414,7.3758507,6.7611413,7.8175383,0.6427051,-3.1918755,calm,12,03-01-02-01-02-01-12.wav
-499.1959,75.15696,-9.2559395,8.345144,2.5905929,-11.6318655,-13.628518,-24.618898,-16.609226,-9.214205,-14.566447,-3.7449758,-21.48779,-4.7688127,-1.2502221,-17.031677,-13.085293,-3.1920738,-7.164415,-8.783498,-8.687406,-3.68268,-8.848175,-5.6803083,-4.158894,2.2627714,-1.4065533,8.939911,0.13687843,10.789297,-0.03771699,1.4570413,0.5370729,6.7595267,12.75106,13.136763,12.124551,10.605663,1.1526546,-1.223348,calm,12,03-01-02-01-02-02-12.wav
-531.20447,86.603905,-9.203684,14.680184,0.06163459,-11.46387,-6.506075,-13.731476,-16.013191,-12.885097,-13.301311,-1.414806,-18.768223,-6.050719,-0.8800892,-15.582921,-15.710094,-8.813017,-7.7668886,-8.228254,-9.209984,-6.802983,-12.750846,-4.8139844,-7.854954,-0.20773654,-2.4441178,7.0155935,2.3674717,9.697253,6.7620835,10.882602,8.162193,10.199,6.8809414,4.2249637,3.1917057,7.373312,3.7520187,3.5236907,calm,12,03-01-02-02-01-01-12.wav
-523.6851,97.93925,-2.3731787,17.920622,6.0630984,-8.772184,0.39114076,-10.591086,-14.415049,-4.467974,-8.902347,-0.8299665,-16.201275,-4.9588327,2.5764573,-9.41629,-13.635405,-6.3515854,-7.965418,-10.009146,-6.919734,-5.4739637,-9.658733,-5.9159594,-5.1949897,0.43480211,-0.28562716,6.005969,-1.6904255,7.3262725,1.9858844,7.11702,6.7514753,10.403844,7.560925,5.89407,5.011002,7.315498,2.3787339,2.999311,calm,12,03-01-02-02-01-02-12.wav
-504.6558,69.604935,-3.4547758,5.032491,-0.28267875,-12.596168,-12.233339,-22.099373,-14.543724,-16.803053,-12.97159,-4.606728,-24.65553,-4.7399535,-3.445636,-17.239866,-13.207669,-6.083562,-8.76665,-8.869276,-7.059486,-4.2485976,-8.855364,0.44489685,0.61312675,7.348338,3.937483,10.21061,-1.384235,8.698834,1.7986486,9.181366,5.7622776,9.35268,5.975507,8.255059,6.1113315,8.574829,-2.007253,-4.036545,calm,12,03-01-02-02-02-01-12.wav
-508.78003,75.32207,-0.8592783,6.9311495,-1.8541778,-9.999996,-9.2246685,-20.332958,-14.09386,-12.028713,-16.508202,-3.3255887,-22.535452,-7.0279593,-4.07311,-18.479294,-15.041888,-7.709195,-12.794578,-12.335564,-9.780399,-6.4353476,-13.159052,-8.258421,-7.812645,-2.8746803,-1.2437661,11.533401,6.61239,15.1302395,3.977549,3.0583727,-2.2260952,3.5775802,3.885966,7.363078,4.7388816,8.210351,2.3798501,3.7259636,calm,12,03-01-02-02-02-02-12.wav
-404.9257,90.078285,-39.754993,10.991257,-4.409796,-21.384031,-6.205721,-23.798634,-15.3297205,-1.7132479,-14.512434,1.6102086,-18.657984,-8.700178,0.30528992,-17.97604,-11.456525,-2.537432,-8.562223,-5.552343,-0.67881864,2.1322758,-1.5874459,5.910103,-1.9318656,2.1319776,-3.251731,3.4515493,0.2780016,10.789827,9.502646,14.537838,11.788855,18.106813,11.388313,8.525769,-0.15546429,1.5223657,-0.7340883,2.5892045,happy,12,03-01-03-01-01-01-12.wav
-399.84036,92.708145,-36.009842,8.260831,-1.5125504,-20.975258,-4.897032,-21.000824,-16.499926,0.58949196,-11.868192,3.1002815,-15.761321,-7.313427,0.43057352,-13.989703,-11.473694,-0.7310675,-9.525564,-2.7517803,-2.2171142,3.2707863,-2.9004776,8.130014,0.79856026,6.608916,0.38052252,7.4143157,3.4236615,11.414505,7.402441,5.5843086,3.1541855,10.800478,8.293241,10.631529,6.6244736,10.860764,5.1390595,4.3865986,happy,12,03-01-03-01-01-02-12.wav
-397.95807,69.1912,-22.87033,4.472209,-3.6283648,-22.880697,-12.244042,-33.659985,-18.958925,-8.081112,-18.823118,-1.0121373,-28.512522,-6.6023684,-8.794767,-19.741533,-16.512833,-4.4578753,-17.677757,-12.015326,-8.560804,-0.739748,-9.594271,3.7189174,-1.9256098,2.2072558,-3.4025824,-0.04285004,-1.554604,12.516703,10.313435,10.76403,2.5766122,4.1700287,3.882211,6.6030993,4.2901196,4.8325253,-2.6130552,0.588369,happy,12,03-01-03-01-02-01-12.wav
-396.57288,76.458565,-35.103287,5.999078,-2.1613123,-25.641438,-11.410868,-31.553047,-19.106514,-4.24597,-18.591019,1.2945648,-19.270678,-8.7278,-2.32721,-18.004478,-12.425952,-2.3138027,-11.496619,-10.670252,-8.141896,-2.9079514,-12.509923,-3.4698646,-7.405279,1.6078911,0.15142074,8.904895,3.4048333,8.810617,2.4740937,2.9528472,-0.8565556,3.738197,6.6867623,11.152413,12.397986,12.50664,3.2227094,-0.49307567,happy,12,03-01-03-01-02-02-12.wav
-280.47748,75.23684,-49.92444,-3.070721,-10.142476,-29.830378,-4.5316234,-14.0543585,-18.76831,1.9711044,-12.828459,2.7361047,-15.468815,-2.303033,5.6707,-1.7509743,6.1649375,17.080065,11.063215,20.143446,16.879053,8.341485,3.545566,12.360436,4.0694346,15.200065,9.529453,10.241955,7.217496,6.1425333,5.8871827,3.6447692,2.1819282,4.967359,3.1216211,5.2653823,6.0097446,3.5381148,5.422946,6.0667825,happy,12,03-01-03-02-01-01-12.wav
-294.31326,71.82411,-42.39399,3.0210433,-2.971264,-26.557968,-4.415404,-10.2455635,-18.072859,5.994513,-12.50898,5.7843647,-12.39375,-8.887498,1.5860826,-8.907425,1.1143905,16.848974,11.508676,26.941175,20.83569,17.343487,8.196217,12.899066,0.13528451,10.094009,3.6754625,8.140325,6.0467997,3.2644389,4.35844,5.460034,3.8913934,6.615801,2.3347275,6.594938,5.869941,5.3437514,3.6287384,4.928672,happy,12,03-01-03-02-01-02-12.wav
-360.79477,71.47023,-43.287544,0.40752357,-7.0294824,-28.253498,-11.852534,-26.753422,-23.165548,1.938818,-20.734854,-2.0525362,-16.258541,-10.797701,-1.8002143,-16.4674,-15.199506,-2.002141,-11.378834,-5.017587,1.3143449,8.690704,9.402933,20.913439,19.95388,18.033407,13.449298,10.443708,5.016981,6.5090613,1.5595143,1.583545,1.3592964,5.0080085,-0.38350073,0.4462827,-2.6460743,3.5567448,-0.94727594,-2.2398121,happy,12,03-01-03-02-02-01-12.wav
-310.32953,54.826317,-56.578117,-19.036404,-11.3844185,-36.67992,-13.215822,-21.930857,-26.877743,0.39570147,-21.100527,-1.784446,-10.53669,-0.6824933,13.797898,8.523834,14.975295,19.744305,1.3635085,4.803656,3.0342457,5.723568,-3.4619708,3.252756,-3.1551464,2.6093585,2.8083,3.1396763,7.619555,12.543486,12.77485,7.690241,1.8620433,5.3987985,4.347621,3.0247443,1.8693235,7.2341614,2.965702,-3.4420414,happy,12,03-01-03-02-02-02-12.wav
-444.2268,96.37564,-27.108397,7.3865824,-2.532304,-18.43305,-11.76539,-20.666737,-20.654844,-2.0910134,-14.519341,-3.8267822,-10.593915,-11.269537,2.8624284,-14.937688,-14.292954,-2.2935693,-13.055031,-6.2028365,-4.5425406,2.9606395,-5.364274,6.9789515,-1.8497577,5.071372,0.23938024,10.7540865,10.528831,19.922903,17.434782,18.461319,9.171948,11.094688,2.8398845,2.3589475,0.84578586,2.9343288,-0.16685617,-0.44444418,sad,12,03-01-04-01-01-01-12.wav
-552.0567,81.01532,-10.66748,7.3725743,2.8474956,-10.334843,-6.6196246,-20.610142,-12.5501175,3.6939676,-10.707141,-2.4188542,-10.482591,-6.6768513,2.351294,-10.807707,-6.599772,-1.0673186,-6.303957,-3.5383906,-1.378544,2.6941397,-4.310425,2.4814246,-0.56232417,7.618802,2.9575117,11.575774,9.456588,15.9489355,9.7839575,9.891878,4.66709,8.8529,5.8130217,8.827214,5.762008,5.1098733,0.422983,1.0417136,sad,12,03-01-04-01-01-02-12.wav
-488.04663,69.04532,-8.014937,6.6384993,-1.9045056,-8.889165,-9.358448,-30.928593,-15.631926,-10.07383,-13.067191,2.119163,-18.877352,-7.239853,2.1583931,-19.236933,-8.314817,-2.0519412,-10.974732,-9.659839,-8.971344,-3.8003297,-12.898181,-7.602642,-4.997514,0.10830814,3.5187776,15.745963,10.583685,23.494947,9.858608,17.346924,9.464083,15.283697,7.858898,3.4984622,0.3925666,2.7967656,2.8883266,5.2601953,sad,12,03-01-04-01-02-01-12.wav
-454.80658,66.713036,-19.50461,5.9660416,-2.4433253,-16.37401,-12.311755,-32.5906,-19.665272,-4.551511,-18.763334,0.21721208,-15.92406,-12.091683,-0.6012685,-19.148403,-9.785148,-4.6849766,-11.4645195,-10.928163,-11.296324,-2.3559158,-11.384379,-4.000834,-3.626857,4.340295,0.93826175,12.425433,6.7199464,19.64048,10.231703,14.355706,7.2526627,10.652496,6.395581,5.838426,0.5199135,2.1765804,-1.0025215,-2.3846133,sad,12,03-01-04-01-02-02-12.wav
-356.1379,79.30929,-41.96764,-1.7035689,-17.456682,-34.3268,-14.82545,-19.493822,-29.044888,0.5846943,-17.056768,-0.539262,-7.680883,-6.894796,3.796429,-1.1286917,1.2737386,21.777344,13.149386,26.247877,20.590912,18.891554,4.6292343,6.191235,0.68795043,7.1205087,6.221981,2.7188284,-1.4703053,-4.161596,2.9891312,5.7859507,3.8921409,0.14055955,-3.5849755,3.1625001,2.105993,2.151533,2.0949671,5.964807,sad,12,03-01-04-02-01-01-12.wav
-320.75607,73.66865,-52.00685,-16.43363,-20.205173,-36.327873,-15.345195,-26.66725,-27.256514,3.7641356,-21.107903,-0.0710605,-11.65388,-6.07407,13.515665,12.996526,19.32772,25.609901,10.172498,12.608,5.3698096,9.414024,-0.628371,2.2955675,-6.699534,-2.1352224,-0.3601894,0.83346355,-0.8653736,1.4288793,4.2813525,6.156744,0.56050783,3.3891916,1.4230461,8.940111,3.6432278,3.4663098,0.046707127,-0.6374167,sad,12,03-01-04-02-01-02-12.wav
-459.0251,49.156757,-33.030632,-8.714931,-11.172835,-21.129177,-17.196793,-20.495197,-22.611084,1.4474171,-14.025698,-6.2512565,-7.198043,-10.041905,-3.2434537,-7.873927,-4.341322,7.3595505,5.7563224,10.850819,13.351198,17.712667,10.612387,10.984062,2.409952,3.500513,1.9402723,5.4717455,4.368843,-0.20998347,0.1119125,0.6087917,-0.75700426,-0.12370441,-1.5770612,2.1396768,1.3353931,2.2896142,-1.1615851,-0.3839241,sad,12,03-01-04-02-02-01-12.wav
-324.83344,54.016968,-40.494072,-20.559155,-16.845158,-35.703186,-18.160183,-18.863276,-30.205826,2.4212682,-15.970027,-4.199765,-8.401939,-10.618353,2.5959768,4.4962654,11.965309,36.89552,22.83233,21.56351,8.3238535,-0.37168702,-6.137774,5.4895186,4.1527147,3.2813709,-4.469426,-2.5567462,-0.49725705,2.3602002,1.1324184,-2.1559606,2.8445466,10.535747,7.827006,8.120999,3.6590285,4.305673,1.6001774,0.94553185,sad,12,03-01-04-02-02-02-12.wav
-424.3673,95.30482,-12.051801,15.634805,-8.923505,-11.987818,0.34567177,-14.354959,-14.657083,-4.959269,-8.797206,-2.0340621,-8.343903,-4.529331,0.23697089,-12.844615,-9.226631,-3.24139,-9.110021,-7.1015944,-4.877771,-5.743058,-8.650057,-2.8072999,-7.5262394,-2.042806,-2.1090884,5.515852,0.39356813,6.49948,3.3326406,4.033887,2.6128995,5.0021095,5.498682,7.75142,8.743594,9.042403,3.2382236,3.5838342,angry,12,03-01-05-01-01-01-12.wav
-409.58902,90.2832,-16.658146,21.635414,-6.188951,-14.464461,-1.4051474,-13.692716,-16.82417,-2.581936,-6.4685035,-1.9202794,-6.031396,-5.274715,3.0304515,-11.263094,-9.546301,-2.361929,-9.63267,-6.67908,-3.5421765,-2.5094697,-8.355184,-2.920772,-7.0759897,-2.856886,-4.640698,4.631336,1.3913074,9.725532,7.2561936,6.789763,-0.6956713,3.1753476,0.64693487,3.5466404,5.4353614,6.7357125,6.661943,6.5405498,angry,12,03-01-05-01-01-02-12.wav
-441.05438,76.50681,-2.8452027,4.10985,1.2313254,-16.910252,-12.9792185,-27.12218,-18.469154,-6.631224,-17.54226,-2.064977,-17.514227,-7.423431,-3.898396,-17.793596,-11.059329,-5.408482,-12.761404,-10.703107,-10.894903,-6.384035,-15.35683,-6.3044696,-8.52628,-4.0783734,-7.782943,-0.965948,-7.4003906,4.5479746,-2.7335694,5.7777667,1.9116776,9.329345,0.63128275,2.7556176,-3.317394,1.4195971,-0.52561134,3.9326644,angry,12,03-01-05-01-02-01-12.wav
-431.19266,76.84544,-13.679703,5.432435,-3.0108013,-18.949303,-11.520959,-30.98737,-17.079548,-5.9036736,-17.858738,-2.079886,-16.32089,-8.431873,-2.994406,-18.808731,-12.167153,-6.223054,-11.295504,-11.743529,-10.325763,-4.4441323,-15.648124,-6.1437917,-8.132892,-2.9523044,-7.7116046,-0.53656334,-9.062984,0.6044859,-7.0128374,-1.3699983,-5.9540043,2.9139519,-0.09896034,8.711538,5.440169,10.241923,4.7198987,3.956728,angry,12,03-01-05-01-02-02-12.wav
-262.30045,84.2159,-25.43609,-5.286371,-10.09041,-21.613176,0.8522454,-9.133253,-17.483665,-1.6529789,-12.707543,-0.38990062,-8.630226,-13.933396,-3.36767,-14.906133,-13.015277,5.4578743,-2.0089653,6.0277963,4.1484313,-1.5025598,-6.2809973,6.8626575,-0.8549428,10.272788,4.3098273,10.729658,7.1332507,5.903834,7.473499,8.687705,4.2284746,7.2811627,3.6284478,6.863044,5.430147,7.1734443,3.134615,3.4046702,angry,12,03-01-05-02-01-01-12.wav
-192.11147,64.678505,-47.295113,-23.315493,-18.310968,-26.428957,-4.0745792,-14.295387,-22.504578,-5.742698,-17.057373,-7.717642,-13.180315,-14.790395,-2.86715,-11.276454,-11.0490675,0.5055795,-3.8257303,5.4373465,14.220762,16.027699,8.632145,14.261949,1.5717491,8.013637,3.8531406,7.7902656,2.7584958,6.445374,5.621785,6.5899434,3.9495819,5.3641286,1.4343458,3.552138,1.8215388,6.328159,2.0111654,4.9433193,angry,12,03-01-05-02-01-02-12.wav
-284.15683,73.13065,-18.035894,-6.0107594,-7.9575024,-22.855902,-0.006506958,-16.872301,-22.259987,-2.8389294,-15.547769,1.2383102,-8.978912,-10.810484,-2.4877763,-16.86589,-13.614308,-3.588718,-11.950708,-0.7674748,3.2031999,5.7257357,-0.04605639,7.0285254,0.62229395,3.2914953,0.7735865,6.30083,2.5248532,8.497699,9.167966,9.357076,6.7061524,4.8334374,0.6527373,2.1034377,0.58074343,3.5086849,1.723608,4.4318624,angry,12,03-01-05-02-02-01-12.wav
-244.1274,69.07487,-29.911066,-28.797745,-12.799758,-23.282883,-4.2677293,-11.672534,-23.12706,1.9202362,-9.221051,-7.8672295,-10.84086,-16.458698,-8.418335,-10.493036,-6.3882504,7.6979065,-2.9091914,5.1459823,7.675936,8.0523815,4.810806,12.746945,2.099803,5.236455,0.57008123,6.4878087,1.5459247,4.4287753,2.7448635,5.344894,2.68501,3.819839,1.6754695,3.362594,0.6478527,5.745572,6.7144794,6.129297,angry,12,03-01-05-02-02-02-12.wav
-454.7567,70.23541,-13.092711,7.5846486,-1.7521546,-8.016371,-10.17416,-17.697302,-3.7485976,-1.6099037,-9.792372,0.5150969,-7.0755424,-2.1921632,-1.1119988,-6.13866,-1.118306,4.477995,3.8581874,8.255682,8.32461,7.5788674,3.2429385,6.094927,3.1567044,11.231128,6.36921,8.650379,2.7462175,6.9088674,4.813969,9.416391,4.419205,6.074159,3.478152,6.268607,5.57381,6.3620377,4.750021,4.6491933,fearful,12,03-01-06-01-01-01-12.wav
-366.75583,81.0621,-26.411049,10.297239,-7.2226,-16.761003,-12.067915,-23.93943,-13.598404,2.8136187,-15.915898,-4.150486,-10.085936,-1.6059171,-0.94910717,-13.207035,-7.120798,-0.2618308,1.0485399,7.425778,14.5122385,16.106012,3.9275913,9.856098,6.975737,15.398958,11.363627,14.903809,6.73752,4.143136,-0.96646756,7.534555,5.3700495,5.776555,-3.2326164,0.81187224,3.5481992,5.9943867,-0.6920116,-0.32963395,fearful,12,03-01-06-01-01-02-12.wav
-395.495,68.04543,-25.255825,3.9070358,-10.303669,-23.575106,-19.287828,-37.156487,-11.556861,-3.7929902,-20.502491,-1.6646556,-19.629574,-10.636502,-8.512035,-18.581112,-7.993744,-4.7253604,-9.865649,-6.411094,3.4979951,4.0259967,-0.34467417,6.491295,2.2010753,6.873014,2.0462239,9.417078,2.099517,10.992349,4.6629586,10.94954,5.010617,7.0782065,-1.0988228,0.3541298,1.9682153,4.246596,2.0504587,1.1549109,fearful,12,03-01-06-01-02-01-12.wav
-365.58307,64.40048,-24.388296,1.1423769,-10.665261,-27.344608,-25.187862,-33.76701,-15.409815,-5.1463337,-22.225744,-6.5748487,-17.290228,-13.644267,-9.857494,-18.794052,-11.770979,-2.7954326,-11.731321,-1.2748377,6.5319824,9.160939,-1.6526617,3.2287374,-7.484959,0.877071,-4.80892,10.954033,6.105372,10.996234,2.7931137,5.2823,-0.3496989,4.164088,-0.36037707,-1.5774649,-1.4781691,0.27213958,-0.8457778,0.17215833,fearful,12,03-01-06-01-02-02-12.wav
-260.1958,58.959904,-44.980556,-12.827582,-14.221603,-30.07254,-11.755497,-18.321096,-21.59887,6.143053,-16.039934,-4.63704,-11.061996,-0.37734264,20.631136,23.793581,27.556234,35.113873,11.4265175,7.545789,1.7164444,7.4931126,-0.18481183,4.127885,-3.5567489,-1.9713006,-3.5835717,3.6215231,0.13878456,5.053617,5.201744,10.35669,7.802873,5.1851587,4.4316845,5.1267443,3.2504792,6.3228574,1.6672508,1.2078046,fearful,12,03-01-06-02-01-01-12.wav
-232.66841,48.13271,-57.866394,-26.61089,-22.524847,-31.943588,-14.4405575,-25.267025,-27.718996,-4.2701507,-17.031067,4.7715816,7.7092476,27.563538,30.292664,13.070086,4.092242,8.4672165,-2.7083552,6.0763125,0.15195662,-0.3177455,-6.688776,1.4539216,-2.210838,3.7400005,4.984495,6.6423783,-1.2920128,6.3864403,11.426396,5.401574,-1.5609694,0.3672483,3.517177,4.8530464,2.8169281,7.2954593,2.5864358,2.9125488,fearful,12,03-01-06-02-01-02-12.wav
-246.27293,53.22549,-42.971924,-28.593887,-19.99571,-32.613365,-20.264725,-32.554375,-24.79875,-6.0562935,-21.44327,0.3906104,1.5424514,21.515366,15.343929,5.6120477,5.487433,10.914192,-0.7720351,-0.21121404,3.4649854,5.899309,0.14660873,4.6504993,-5.831831,2.5183036,2.3790202,3.3421762,0.7957042,8.921356,4.566778,1.6776844,1.3244816,7.3838034,2.5445125,2.8957632,1.7486739,3.329951,1.5505639,3.0260837,fearful,12,03-01-06-02-02-01-12.wav
-271.1875,46.052742,-58.48028,-28.161383,-23.768408,-31.522446,-13.631435,-27.591946,-35.31977,-5.3343773,-21.706873,0.42898005,7.48028,24.392166,29.220358,17.336113,8.0770035,6.0280857,-7.8097115,-2.1630976,-1.235051,-0.21200633,-6.052477,-0.10495269,-8.780099,1.7841107,0.44973817,4.7815285,3.5814455,8.928415,2.916273,1.246944,4.431235,5.214782,2.5861573,5.864468,-0.5777197,-4.2884154,-2.036347,7.0063515,fearful,12,03-01-06-02-02-02-12.wav
-443.5259,91.410034,-23.028156,21.110025,-0.39550653,-10.486636,-13.456978,-26.56456,-4.4198713,1.6533409,-17.22131,2.987311,-10.119083,-4.7117653,-0.20455028,-13.430432,-6.0694895,-5.111579,-6.961943,-9.341853,-5.525686,-7.1423416,-9.705741,-1.0588471,-7.792934,3.4522567,-0.76603967,6.2932897,2.7832818,5.3620768,-0.36797723,4.5052752,4.649843,10.227183,6.1973753,4.419545,0.7037586,2.9773018,2.9513543,6.971707,disgust,12,03-01-07-01-01-01-12.wav
-428.26566,109.730034,-32.92791,15.312376,-8.940234,-14.411979,-8.946922,-31.756184,-13.416076,3.8193626,-19.039808,-0.76140946,-14.864863,-7.7667413,-1.1419146,-17.01016,-8.618912,-7.930904,-9.666223,-11.55561,-5.7214036,-7.045336,-8.99376,-3.491773,-9.184213,-1.1331503,-5.0614185,1.0330535,-5.760985,2.0492616,-4.081304,2.4089115,0.9580436,5.8390064,2.5640943,5.7715197,2.794436,4.8430815,0.39961463,2.1237955,disgust,12,03-01-07-01-01-02-12.wav
-447.16846,84.838104,-19.462877,3.0756364,-3.7978437,-13.497406,-18.416672,-31.149302,-9.713975,-2.2651286,-13.784364,-3.0194032,-14.699728,-8.315795,-4.3284736,-20.391312,-8.292004,-5.227676,-13.389358,-13.217164,-5.968423,-7.541666,-10.539297,-3.8656495,-8.7863245,-0.0012919579,-6.775454,-2.0514119,-3.9028337,-1.3002234,0.5014553,1.9430124,-0.17462799,3.861748,-1.8239644,2.6016943,0.4293626,4.577213,2.1124856,4.069656,disgust,12,03-01-07-01-02-01-12.wav
-444.33676,92.068565,-12.050392,0.7870916,-4.9428954,-14.021096,-17.298223,-30.46018,-8.148256,-2.7925894,-14.893493,-3.1215768,-21.304646,-6.273528,-6.096624,-21.905134,-6.8438625,-8.20216,-11.213991,-10.698131,-4.1152163,-8.862348,-10.140355,-3.3778293,-8.044038,1.235197,-5.899734,0.08270301,0.008007158,5.4374866,3.8112404,3.5805647,0.8931318,6.504004,1.9444096,7.310868,3.6861932,5.4235125,-0.52470595,2.098473,disgust,12,03-01-07-01-02-02-12.wav
-400.35144,76.3477,-21.40133,5.7935886,-6.269339,-16.208385,-16.96574,-18.655647,-9.864106,2.8628995,-16.864637,-3.2006478,-8.919982,-9.531158,-6.5840354,-12.740025,-5.8896255,-2.473413,-5.402909,-0.09470585,4.1527085,2.0539083,1.8401616,5.736189,-1.4336703,7.5896015,-2.6996782,6.770048,4.9685335,10.202611,5.601796,5.6436353,-0.66175663,3.7129202,-0.177345,4.4400477,4.6595373,2.9716575,2.8913836,4.067135,disgust,12,03-01-07-02-01-01-12.wav
-393.5648,79.21217,-34.01429,-9.343977,-15.682978,-17.564167,-13.132032,-31.70613,-15.687304,1.9710306,-21.846493,-5.1409473,-16.925247,-10.608349,-10.368178,-15.284283,-2.8296185,2.0490777,2.156162,10.816466,4.5763774,-1.6192186,-2.5295804,3.0814297,-2.4755235,3.6777816,-2.6199567,-1.2464963,-0.84042156,4.1681037,0.062433127,4.1886997,3.7248807,7.713205,2.860078,7.0828695,5.978664,6.270342,3.5755847,4.797433,disgust,12,03-01-07-02-01-02-12.wav
-375.25333,56.26581,-20.87361,-3.2380786,-9.083459,-26.548525,-23.13052,-28.53571,-6.7657847,0.2204348,-24.747759,-2.6316547,-11.660459,-14.100346,-4.400565,-16.978819,-4.4647536,-2.5345705,-11.7252445,-1.3986888,-3.6578505,-2.9945114,-0.82793254,1.0236286,-1.4236311,2.8814883,-8.103195,2.395088,-2.794761,11.323306,9.00669,12.012418,4.699133,5.093267,0.6796852,5.330162,3.4110425,3.41842,0.7613312,4.477905,disgust,12,03-01-07-02-02-01-12.wav
-357.0833,54.674603,-23.695448,-8.671031,-9.015486,-22.02692,-14.21179,-26.294006,-21.653238,0.78153193,-24.784464,-1.1439378,-18.622992,-9.930992,-3.3891606,-19.131582,-8.409386,-4.4270163,-14.651146,-7.2804456,-4.7788825,1.4461241,0.65336543,5.0671387,0.30565903,2.639632,-7.074106,6.0389433,-2.340228,9.405306,9.385753,12.96563,10.750008,10.583841,1.2190726,0.49872208,0.22237115,4.12734,-0.0005867396,0.66922617,disgust,12,03-01-07-02-02-02-12.wav
-405.6937,93.461075,-30.872475,0.9189789,-4.633184,-25.810371,-15.042212,-26.513144,-15.39174,-3.6748264,-21.199831,-4.347437,-17.836733,-9.882087,-8.271502,-17.929298,-9.966247,-4.9777303,-9.553564,0.14894558,-0.13025711,3.9584765,-3.4887326,5.23239,-1.8500522,5.2420244,0.53814757,6.004168,-2.527877,0.91271275,-1.6323012,3.7179341,1.0654595,8.052046,1.3582429,6.3945575,3.7083094,4.353081,0.5747303,6.5484786,surprised,12,03-01-08-01-01-01-12.wav
-395.5656,95.550354,-23.916365,6.1260996,-1.5286522,-16.656208,-13.093444,-19.318605,-18.211405,2.3701713,-15.844472,-2.742994,-13.766192,-4.9215755,-2.6891577,-11.772189,-0.30778643,2.3287954,-2.9179246,1.5204968,-1.2367254,0.49342465,-3.0364883,7.5497828,5.123533,8.050916,-0.6203742,5.1214323,2.107716,6.412217,1.6010141,3.7828104,2.4047327,6.879903,1.1347283,4.1433005,1.2563235,3.8136039,1.8953563,6.071944,surprised,12,03-01-08-01-01-02-12.wav
-396.7557,79.75132,-25.321726,6.443356,-6.569217,-19.92599,-16.2765,-33.528637,-16.643364,-9.622687,-17.925024,-4.133653,-19.98695,-8.316866,-4.2446957,-17.629711,-11.224697,-1.6645919,-10.360008,-8.208323,-8.0044155,-7.1893725,-11.422645,-4.0505223,-7.3470225,-2.2921913,-6.535661,3.5343559,3.5758452,12.400352,8.704779,8.9405155,1.1866117,0.4667265,-4.1335015,2.8576393,3.4790955,10.459208,4.467934,5.2247767,surprised,12,03-01-08-01-02-01-12.wav
-396.0227,70.55347,-22.968304,-0.7885117,-9.946674,-24.425718,-17.013493,-36.451645,-16.24806,-7.871456,-18.989311,-1.6148722,-22.601494,-10.029396,-9.763734,-22.495094,-11.231443,-11.41033,-13.546314,-9.594268,-4.982223,0.6592295,-7.585355,0.3353018,-1.5788747,5.754772,0.059902333,5.3134007,1.0966939,7.408833,5.017628,12.587159,11.505463,14.470426,4.871914,4.647435,-3.466469,1.6055133,0.66870093,6.9497347,surprised,12,03-01-08-01-02-02-12.wav
-347.92188,82.881424,-26.1201,-0.24239017,-10.963535,-24.204527,-16.795305,-25.341068,-9.753878,-4.591779,-13.355138,-2.1786234,-22.065329,-6.319979,-9.223607,-9.121012,-3.943594,2.4512517,-2.1262102,0.8443013,5.244227,5.0607457,3.320078,8.466041,0.0516748,6.3593597,-0.1711353,4.6711965,3.0317922,10.1278305,3.801549,7.456782,0.5511224,7.535519,3.7907736,7.885798,4.737646,5.494271,3.2324882,5.4895444,surprised,12,03-01-08-02-01-01-12.wav
-342.55893,70.96726,-32.511505,-3.2211373,-14.190898,-27.072157,-17.844534,-26.213764,-14.3514185,-5.0341206,-16.17324,-6.296725,-22.50893,-6.6345835,-4.6821537,-6.648037,1.6588763,4.0842648,2.8474658,4.375185,6.4319015,7.8060136,1.1943101,7.5480833,-0.60627884,6.4099274,4.2128315,11.415633,12.132314,17.465746,7.4717298,8.762249,1.891107,7.165417,3.6540527,5.6114883,1.7803301,-0.29519856,-3.277331,3.0470076,surprised,12,03-01-08-02-01-02-12.wav
-366.64227,81.37059,-20.154434,-5.3946877,-9.124581,-24.269215,-19.098017,-27.351624,-15.484766,-0.26762593,-24.15731,-2.4794168,-13.801371,-6.681946,-0.015082728,-9.939675,-4.977568,-1.812221,-11.113829,-6.187713,-6.0648437,-4.9776073,-8.368619,2.1574426,1.1407048,7.9554296,1.4961032,9.380612,3.9239657,6.360534,5.2546983,6.389142,2.2128432,4.9366717,2.0137897,3.6832392,1.6406311,3.7970743,2.92074,4.057295,surprised,12,03-01-08-02-02-01-12.wav
-362.21677,73.195694,-22.983088,-16.036875,-12.702134,-27.368048,-26.120855,-31.071041,-20.253082,-3.3265445,-25.336592,-6.947549,-24.260138,-14.440031,-10.850764,-21.774807,-10.399393,-3.79923,-7.965682,-2.82158,2.2715116,1.7466115,-6.368854,3.2868054,1.4520081,7.5059996,-0.9993907,4.1284966,0.9512342,6.70344,2.7442272,3.0521338,-0.34467196,3.870773,2.1508698,5.6631174,5.2507243,6.3082557,1.7823087,3.0232131,surprised,12,03-01-08-02-02-02-12.wav
-511.41028,143.58487,-9.3178835,14.457105,13.305799,-7.0910573,-13.823904,-14.804279,-20.396776,-5.602117,-2.7489977,-11.204838,5.074101,-5.516829,-11.624098,1.6403575,-15.261111,-7.7451906,-0.22216898,-2.933238,-8.789207,-2.249216,-7.3484025,-5.131218,-7.1821127,-2.0357773,-3.8138812,-2.4400268,-2.134692,-3.0341423,-1.9918354,-6.696243,-2.8259606,-0.25818384,-2.7685485,0.62735116,-4.9820776,-3.8880522,-7.9463305,-1.6097142,neutral,13,03-01-01-01-01-01-13.wav
-510.9487,142.17947,-2.916407,13.798992,9.014965,-3.55135,-14.108527,-15.551192,-17.851406,-3.554887,-2.6302578,-10.306416,6.7241216,-3.916255,-9.357202,1.4289474,-15.686903,-2.0187285,-1.2398934,-2.1079888,-6.801382,-3.9995537,-6.818794,-3.0610034,-6.9057803,0.3748799,-3.9491413,-1.7508063,-0.33168617,-0.9900602,-3.221467,-3.8424656,-1.8693103,-0.294108,-1.2020452,0.39726403,-3.407503,-2.7584329,-8.047139,-2.8508937,neutral,13,03-01-01-01-01-02-13.wav
-488.38095,133.07446,-11.077792,10.283,12.90313,-3.2520516,-17.861712,-23.539436,-22.788475,-6.2376676,-0.5361557,-13.144305,6.8582325,-5.4077315,-11.518558,7.6287475,-17.695688,-5.21487,1.9349765,-6.189934,-10.179569,-1.5855598,-9.8172455,-4.070725,-7.3834877,-2.2986972,-3.285838,-1.0757602,-2.9869034,-1.7036787,-3.6145077,-5.6441307,-1.2622283,-0.5734727,-4.214302,1.5013014,-6.4000115,-3.2238019,-9.452831,-5.244878,neutral,13,03-01-01-01-02-01-13.wav
-458.91772,121.11777,-19.90767,16.580175,6.33242,-4.638736,-18.668612,-20.189962,-29.19003,-3.112377,-1.8687946,-16.093655,7.7322493,-8.59052,-12.390334,6.280374,-20.725441,-3.315942,1.9163115,-10.247078,-7.455298,-3.5750842,-7.9932637,-4.5256724,-6.774942,-1.9476529,-3.1885684,0.10313626,-0.89882094,-3.8028977,-3.4389997,-5.420236,-2.1771624,0.500376,-2.6896598,1.5175002,-7.0206547,-4.437079,-6.639803,-2.4365325,neutral,13,03-01-01-01-02-02-13.wav
-524.6854,147.04237,-8.099775,17.774382,13.852442,-1.168454,-12.114865,-16.928158,-15.350618,-2.5541832,-6.6146464,-12.160784,13.099899,-5.386408,-8.984556,6.0941734,-12.628135,-6.306112,0.20736443,-5.631944,-3.1452358,-2.080146,-6.556415,-2.9391286,-5.8256173,-0.6753114,-2.7820385,-2.1854577,-1.2427456,-1.2722907,-3.325464,-3.621243,-3.5435174,0.5596572,-3.2053251,2.214739,-5.2504935,-1.4784406,-9.325887,1.8931223,calm,13,03-01-02-01-01-01-13.wav
-513.2641,147.69,-13.093495,14.222223,9.960797,-2.2763326,-13.616217,-13.655349,-16.817417,-6.9251833,-8.410016,-14.297815,13.276613,-3.4904616,-14.204683,5.7687254,-13.232893,-7.650202,0.68946403,-7.6875744,-3.7393339,-4.8063116,-4.827551,-2.7578757,-7.468702,0.38896596,-4.4421654,-3.3794394,-1.5968324,-2.0081415,-3.6871462,-4.1626124,-4.2818193,-0.33782458,-2.8798387,0.96242195,-5.353431,-3.3698313,-8.773715,0.76577866,calm,13,03-01-02-01-01-02-13.wav
-518.8365,134.51707,8.971964,14.742574,12.650444,-1.020536,-7.3330045,-20.634577,-18.155207,-1.8721591,-5.1477184,-14.6471405,9.6192875,-2.6919763,-11.554516,7.329365,-14.81915,-3.3053675,-0.4722758,-5.9488416,-7.050717,-3.5645103,-4.7004056,-4.2864876,-4.532562,-2.5679646,-3.8489213,-4.3192983,0.4707035,-0.37523657,-3.8543885,-4.6740894,-3.5011764,-1.2263161,-3.327277,2.8316672,-8.74457,-2.840774,-9.581922,-3.0609722,calm,13,03-01-02-01-02-01-13.wav
-501.20883,126.42364,-5.5426745,17.820087,11.462548,-4.943777,-8.21691,-25.088867,-21.33217,-2.3377953,-5.2399206,-9.873171,9.170853,-0.8378902,-14.665316,13.593069,-15.628871,-3.8402872,2.6050947,-7.780487,-8.452038,-2.512682,-4.3613744,-4.1558924,-6.0027256,-0.96633506,-4.5070286,-3.4720635,-1.7123892,1.4396635,-4.1388874,-4.584816,-4.1235743,0.8809566,-4.9517817,0.15661336,-6.998735,-1.8788936,-9.0317545,0.026190322,calm,13,03-01-02-01-02-02-13.wav
-514.58795,136.85852,0.6828965,17.891788,16.240883,-2.164733,-12.254434,-16.825785,-19.588696,-0.35849974,1.460006,-7.969012,4.5445213,-3.3018048,-12.161307,2.250777,-10.688821,-6.3712525,0.34974504,-6.2808504,-6.9154167,-2.715262,-8.3123665,-3.3123593,-5.190713,-2.9074616,-2.394344,-3.539157,-3.3339703,-0.4832575,-3.1325204,-3.3715346,-7.21784,-0.70013046,-5.387744,2.9523616,-5.6064157,-2.9008136,-8.780604,-2.4293354,calm,13,03-01-02-02-01-01-13.wav
-499.65686,143.06252,-14.527484,7.448461,15.866822,-3.1388614,-12.362901,-17.166004,-22.940647,-5.7119255,1.8581597,-10.644991,6.433084,-5.415392,-11.4710865,3.2494278,-12.759412,-6.91488,-2.0692997,-2.0912497,-8.973213,-1.1087047,-8.834961,-6.4220843,-2.8228788,-2.4411542,-5.6616173,-3.7895436,-4.3038316,-2.1801765,-4.0485263,-4.2898655,-6.148153,1.3802558,-6.264871,2.8505795,-4.656027,-3.3105397,-8.107692,-2.2979856,calm,13,03-01-02-02-01-02-13.wav
-483.44217,130.57603,-18.252346,17.351103,11.705224,-6.418208,-8.458379,-24.976845,-26.533625,-0.16205946,-0.08905327,-9.451295,9.253693,-8.885221,-12.951961,8.850634,-17.11055,-6.7258053,1.7624445,-6.678878,-7.1457605,-0.63790536,-7.3447375,-3.7765503,-1.8977916,-3.3569202,-5.2160254,-3.3495014,-3.0281608,0.8235492,-2.6622016,-4.8606396,-4.7157087,1.0693899,-5.803833,2.7461514,-3.33382,-4.1579304,-7.6209874,-3.5859635,calm,13,03-01-02-02-02-01-13.wav
-494.78268,142.53322,-16.848606,14.192903,10.1023035,-9.523803,-7.2862263,-22.083237,-27.554548,-3.1428344,-6.15095,-7.119421,7.891225,-7.846061,-9.09673,4.145166,-15.680968,-6.921635,-0.015652457,-5.1085453,-8.854981,-2.5341866,-6.75059,-6.4122376,-4.013278,-1.9893565,-4.2028356,-4.6278853,-3.917042,0.036697913,-4.478153,-4.1361012,-4.044694,1.1037972,-6.664213,1.441677,-4.684996,-6.02786,-7.60674,-1.9863387,calm,13,03-01-02-02-02-02-13.wav
-431.56293,128.74275,-29.293203,14.254302,9.730203,-8.176127,-17.4084,-16.281757,-26.513693,-1.38662,-2.1664624,-14.101465,8.86689,-9.387131,-17.181833,4.599352,-18.236553,-4.5694747,0.70033,-10.807927,-7.5740995,-5.2683177,-8.9444685,-2.3886983,-4.38866,-6.831507,-0.93121564,-3.4528532,-4.987799,2.5859668,-6.505735,-1.9550166,-5.072769,-0.1329119,-5.084277,3.0002623,-7.901495,-2.3326778,-8.153234,-5.7661133,happy,13,03-01-03-01-01-01-13.wav
-440.11136,128.81134,-26.614649,10.697628,11.128979,-5.783712,-18.624725,-15.089328,-28.909336,-4.2024894,-0.72780687,-17.12856,6.4865475,-8.899644,-20.151224,4.976804,-18.881147,-6.3562145,2.154465,-12.322502,-7.578617,-2.9049075,-8.540922,-2.5315897,-2.8563812,-6.2230806,-0.8900101,-0.8910224,-6.3691545,3.6482441,-5.555955,-4.30783,-3.1027892,2.8341277,-4.989801,3.666078,-8.14496,-4.2046313,-8.146461,-2.7508652,happy,13,03-01-03-01-01-02-13.wav
-432.07254,118.160576,-20.425972,12.190072,-1.1680355,-1.2903577,-24.98904,-19.213951,-29.934826,-6.5315223,-3.3516867,-14.525555,7.673146,-12.318848,-11.947567,1.7458521,-22.042786,0.31119162,-3.71278,-10.015763,-3.3744211,-6.2231345,-9.259058,-0.27456865,-7.826765,-2.2475533,-3.9073863,-6.2163496,-2.9045062,-2.1596742,-5.5148892,-4.582595,-3.9035544,-5.3359656,-1.6805953,1.163848,-6.45413,0.28087407,-4.2802005,1.4376038,happy,13,03-01-03-01-02-01-13.wav
-411.84204,108.51581,-18.508057,6.9620366,-6.261401,2.2919583,-31.706255,-21.717379,-24.673334,-12.025808,0.9949368,-18.403582,4.4115257,-10.657999,-14.631557,2.7347798,-22.010347,-3.8065116,-2.0599194,-10.2090025,-5.51189,-6.7608156,-9.986915,-2.8748322,-7.5879617,-1.5208169,-3.0301173,-2.1270897,-1.4732915,1.9482436,-0.13372837,1.9812763,2.5332768,2.4149117,1.3071493,6.4162025,-0.50569385,2.6703153,-4.2265673,1.3944665,happy,13,03-01-03-01-02-02-13.wav
-393.05496,112.189156,-22.292355,17.45892,9.894533,-3.0252874,-21.26788,-8.736937,-20.810268,-3.6231585,-0.14981127,-18.67637,6.8711166,-7.8069987,-13.509239,8.7171135,-14.258782,-7.35257,3.8471966,-6.331333,-7.047075,0.41556096,-7.757095,-5.07449,-2.0268395,-1.0973282,-2.2219555,-1.8140461,-2.6409519,1.4448938,-0.78045833,-3.7952964,-1.6267773,2.403763,-0.777528,5.6128864,0.57981694,1.6014456,-4.716045,3.125334,happy,13,03-01-03-02-01-01-13.wav
-367.67862,90.19516,-17.056286,2.1879504,-3.7139547,-3.5079098,-31.534962,-11.400578,-19.694363,-10.893858,-2.1201859,-16.810575,-3.7201505,-8.544333,-13.695012,-1.4536928,-15.095335,-7.869162,-1.6690525,-3.080534,-9.302342,-1.2058309,-5.8757076,-6.4182057,-4.6065927,0.9113204,-2.374929,4.6854644,2.8874757,5.881588,1.4594183,4.439631,3.4083984,4.2455616,2.6955316,6.4637165,0.98085797,3.087342,0.0048673404,6.4125853,happy,13,03-01-03-02-01-02-13.wav
-309.79065,65.661385,-19.924156,-7.6589947,-23.075195,-2.2535856,-38.07623,-17.649527,-20.975323,-15.092715,-4.355319,-17.496223,-7.061209,-12.622201,-16.273075,-2.847272,-21.744839,-2.707074,-0.5540253,-6.1106443,-6.2971663,-3.9933891,-6.965011,-1.8797209,-6.6781154,7.4757376,4.926418,14.092169,12.27792,13.698577,4.939711,0.73717815,-1.729411,0.60245156,3.5568552,9.739018,0.7596331,-0.41834557,-2.4428253,0.8006286,happy,13,03-01-03-02-02-01-13.wav
-318.9943,81.87672,-22.682364,-3.5068748,-21.184229,-3.0809271,-35.5385,-17.406292,-21.883291,-14.340722,-3.3629706,-16.33502,-6.506494,-7.5046177,-17.794554,0.19913086,-20.279896,-4.8540087,-0.8500641,-12.239632,-10.979643,-4.1654224,-8.37167,-4.1336656,-7.182153,2.263544,-0.6355638,7.7150335,11.741159,15.030906,13.670226,9.631915,2.1013975,0.09477839,0.7137844,4.9307113,2.944579,1.3116775,-3.3626952,1.0783435,happy,13,03-01-03-02-02-02-13.wav
-536.48346,135.29836,17.002403,14.2245035,11.132946,-0.5764604,-10.901299,-15.420385,-10.778026,-5.2355165,-0.3139316,-10.140997,0.43625414,-2.8921165,-5.6686664,3.9702525,-13.960454,-2.3175766,-2.6841784,-2.6208603,-6.9657903,-5.600138,-6.5370507,-2.8178196,-7.9153347,-0.3675661,-4.721489,-1.2008324,-2.5025723,-1.0651757,-3.652589,-0.093414836,-4.1260824,-1.2660182,-4.010788,-0.7974117,-3.3410804,-3.0868433,-7.38685,-4.8459907,sad,13,03-01-04-01-01-01-13.wav
-540.5604,136.3801,17.846968,13.571377,13.465983,0.3030346,-13.291358,-12.3257675,-9.923669,-5.6084867,-1.6517309,-10.82098,1.0096793,-2.4257576,-5.486142,0.42419076,-14.774984,-1.6843445,-3.3306155,-2.6742742,-6.313608,-5.7904587,-8.399936,-3.6051688,-7.974175,0.09937836,-5.3054786,-1.0836895,-1.1232051,-0.67875636,-2.62044,-3.2201903,-2.5912097,-1.059115,-2.705412,1.109992,-3.5449219,-3.4381094,-7.473617,-5.2193694,sad,13,03-01-04-01-01-02-13.wav
-529.25104,134.18251,8.332312,13.796997,11.883595,-2.0694437,-16.052433,-16.154858,-9.871525,-8.390187,-3.7385643,-9.5209055,1.6962956,-5.586187,-5.517611,1.6163238,-13.764849,-2.50287,-1.7863722,-2.4915168,-7.028021,-6.8457,-5.6803417,-4.246452,-5.8230667,0.7837596,-7.0802584,0.8800481,-1.7297142,-0.33182722,-4.404364,-0.68550557,-4.3431196,-2.8640206,-2.2214568,0.879592,-5.1733384,-4.6559496,-8.54269,-4.9724455,sad,13,03-01-04-01-02-01-13.wav
-524.1112,128.54562,16.009907,10.867644,4.3531046,-2.9784744,-14.713485,-13.598269,-13.316398,-7.9330826,-4.375443,-11.338647,4.2822294,-4.81791,-5.772911,1.3811946,-14.645329,-3.0897267,0.55084866,-6.049609,-5.5005774,-5.8293233,-8.239704,-5.0154943,-8.645447,0.40348625,-7.119607,-2.4761097,-2.5449796,0.35388842,-5.3894305,-1.9010208,-5.3517685,-3.4216924,-3.1169064,0.7309086,-4.9706025,-4.852197,-9.369303,-3.3396387,sad,13,03-01-04-01-02-02-13.wav
-466.57886,137.70604,-6.906869,15.006093,6.4836383,-9.135972,-17.495731,-13.398579,-16.225103,-10.7213,-3.5784779,-13.579297,4.064787,-9.24022,-9.998225,5.0707746,-17.744982,-4.9766407,-1.7155781,-2.6157758,-4.978308,-5.770325,-5.7348986,-7.2560925,-4.9653144,-1.6068033,-10.3013935,-0.110327914,-4.120409,-1.6918828,-3.3905108,0.36867955,-7.6097164,-1.0526575,-4.8444495,-2.0504737,-3.0292428,-3.8440561,-5.491884,-1.5524478,sad,13,03-01-04-02-01-01-13.wav
-506.77808,128.06693,14.145391,18.642885,7.878795,-2.062406,-17.367918,-10.819917,-8.255372,-9.964128,-2.8006434,-9.360122,-0.7636615,-6.7750483,-4.840298,1.2986939,-14.089973,-1.9056376,-2.9768875,-2.8675933,-6.176504,-8.525272,-6.1681547,-4.832153,-5.774173,0.7014934,-7.081539,-0.6318573,-4.88699,-0.57199734,-3.108899,-0.89118904,-6.1065035,1.481804,-0.66216505,1.0938212,-0.5864812,-2.4586308,-7.608279,-4.5390735,sad,13,03-01-04-02-01-02-13.wav
-491.83417,129.15912,13.94018,3.9775443,7.5407367,-4.4437428,-15.697794,-15.445781,-14.264925,-12.996495,-1.4391469,-11.802165,4.6117263,-4.7445555,-9.113319,0.52704966,-16.315422,-3.8466077,-1.9350297,-6.0918303,-10.513193,-3.7824163,-7.0834246,-5.1895657,-5.766387,-1.5986838,-8.489896,0.4475413,-4.007893,-1.3176122,-3.3079917,-1.3578216,-5.989185,-2.4452014,-4.106606,0.26831868,-4.787694,-4.767024,-8.172615,-5.069763,sad,13,03-01-04-02-02-01-13.wav
-526.94476,118.62916,29.990965,16.128946,12.572042,0.6179787,-12.345534,-12.645312,-9.399098,-12.427846,-1.4720526,-8.438755,1.4390268,-3.3149672,-6.277949,-0.12180194,-13.246462,-2.44384,-0.8722359,-4.113233,-10.139431,-5.597587,-7.0976086,-5.281015,-8.170664,-1.1466806,-5.97109,-2.4091394,-1.8488188,-1.1527847,-1.0892804,-1.704306,-3.83506,-1.8161973,-2.669786,0.8770668,-4.73914,-3.2979183,-8.886524,-5.6178303,sad,13,03-01-04-02-02-02-13.wav
-393.63895,113.11225,-20.015982,18.727806,2.6505818,-13.123028,-12.635495,-11.867742,-24.187744,-8.158057,-7.944175,-14.042577,10.2548065,-10.596069,-2.0201848,1.0345703,-15.419068,-6.3115535,-3.924148,-1.6463832,-6.787156,-1.6021775,-5.1270633,-4.383919,-7.9887333,-2.4619408,-5.7911215,0.7159296,-3.594795,1.205351,-3.7322776,-1.8372968,-4.8690186,-0.68550855,-4.968712,1.0229986,-3.3151324,-2.5008194,-6.9036727,-2.856071,angry,13,03-01-05-01-01-01-13.wav
-368.9164,99.69923,-18.170212,14.294366,-2.7921753,-10.991802,-12.821577,-12.851317,-22.749813,-5.8502684,-6.212992,-13.229071,7.2245016,-7.0427947,-4.9830904,4.160803,-15.825319,-4.605015,-2.8232112,-6.9863124,-4.054047,-4.228861,-2.6319444,-3.8017879,-8.481625,-2.1950207,-6.4477415,-1.2781546,-3.035442,-0.647686,-4.399199,-1.0526439,-4.8889556,2.0452323,-1.9338813,3.7388995,0.88769627,2.3337936,0.9221413,7.0635576,angry,13,03-01-05-01-01-02-13.wav
-381.71378,98.64709,-16.773623,17.719091,3.857675,-8.8863325,-15.356469,-12.07885,-33.93453,-5.5488634,-7.635749,-15.272268,8.1668825,-5.7551003,-7.5668283,1.7636657,-15.265569,-4.632497,-5.0885696,-6.844971,-5.7857103,-3.7656503,-3.371668,-2.991643,-8.891081,-1.414466,-6.378054,-4.6625867,-3.6547444,-2.3113465,-3.6295776,-2.5395546,-6.5807366,-0.1580564,-4.7851205,0.08964134,-2.3746126,-3.311868,-8.544806,-5.228085,angry,13,03-01-05-01-02-01-13.wav
-356.0748,97.3189,-22.212145,14.783605,-2.050201,-11.920992,-18.324274,-17.925577,-33.101738,-8.93894,-8.999873,-18.314945,4.747716,-8.386201,-9.402697,2.4596686,-17.56096,-5.5429106,-3.0184062,-7.5167346,-5.0864573,-5.8958945,-5.4950604,-8.345252,-11.924013,-1.4978659,-10.048187,-6.0441976,-4.4884763,-5.5564585,-5.0044155,-2.8500657,-5.8376675,0.035103172,-0.29660514,1.924924,-0.8173355,1.4453819,-3.3377554,5.272173,angry,13,03-01-05-01-02-02-13.wav
-183.90877,36.334286,-28.235264,-3.8474157,-21.89918,-12.242489,-23.887316,-9.985193,-19.151318,-9.500043,-1.8365268,-12.170262,-6.823806,-2.366451,-16.627737,-5.253637,-16.588652,-10.119511,-0.33839992,8.537634,18.037842,25.08037,17.04898,7.964082,3.8715756,9.887985,2.0104768,8.86637,1.1303777,3.4827766,3.8244872,7.6119394,-0.02329424,3.7874765,-4.492132,4.1114664,1.8955107,0.9931401,0.09546388,7.7294436,angry,13,03-01-05-02-01-01-13.wav
-275.04135,65.16968,-10.471594,11.472944,-1.5315349,-14.938464,-14.01131,-1.3253139,-16.170137,-2.1563237,-1.8025408,-11.672961,-0.35556093,-1.3003153,-10.160408,1.5764446,-11.568543,-7.4068284,-2.5573816,-5.8460493,-4.998456,3.2853205,-1.6130332,2.7890682,3.6867466,7.273815,1.6003876,7.0518312,2.498585,6.0675244,7.9831333,7.6997557,3.903526,5.932422,1.0181588,5.9669743,5.2762284,6.219739,4.2845364,5.2410655,angry,13,03-01-05-02-01-02-13.wav
-191.99994,44.21492,-31.358498,-7.7631283,-22.48975,-10.730534,-27.62989,-13.38876,-24.312727,-11.156337,-0.67613536,-10.252896,-3.7531204,-5.02074,-17.608318,-5.5290465,-20.348087,-9.823827,-6.6614566,-3.2424078,3.3324165,14.235291,11.393193,14.411183,11.633545,16.097595,6.498877,7.0990353,-0.09433031,5.205613,3.7871764,6.382869,2.7069597,5.398384,0.38590062,3.9282498,3.5354762,2.9196727,-3.3545806,0.5842017,angry,13,03-01-05-02-02-01-13.wav
-172.98407,15.888944,-33.684,-15.252643,-34.429577,-9.830021,-25.309204,-11.09067,-16.919044,-11.093293,-1.2638881,-9.332291,-11.3467455,-9.460696,-18.57248,-14.145989,-11.575963,9.016086,15.874256,23.248777,20.3829,10.007726,2.4326494,-0.0010676993,0.8079865,6.8278036,-2.9874992,3.0324223,-1.2019199,5.6286373,-4.854495,-2.9476156,-4.216824,7.707976,5.834824,7.000072,5.3297343,8.199742,-1.5150598,-2.150386,angry,13,03-01-05-02-02-02-13.wav
-437.50943,114.93441,-3.0550232,13.046291,7.6632185,-6.314755,-22.318098,-5.792883,-14.568431,-5.5197873,-1.779393,-15.278092,0.46369034,-4.5086107,-7.350794,1.8680383,-12.2925,-5.552053,1.5833639,-3.1397543,-10.407202,-1.8388704,-7.3804483,-3.809833,-6.1750174,-1.406397,-3.862038,-0.048422992,-5.5483093,0.5521707,-4.6225533,-2.079762,-5.1530004,1.4029979,-3.6506703,2.3900928,-5.0430503,-2.4807124,-5.409708,-0.29323354,fearful,13,03-01-06-01-01-01-13.wav
-466.12332,102.056885,7.859464,17.811596,7.1150417,-1.1165715,-16.677189,-4.3850775,-7.1976285,-4.150506,-0.962085,-10.571648,-1.1228087,-5.0281444,-4.960528,2.1405683,-9.742407,-1.8312955,-0.0006429531,-1.1728805,-7.5018306,-1.7485553,-6.166938,-4.698133,-9.052924,0.61843514,-5.8371644,0.8796775,-3.7618642,-0.25273877,-3.4157531,-4.364922,-3.629733,1.5081469,-0.43604088,4.6162663,-1.7418016,-0.25952655,-4.218152,1.121373,fearful,13,03-01-06-01-01-02-13.wav
-408.6275,100.36534,-0.9302096,13.732215,8.288668,-5.107754,-19.367815,-8.580237,-18.844893,-6.1494293,-3.00044,-15.47026,4.4830647,-7.8098626,-10.64316,-1.4109696,-14.643882,-3.467748,0.27031398,-4.697041,-8.162111,-1.8081338,-7.866028,-4.0687118,-9.083342,-1.3561652,-5.954615,-2.2187667,-3.3506913,0.78186905,-4.3722367,-5.7995768,-5.2379184,-2.4492238,-5.511172,0.2691659,-6.79246,-5.988664,-7.7834363,-3.12718,fearful,13,03-01-06-01-02-01-13.wav
-405.18137,110.35054,-4.5032134,12.533572,2.200261,-5.143983,-21.72461,-9.217343,-22.51909,-1.862679,-0.19893813,-10.779891,6.7925944,-5.234505,-11.658462,1.0644515,-14.863924,-1.5482529,0.48952162,-5.4079585,-7.9504037,0.029393043,-7.728641,-2.5536509,-8.944858,0.5968874,-4.73682,0.38206008,-3.477544,1.0727202,-5.061451,-3.8939157,-3.4236596,0.15372972,0.6016706,2.7652197,-2.6727667,-3.279544,-5.0404706,0.35153383,fearful,13,03-01-06-01-02-02-13.wav
-434.94437,102.60314,6.7482815,14.261608,2.126792,-3.7515483,-16.549776,-5.0262027,-13.738201,-7.9100337,-1.131266,-12.588596,-1.4475144,-0.29573256,-7.1627636,-1.032043,-9.663724,-3.3851242,-2.454634,-3.1640751,-7.3037815,-1.4571596,-6.651112,-2.7666044,-7.248515,1.4300827,-6.3316655,-0.64839166,-2.6703668,0.6492239,-1.915295,1.51777,-2.3887918,1.8212663,-1.195654,3.5560124,0.26038453,1.8550582,2.0441372,6.645885,fearful,13,03-01-06-02-01-01-13.wav
-273.53528,60.268166,-16.770634,2.9981513,-11.313752,-15.398158,-30.395334,-8.7124195,-13.971742,-17.118591,-5.7913156,-15.077733,-9.881875,-3.7450435,-12.478566,0.979037,-4.8329034,1.7915934,7.5508757,5.699108,3.787884,7.269825,9.999059,9.477628,3.8350708,14.072696,2.671365,6.4118037,2.9560297,3.6302907,0.070372105,5.6653366,1.2761985,4.8924522,-0.9025244,1.7314205,-1.635564,-0.22734049,-2.0062308,4.1711783,fearful,13,03-01-06-02-01-02-13.wav
-298.87396,71.22359,-10.012907,0.19947849,-10.729976,-15.314481,-25.884872,-9.412758,-22.854416,-11.911386,-5.7380404,-16.267593,-4.9787097,-5.39117,-19.491924,0.16801755,-13.792665,-5.643077,-3.7718537,-9.184893,-9.209222,-4.401926,-8.181333,-3.9581218,-1.5962194,6.4036083,1.5275267,10.973718,7.339544,5.584196,2.833957,4.5576644,4.581928,11.875527,7.7348294,9.407509,1.7500104,0.0041379184,1.0618389,5.695559,fearful,13,03-01-06-02-02-01-13.wav
-423.7615,105.159485,-3.0015543,15.553105,8.107431,-4.672843,-19.0996,-7.7920084,-20.429317,-5.3966303,-6.9539,-15.3110485,1.226238,-7.288453,-6.374177,0.10106412,-16.24165,-2.0797696,0.9190885,-3.8853147,-10.387504,-5.63218,-6.649891,-5.4219275,-8.346008,0.56328124,-6.71201,-0.6322889,-2.9008558,-0.2835063,-3.2399228,-2.9226878,-3.49929,-1.1959784,-3.8070698,-0.21485145,-4.178169,-5.199505,-7.6532416,-1.2851712,fearful,13,03-01-06-02-02-02-13.wav
-498.4911,139.06264,-13.269542,20.920408,9.443536,-6.276113,-9.948241,-15.716333,-15.619523,-0.026879128,-5.246125,-6.7104588,9.503684,-7.874191,-5.9105,4.3010616,-16.11301,0.37379864,-2.9651427,-3.5603018,-6.3413043,-8.26789,-6.63667,-2.6024833,-6.5250034,-0.3825502,-2.7623456,-4.0226126,-1.9311371,-1.9978049,-3.5483432,-2.9527447,-3.8253837,-2.3412871,-1.3718027,0.19429992,-2.6847398,-4.841433,-7.49954,-1.6142025,disgust,13,03-01-07-01-01-01-13.wav
-500.5643,133.85031,-10.363306,23.151316,1.723955,-6.60752,-7.41959,-14.079248,-11.568372,-0.63884556,-2.855586,-6.938786,7.173924,-7.901749,-5.119187,2.6276765,-15.68601,0.65478784,-4.7514496,-1.4110892,-7.879168,-10.261476,-2.9543605,-3.9855154,-6.7459893,0.3388042,-6.2138314,-3.2679508,-1.8765906,-1.5909781,-3.235496,0.31329474,-3.2054338,-2.580952,-1.8002477,-1.7941109,-2.5701754,-4.6633782,-4.9750466,1.8442444,disgust,13,03-01-07-01-01-02-13.wav
-491.8899,124.898125,2.4236672,15.701257,12.136014,-2.4408395,-13.390825,-13.136217,-9.65493,-3.2974477,-1.3077259,-7.432273,6.4102235,-5.041436,-4.4168506,-1.0612293,-13.988571,1.5124106,-3.207623,-0.8096552,-7.277624,-8.147118,-5.3530865,-4.26389,-7.412639,-0.67124856,-4.707607,-1.9018015,-2.295483,-0.21858731,-4.613441,-0.3944543,-6.7997513,-2.9809728,-1.3246047,-1.3719317,-3.8810487,-4.255424,-6.2704086,-1.9255041,disgust,13,03-01-07-01-02-01-13.wav
-476.9431,118.292496,2.4100869,14.216387,1.0414968,-6.290889,-17.883537,-10.433032,-10.999404,-7.091321,-0.7355716,-8.713918,4.5685368,-7.2981343,-6.5493236,-0.16049314,-15.565015,-1.0217764,-0.8782916,-5.1746492,-10.4545,-4.8706727,-7.841899,-6.11843,-7.2257957,0.81881356,-5.132911,-3.4192176,-4.267133,-1.5071262,-3.913393,-2.6648,-4.04255,-3.1191015,-2.1428194,-1.8096746,-3.9217641,-5.689692,-7.810205,-1.472347,disgust,13,03-01-07-01-02-02-13.wav
-438.87878,101.00111,1.1150838,16.883682,4.3250155,-11.545021,-18.254066,-9.200633,-9.782577,-4.4356866,-3.2780478,-10.6363125,-0.17903902,-7.8008924,-4.9161205,0.104384534,-14.018065,0.6672926,-2.6603966,-4.233991,-9.741656,-6.603133,-5.3130937,-5.004793,-9.240828,2.5333674,-6.8248363,-0.38184705,-1.4986858,2.9357643,-0.772096,1.2048049,-1.1907036,0.46760178,0.2977608,1.6662295,-1.0060016,-2.125458,-5.1075506,0.46793064,disgust,13,03-01-07-02-01-01-13.wav
-433.81677,123.25065,-3.7621093,15.149584,-0.45798343,-8.987583,-17.202545,-17.962975,-13.253586,-5.7141075,-4.5306215,-10.177449,4.997548,-10.812762,-9.374261,1.4544071,-12.944356,0.17575738,-3.7626405,-4.6583905,-5.82798,-9.842959,-1.9210141,-4.522543,-6.919054,3.5910282,-5.5288157,-0.87026554,-1.6915284,1.4257892,-3.3051872,2.8823795,-0.48435295,1.9869317,1.2967422,3.058936,-0.63249856,0.2067262,-4.873371,0.19819456,disgust,13,03-01-07-02-01-02-13.wav
-496.2512,128.05988,14.822667,12.805498,4.544437,-3.417083,-8.742974,-12.941412,-11.085384,-5.155064,-2.5941684,-5.676742,7.5737157,-4.308159,-5.1053953,1.0275329,-11.506509,0.65794635,-0.5765841,-5.4211893,-6.7906303,-5.5730247,-6.560208,-1.8661401,-8.962155,0.124757804,-5.1332994,-3.1797318,-2.0382316,-2.486903,-3.8585882,-0.07827092,-3.21821,-1.958398,-1.2063594,-0.5711153,-3.4239151,-2.453338,-6.304528,-3.6644056,disgust,13,03-01-07-02-02-01-13.wav
-463.61047,133.75461,-2.0230305,12.917272,0.9501429,-7.119553,-15.686559,-13.865911,-15.518991,-7.263283,2.4135432,-11.535671,5.2605886,-5.9704328,-6.4991007,-0.9832115,-11.840412,-4.177525,-0.93625337,-2.7418861,-8.074304,-2.6524498,-7.265918,-5.6368356,-5.695239,-2.8410463,-3.4148076,-1.8780804,-1.9442225,-2.0428395,-2.3651516,-0.6476877,-4.8550053,-1.1316836,-3.651364,0.82127607,-4.4275513,-3.3844113,-6.2126417,-3.9132085,disgust,13,03-01-07-02-02-02-13.wav
-381.15552,114.51035,-16.602903,-0.70774287,-11.278566,-5.9331484,-31.51472,-21.189993,-17.173868,-11.412767,-7.473317,-13.902811,-1.9015653,-13.547075,-12.076412,-0.23836687,-17.201002,-5.628817,-1.9356574,-3.1797316,-5.135957,-6.304086,-6.9855356,-2.9460237,-7.3731284,4.935506,-4.3542643,0.9029016,1.1808121,1.2255374,2.2028306,3.9660258,3.926907,7.4780765,6.064222,11.84602,8.612349,6.034648,-1.1715918,3.4237607,surprised,13,03-01-08-01-01-01-13.wav
-447.42722,111.415886,-13.885706,-3.176671,-9.223786,-3.9036195,-24.789848,-14.816833,-24.61161,-12.772997,1.5879061,-16.877636,-4.2519026,-11.039663,-12.273256,-5.6797667,-14.095095,-12.440385,-3.378092,-6.968378,-13.988984,0.9598494,-6.4467797,4.0678287,1.2372981,12.007477,1.1717263,4.5874653,-1.2978152,1.2967242,0.60943645,3.161054,4.9721375,10.390025,6.036196,14.160543,3.093239,2.999274,-5.496595,0.52337813,surprised,13,03-01-08-01-01-02-13.wav
-445.01556,118.133865,-9.129935,7.7689033,-8.47045,-4.6123495,-23.10559,-19.647503,-22.105011,-8.374015,-3.029765,-15.13745,0.6376617,-6.292399,-9.484804,-2.7603917,-17.985117,-5.6226244,-2.93693,-7.0647793,-10.135657,-5.2077336,-11.134206,-6.1418796,-7.36304,-0.58648974,-5.9452524,-0.63350177,-1.2789963,-0.2123436,3.4388475,3.7387407,3.3219705,3.6460595,-0.47157827,7.7951555,-2.0734465,3.15579,-0.720992,2.204928,surprised,13,03-01-08-01-02-01-13.wav
-441.01578,102.234505,-15.301135,5.7228913,-13.669902,-5.881822,-25.352837,-21.651312,-19.623535,-14.587582,-3.5513294,-13.696178,-2.495063,-5.974449,-9.547648,-5.473619,-18.043015,-8.414891,-1.4928387,-4.0386405,-4.8737473,-1.2670003,-9.187982,-3.6306064,-9.105655,0.7093477,-7.7072597,-1.7697455,-3.1070995,0.257086,5.240333,12.120308,16.055696,14.925115,9.157619,9.748532,-3.363922,-1.820522,-2.5602424,2.2718844,surprised,13,03-01-08-01-02-02-13.wav
-381.85254,103.774345,-10.357616,8.69385,-1.8620092,-6.15803,-24.914722,-10.571807,-15.207951,-8.403795,-3.6242716,-17.854603,-4.466698,-8.635592,-13.001786,-2.029698,-10.06697,-6.0269814,0.89938855,0.17640075,-7.472192,3.889633,-4.923321,-5.942869,-4.371212,-0.6790271,-5.202035,4.186217,-5.318003,5.78887,-2.5727432,-0.029640527,-3.0035837,3.588773,-1.2273829,6.7003202,3.0783045,3.61801,-0.99344057,-0.70681506,surprised,13,03-01-08-02-01-01-13.wav
-425.14188,112.68057,2.2142074,13.297027,9.618603,1.1789662,-20.115503,-11.17674,-9.8515005,-6.994544,-2.7011337,-7.438263,1.4324578,-4.425804,-9.969473,-0.09444272,-10.756729,-2.8638778,0.654401,0.3633953,-0.33394432,0.5005599,-2.9448464,-4.878543,-2.6017625,1.3563035,-1.6222444,5.0732327,0.5296546,2.404022,0.10348046,1.9934791,-1.5537264,3.225433,0.39222878,5.3716106,0.29097134,0.79984015,-2.4179966,2.1810071,surprised,13,03-01-08-02-01-02-13.wav
-344.07806,104.43239,-4.7630944,2.8266273,-0.06842305,-2.2304053,-25.358793,-16.88617,-19.2651,-8.450565,-8.669614,-15.770161,0.4911178,-10.714887,-12.780084,3.2453763,-18.430017,-3.1832962,0.91353416,-5.659372,-6.273618,-5.6153083,-5.174695,-3.40852,-7.4378314,0.31279692,-7.4271336,-1.4144844,-1.8574938,-2.424472,-4.717854,-1.2355213,-3.3667257,1.3538821,0.6582873,2.3652098,0.08885052,0.68354416,-5.29734,0.5228161,surprised,13,03-01-08-02-02-01-13.wav
-343.7761,102.15289,-5.018226,3.3134072,-2.4193118,-5.076652,-21.981846,-14.854577,-19.594555,-10.708841,-10.721317,-14.63735,-5.136439,-11.729292,-9.642135,-2.2299147,-14.493507,-1.4894687,-0.19439581,-4.6466484,-10.237381,-6.964539,-4.802125,-3.65134,-5.4550533,0.333241,-7.189285,3.608205,-4.1541634,1.2584512,-3.7258093,-2.336816,-2.1070263,2.7245739,1.2021326,4.724498,1.76573,1.2289261,-2.8888042,1.5708022,surprised,13,03-01-08-02-02-02-13.wav
-558.15466,78.362076,4.8445325,17.626503,-18.365461,-17.791037,-10.54571,-19.41837,-10.075493,-8.724455,-3.3678527,-11.6927805,-6.4706497,-4.5397406,-10.298739,-4.785508,-6.0302777,-6.6394424,-7.344417,-0.12474825,-0.5589313,4.810191,2.927994,6.6770935,-2.783037,0.20365162,-3.4131417,1.8235582,-1.3945487,0.6387676,-3.3904922,-2.5675557,-3.2010899,1.5616834,1.4498924,5.124265,6.195272,6.624028,2.878284,2.870514,neutral,14,03-01-01-01-01-01-14.wav
-551.42456,84.73972,2.2646067,15.08446,-17.057642,-15.563828,-14.26401,-20.229437,-6.7292795,-8.486035,-6.5644855,-14.749739,-8.541908,-4.980309,-7.387686,-7.552559,-3.480645,-7.0543385,-8.991727,-1.9037515,-6.0539026,-3.1199167,-3.1545432,3.4718556,-6.0503874,1.4110194,-3.6573243,1.1161852,-0.13328212,3.2968204,2.1280344,5.3097215,5.4465737,10.731458,10.152809,9.345131,4.1677475,2.2465684,1.5147523,2.5774345,neutral,14,03-01-01-01-01-02-14.wav
-528.3939,76.18573,1.0998746,11.4885235,-22.454165,-9.041632,-17.485312,-23.429396,-10.300843,-8.178013,-8.5933895,-12.371394,-7.9149375,-8.889668,-11.319729,-6.520814,-7.2742143,-8.989668,-9.698474,-1.1381546,-1.6795007,2.1269288,2.80329,6.0789266,-7.632203,0.802921,-4.080251,6.034023,11.097685,14.455397,8.935631,4.546287,-2.0941586,0.50987184,0.7502878,2.728324,0.5169763,2.5796323,-2.416765,-2.3388438,neutral,14,03-01-01-01-02-01-14.wav
-532.73956,87.48897,-1.0628191,8.088111,-24.839243,-10.824367,-17.732727,-23.338036,-8.325488,-10.749542,-6.5417237,-11.112946,-7.605093,-7.769536,-12.193799,-7.566462,-6.9801297,-8.847551,-7.8326035,3.0654123,-2.2543256,2.1808462,0.9712253,3.4854677,-7.289003,4.0547805,3.0582016,5.75008,2.8897421,3.0392907,0.7708785,7.875645,5.535476,7.004406,0.8590197,-2.3456573,-3.7945027,0.94386744,1.8209836,4.325661,neutral,14,03-01-01-01-02-02-14.wav
-575.6106,76.69508,1.5802193,10.800125,-14.94389,-17.600048,-15.967135,-17.93848,-9.571808,-12.452932,-7.2809114,-13.939922,-11.268817,-6.3074536,-10.358283,-10.473142,-1.9592464,-3.1145482,-2.8343558,5.7028317,-4.054219,-2.8118522,-6.011597,-2.3220344,-8.995409,-2.7466733,-7.412207,-3.4562511,-7.5211344,-6.409374,-7.712967,0.91800505,3.5868387,9.413694,7.9860244,8.046371,2.4851453,-0.27571774,-4.129249,5.567914,calm,14,03-01-02-01-01-01-14.wav
-583.8389,71.79592,4.7104707,18.868021,-12.197165,-8.683415,-12.172388,-13.640824,-10.136961,-11.767946,-4.810405,-14.117964,-9.095555,-4.7026734,-12.926321,-8.243433,-8.067457,-6.424735,-10.623256,-3.3122807,-7.7534494,-3.8380663,-3.5256553,3.7692728,-3.2318015,1.601534,-4.106395,-0.61203223,-3.4975505,0.30403736,-0.21112831,3.5344543,1.62608,5.5046635,8.3906,11.98419,8.00243,6.1311083,0.7142712,3.8696682,calm,14,03-01-02-01-01-02-14.wav
-530.4576,53.055183,8.131985,12.79299,-18.058182,-11.141079,-19.184078,-18.514658,-11.097491,-15.168045,-11.368962,-16.298702,-10.136245,-10.322444,-10.165094,-10.907557,-8.365292,-13.956931,-12.857526,-5.942903,-7.0801983,-3.1136367,3.1711962,13.282345,5.908868,16.063808,7.162758,6.8026257,0.56464493,3.935921,-3.8214803,2.318136,-3.536282,2.3822832,0.97758865,2.85052,-0.7173935,3.1322312,-0.5179324,-1.1566621,calm,14,03-01-02-01-02-01-14.wav
-529.8534,63.96772,5.090093,16.007275,-16.490881,-14.760257,-15.578291,-24.040249,-10.284048,-15.406879,-9.813696,-20.131021,-10.437678,-12.156833,-9.992162,-8.307207,-5.849894,-13.753293,-10.624426,-4.545382,-10.700168,-5.0641184,-5.67158,3.0543067,1.615457,10.502691,7.10524,10.056419,4.053393,5.834004,4.455422,11.213488,5.7862244,6.7165604,1.1505361,3.5855703,-1.0430557,5.7271433,-3.0265903,-2.3952508,calm,14,03-01-02-01-02-02-14.wav
-629.7001,73.4941,11.46444,12.036677,-12.590474,-10.506719,-9.223229,-15.465827,-7.6449,-4.823215,-3.620514,-13.239587,-6.209801,-6.3042655,-11.866506,-4.28524,-7.13808,-7.2396865,-9.238925,-3.825597,-9.073531,-2.8498473,-5.121138,-2.6645963,-7.2509546,-0.49901313,-6.1876493,-1.4483292,-3.656568,-3.228554,-3.851966,-0.118391514,-2.536766,2.2366612,1.030556,4.455897,4.811363,4.72451,3.538894,6.310357,calm,14,03-01-02-02-01-01-14.wav
-614.24243,58.87367,6.0487514,14.983634,-9.131947,-12.362073,-12.65832,-14.534045,-10.266458,-11.067154,-5.933235,-15.97456,-9.080443,-5.6741138,-10.24618,-5.929058,-8.446251,-5.818186,-11.91544,0.3496288,-1.8321688,2.5171745,4.837518,6.094273,-4.4345236,-0.7405946,-4.880345,2.049797,1.176534,2.7114756,0.21910463,6.328816,6.1601605,10.881694,7.5952578,4.63678,-1.9941877,-0.3500083,-1.3346398,0.6146237,calm,14,03-01-02-02-01-02-14.wav
-596.5199,71.83207,7.455211,4.430204,-14.682229,-4.869941,-16.07889,-18.324354,-8.786928,-4.9012976,-3.7524815,-8.66126,-8.076937,-3.646541,-9.448957,-6.202951,-4.066291,-8.304173,-8.945808,-3.534229,-9.946839,0.20548768,0.39079443,8.798526,4.9764204,10.91596,2.687122,0.39631942,-5.7163596,-0.21003315,-1.4432578,3.9609559,-4.098682,-1.1439385,-3.0308607,2.5076826,2.1763601,5.4045987,3.3261235,9.536882,calm,14,03-01-02-02-02-01-14.wav
-560.2509,66.102516,10.955654,10.634869,-16.740906,-10.043475,-16.040981,-20.58359,-4.261545,-13.49635,-3.9323533,-10.8241415,-8.765425,-6.7925777,-12.069904,-10.179296,-8.071194,-11.081422,-11.138121,-3.2969375,-7.5311193,-3.9097795,-4.120671,-1.948856,-6.1541905,5.9929104,3.9436378,7.5051394,4.797978,5.3321443,3.3646173,7.101089,5.4675226,7.669099,1.8631747,2.2608685,-0.56931865,7.0286307,6.176663,6.305338,calm,14,03-01-02-02-02-02-14.wav
-339.53455,56.48471,-38.443573,8.771703,-22.525133,-29.98091,-10.430508,-29.417948,-4.4353337,-13.803043,-14.979038,-0.6675036,-18.891542,-4.054456,-9.459991,-3.2446508,4.809004,20.088387,12.9658985,15.338518,6.643193,2.7500877,4.0346003,7.222185,3.3038306,7.013786,2.34959,0.6405083,-2.1961648,0.35544592,-2.9508798,3.3696678,0.27448022,7.1399927,2.7483416,5.559698,-0.4080136,0.35649455,-0.32211268,2.40689,happy,14,03-01-03-01-01-01-14.wav
-347.3097,61.345135,-26.035149,-0.05048503,-16.156214,-26.584408,-10.958671,-22.858616,-4.372047,-12.731603,-14.593138,-7.730589,-21.732916,-2.8415859,-11.291325,2.8773043,10.114467,17.413677,9.340305,9.86134,5.306497,6.518799,10.986267,8.53471,-2.7121222,1.751771,-3.9367855,-0.50174046,-2.3815174,1.9582143,-0.604767,6.246987,3.3427615,4.2131295,-1.9936398,2.6185138,-1.4146935,0.86599106,-1.0607777,1.8160539,happy,14,03-01-03-01-01-02-14.wav
-386.82053,62.424847,-14.790699,-0.94458485,-21.456514,-25.225063,-28.53768,-26.496614,-5.898754,-21.081541,-10.959867,-12.389464,-16.039324,-13.694654,-20.201939,-14.998769,-12.663412,-4.003437,-8.045823,8.642013,5.044277,8.384143,7.0323286,10.742107,-0.16131844,8.993619,0.25944513,3.037934,-0.6279637,0.26293465,-3.9616265,0.2216272,-0.8410912,2.8984637,0.8524678,2.0345492,1.5135206,4.3355904,0.49763414,1.1376772,happy,14,03-01-03-01-02-01-14.wav
-376.0069,55.43446,-23.057579,2.2299304,-18.212677,-29.70453,-18.05754,-28.103077,-13.455556,-18.712107,-16.48304,-9.466438,-19.48451,-10.518915,-21.299824,-15.2633,-9.163627,0.5754681,-0.84917784,16.462229,8.283367,9.407989,7.442375,6.8302073,-3.686626,2.6018496,-0.91375256,0.347522,-4.3520308,-2.1762614,-6.6459637,-2.6432557,-4.7417355,0.012116251,-1.0343508,0.1149091,-1.3526362,0.9992176,-4.3038545,-0.08383631,happy,14,03-01-03-01-02-02-14.wav
-278.21982,45.663513,-66.894485,-7.1955047,-27.975365,-39.062008,-6.6805277,-30.317303,-12.386947,-7.3214135,-20.780315,14.60276,-2.5526364,21.85323,15.335591,14.59924,11.304453,4.578314,-1.6004963,2.020698,-0.5892496,-6.0961914,-3.4471276,0.912912,-1.8558438,4.6352262,-0.03378183,2.7325647,-0.6284674,3.1078985,0.00988843,1.0757273,-0.7274408,4.557537,-3.0730107,2.834638,2.1483035,2.735994,-0.25963098,3.398906,happy,14,03-01-03-02-01-01-14.wav
-279.34723,41.985355,-64.1416,-6.096098,-32.27246,-30.335999,-9.425596,-32.91571,-2.4029665,-15.18318,-14.0964775,2.2243557,-20.308298,6.812716,3.278326,12.189261,18.821539,18.117115,8.149364,12.712747,3.9984233,0.70853776,-0.7649009,-1.7551938,-2.6653912,-0.2700495,-2.8552392,-0.32588255,1.2801424,4.946469,-2.2538424,1.2292722,-1.4182371,7.056637,1.1549678,1.814209,-1.722378,2.9903135,-0.20608848,0.71972424,happy,14,03-01-03-02-01-02-14.wav
-269.93533,21.248058,-81.52921,-9.696026,-28.274462,-44.967243,-13.08931,-38.724106,-4.4244537,-10.10545,-17.894852,11.153832,-5.8776445,19.703007,5.457549,9.258669,14.568695,6.135532,-0.9037093,-1.1085155,-3.968337,-2.309677,-1.1188501,-1.8701879,-8.788644,-0.6550559,-2.145336,-0.06819589,-1.4033191,1.0257524,-0.0092213685,3.1891007,-2.5683835,1.2363203,-1.4322591,3.2814312,-1.4703845,1.0263159,-3.3683503,2.2918222,happy,14,03-01-03-02-02-01-14.wav
-298.6144,26.259619,-53.753212,-10.930616,-20.88332,-38.868614,-8.1485,-35.63894,-10.725977,-14.806274,-11.2027445,12.319179,8.272013,24.093058,6.213843,2.8024685,1.6487837,2.8269932,-6.4790974,1.6896994,-2.386591,-1.3743424,2.1958358,1.8501377,-1.6804823,3.4265409,-2.9128678,-1.168561,-1.4562753,-0.018878834,0.38624704,-0.95629895,-3.330935,1.3053797,-1.9943647,1.9651046,1.2829303,1.6712123,-3.212574,2.5319967,happy,14,03-01-03-02-02-02-14.wav
-528.44946,77.340065,10.8194065,18.909418,-16.814007,-12.913913,-17.56682,-16.093693,-9.720849,-12.929755,-5.6594563,-7.0809484,-8.030116,-3.7813575,-4.9535394,-6.683499,-6.4849877,-0.58422744,-9.739034,1.5416377,-2.1025627,3.0595987,1.1592073,1.6233401,-2.4623134,2.5029466,-1.763443,4.3644986,-1.3110576,4.621474,-0.8937386,8.047275,2.4325194,8.9210415,3.2414796,9.258635,1.1669111,0.6662089,-2.8086474,1.5975499,sad,14,03-01-04-01-01-01-14.wav
-500.32846,87.13456,1.9458972,12.066823,-19.38081,-15.552377,-19.468235,-17.310966,-6.6183043,-15.984161,-10.743557,-11.344451,-11.79545,-4.587425,-5.518745,-6.5757356,-10.463041,-4.22461,-9.6795,-0.25120205,-6.4881954,-3.632883,-1.811206,3.615274,1.9981679,5.1661224,-0.5742685,0.039075606,-5.129444,5.836628,5.7914567,14.857379,6.050028,5.1184764,-2.9377713,2.000818,-2.0226345,1.141389,-2.437669,-0.52100146,sad,14,03-01-04-01-01-02-14.wav
-510.10217,63.8132,8.895911,8.75042,-19.903961,-10.974888,-16.77784,-20.43733,-6.498317,-15.036563,-5.1469316,-13.010725,-10.410171,-6.5492697,-10.478527,-6.155773,-7.569453,-3.7398686,-11.777665,0.801402,-8.069166,-2.7447948,1.4907831,8.159644,2.7231297,12.223591,3.338143,8.922987,0.8093081,6.6938376,2.959613,6.883742,1.0018313,2.9605944,1.3072592,1.5551835,-0.31094605,0.4259174,-2.4384303,0.35490307,sad,14,03-01-04-01-02-01-14.wav
-492.18015,69.18868,12.904025,9.302027,-19.059645,-11.2443075,-20.743443,-18.896503,-8.054941,-15.504754,-7.164079,-8.810212,-8.975634,-6.136197,-8.61345,-7.4066615,-7.372205,-3.6227083,-13.076104,-1.5869161,-10.20281,-1.7716956,-0.74371547,8.822038,2.77879,11.864129,3.2385995,6.8854737,0.2875583,6.267436,3.03961,10.124837,6.602231,5.1941886,0.6215378,3.1219795,0.37348574,3.3681457,1.2149562,-0.7848724,sad,14,03-01-04-01-02-02-14.wav
-453.99985,63.146526,-14.661718,11.339961,-23.920109,-13.172614,-22.40372,-25.778753,-6.2116604,-9.980103,-6.5494123,-4.796813,-12.584348,-4.9748106,-8.984182,-11.484678,-6.6628027,-0.37166315,-2.9134028,3.7894294,-0.37138277,-0.60497516,2.4066453,6.713633,4.7521315,11.53327,4.7013955,3.0757487,-3.4253607,-1.6619478,-6.153204,0.06436538,-4.837704,1.8001379,-1.3448749,2.182996,-0.21187805,-0.37422428,-2.6495411,-1.3543973,sad,14,03-01-04-02-01-01-14.wav
-476.7456,78.28594,-16.20406,16.311325,-18.937939,-15.722509,-19.69237,-21.527636,-8.565501,-3.360653,-10.321989,-0.6237475,-8.8394165,-2.5686655,-3.9846563,-11.010036,-7.1563587,-7.2505376e-05,-7.497713,2.6595943,3.5837412,2.7562406,4.305123,5.231776,2.4536688,5.9405217,-0.5147586,4.066607,-2.4542346,4.036225,1.4958286,6.5405664,2.46832,3.5516262,-0.74616003,1.3085891,-3.0551748,-1.2415726,-0.4500992,2.088871,sad,14,03-01-04-02-01-02-14.wav
-445.26288,71.63097,-15.543399,7.5553493,-27.451818,-20.272305,-24.453003,-27.47547,-10.922292,-14.791253,-14.297569,-4.103245,-14.508842,-8.4919405,-8.589413,-9.886355,-10.755703,-3.3122668,-9.189032,-0.10792136,1.4399784,5.297525,8.58946,11.273191,13.016832,15.49515,8.514676,6.8943443,-2.1191442,2.1134334,-1.5614463,3.2235892,-2.0073318,1.3323768,-1.635455,2.9703493,-3.5720296,0.71270907,-1.2664964,1.9108609,sad,14,03-01-04-02-02-01-14.wav
-416.79126,64.108795,-31.250156,8.677785,-24.29102,-29.386189,-15.211703,-37.242317,-6.376517,-10.605826,-21.969816,3.5540688,-22.02124,-7.1230597,-11.202517,-14.859968,-6.473338,-2.611266,-4.380624,5.4801226,10.191164,11.184008,15.805341,11.283152,6.1502447,0.88170606,-1.3513749,1.2623749,-4.940035,2.7259452,-5.043676,-0.43417245,-5.0607147,2.94598,-0.30967003,2.1637473,-3.2188315,0.40549907,-1.8456997,0.29176423,sad,14,03-01-04-02-02-02-14.wav
-391.54425,54.079227,-16.244831,7.243042,-26.837648,-14.648686,-14.583094,-19.96377,-8.580966,-15.66699,-13.451805,-13.476167,-12.010446,-2.4597144,-4.915056,0.9517038,-0.9136418,-0.5633968,-3.2041426,4.977325,2.6461215,6.3231025,0.29077163,0.020822268,-6.0444036,2.7315845,0.08118263,1.0527058,-2.8871498,7.832026,4.380272,0.22747603,-2.9183445,4.0975018,1.3836256,4.760338,0.5272784,2.5262074,-3.395547,-0.47822407,angry,14,03-01-05-01-01-01-14.wav
-372.53595,60.134396,-21.231804,9.040031,-28.039484,-22.547699,-8.808742,-20.539154,-10.334786,-10.774101,-6.680877,-10.201384,-7.238851,-4.670895,-7.2341537,-3.4837482,0.6480373,3.7707777,-0.187068,7.0782075,4.2084885,5.2837653,0.53934467,5.41122,3.0265896,9.545568,7.0565767,5.34217,-2.7463615,2.0089617,-1.2255735,-1.0919147,-2.6805317,1.4372852,2.084513,3.7978663,-0.80396175,2.7577717,-1.219088,0.9533799,angry,14,03-01-05-01-01-02-14.wav
-363.30585,53.102806,-24.28908,10.17521,-31.671453,-26.318356,-12.720419,-30.234669,-11.9990835,-15.151042,-7.906523,-11.5952425,-14.967678,-7.7982674,-14.921908,-8.057439,-0.284271,4.2677865,-2.9359465,2.6808362,-4.899619,0.85228413,0.12520787,8.168355,3.7819068,5.636741,5.374047,5.112051,0.8691865,-1.533681,-5.780757,2.311745,2.4065042,1.6614851,0.31549355,1.8410621,-3.0399463,-0.11010408,-5.664749,-0.046235632,angry,14,03-01-05-01-02-01-14.wav
-373.0985,50.443108,-27.196375,-5.743271,-29.92205,-23.369617,-14.056432,-28.13183,-15.857474,-11.5811615,-11.371858,-15.274778,-8.931053,-1.7993778,0.4176218,4.856621,2.216006,3.914717,0.17754146,6.2484016,4.012139,5.3604198,-0.86676973,4.5828276,-1.5876143,1.6068543,-1.7338977,0.28565878,-2.1108212,0.931559,-5.0538983,-0.49506292,-2.3388214,2.7399702,1.0130132,1.8185753,-0.23272237,1.6593388,-4.8332853,1.8015485,angry,14,03-01-05-01-02-02-14.wav
-210.35207,59.84257,-61.6352,-10.75299,-39.95894,-28.680862,-7.0564203,-25.296001,-10.551362,-8.028857,-10.886862,4.7790318,-5.3770432,14.659621,4.276809,2.5440533,0.972374,-6.072698,-9.444598,-0.22180636,-0.7743113,-5.7586184,-6.3548923,-3.7519727,-4.1115003,-1.2169144,0.5388948,-0.25756562,1.5105003,1.9850396,-3.7712648,0.1991884,-1.5889226,0.38487828,-1.8870889,1.4997483,-1.6088697,-0.96192336,-2.5331354,3.7685301,angry,14,03-01-05-02-01-01-14.wav
-251.1696,49.897408,-58.419582,-12.375403,-40.56023,-30.050985,-6.6161027,-28.073494,-6.280082,-5.404887,-7.562748,8.242423,-5.4046044,13.07022,0.6125079,3.8594947,-1.5623997,0.075019896,-4.1089725,1.926979,-2.5017917,-2.8903146,-4.649639,0.89403486,-3.0615246,0.69234955,0.8256867,-3.4007916,-0.09506747,3.1182563,-3.0852516,-2.7373645,-2.6239483,2.7418094,0.5658767,2.7532997,0.5154866,0.6051247,-2.5410082,2.3079507,angry,14,03-01-05-02-01-02-14.wav
-231.74966,35.015503,-64.49972,-20.390095,-42.378777,-32.25675,-7.1128316,-35.853214,-6.6833324,-5.725032,-1.630711,10.750225,-3.3963099,11.65805,-7.32386,4.7250977,3.6146772,5.512985,-2.4056728,0.9504991,1.1113102,-0.095029145,0.032567956,-0.022827277,-6.4757442,-0.7823657,1.4484639,-2.7534945,-3.8647358,4.3305206,1.5449642,-0.21102124,-6.8802595,-1.2099222,0.6234188,3.5052388,0.8532766,-1.1495807,-1.5795366,2.156834,angry,14,03-01-05-02-02-01-14.wav
-256.46228,43.58009,-43.282215,-10.017603,-40.61085,-24.073847,-6.2252507,-34.159897,-9.494973,-12.894437,-11.889561,-2.6111643,-10.903855,7.7539515,0.21826382,6.8465614,6.7697005,3.0549839,-8.805489,-0.87775856,0.63033044,1.0464364,0.2744969,-1.0158143,-6.9582906,-1.9428756,-1.4523734,-3.994607,-4.3899064,2.1207802,2.139715,1.6891122,-3.7752328,1.7124866,-1.8408573,0.67524564,-1.0495863,2.6579146,-4.2028766,-0.5517037,angry,14,03-01-05-02-02-02-14.wav
-530.22797,69.34522,11.931181,20.918625,-9.877452,-7.5729556,-16.485584,-17.35413,-9.177258,-11.038436,-8.28367,-13.319291,-4.359056,-6.138717,-6.833277,-7.305165,-9.529283,-4.144287,-13.269865,-5.1792855,-8.286513,-3.4427366,-4.378854,1.4316247,0.36982977,7.306778,4.453955,9.066571,4.208077,7.777577,0.024128405,4.8204994,-1.462222,4.800233,1.2314168,5.096759,-2.441417,0.8417195,-0.43177718,0.80485016,fearful,14,03-01-06-01-01-01-14.wav
-479.63492,60.071934,0.5549496,7.7799854,-20.202682,-4.3961387,-12.348469,-14.636208,-4.0473485,-9.592423,-4.6414843,-9.027547,-9.066525,-6.85023,-8.50303,-8.365995,-7.366028,-5.233368,-10.533441,-2.7852464,-4.653428,2.078929,3.0056837,9.698019,2.563036,9.576198,3.994536,6.8634067,2.0261867,2.6956499,-2.0028543,3.2265217,-1.908874,3.4230046,-0.7732277,1.556428,-4.0718894,0.65897423,-3.2252085,0.87158066,fearful,14,03-01-06-01-01-02-14.wav
-479.2931,71.592964,8.810738,7.5881224,-15.041695,-9.561165,-22.242958,-21.100967,-3.9142778,-18.178833,-7.7612205,-9.240472,-9.055372,-10.549091,-9.773654,-11.885998,-11.058873,-4.96216,-15.447335,-2.2653658,-8.359889,-3.4475842,-2.0247996,1.3873073,-1.554817,6.7832155,8.7543545,11.900565,4.295364,6.5940647,-0.93704116,5.593709,3.6043508,4.292367,1.7101125,3.0398848,-2.812868,3.4609458,-1.1353129,0.59700936,fearful,14,03-01-06-01-02-01-14.wav
-454.42935,65.42304,-2.5252492,8.833128,-15.162968,-16.226883,-27.277771,-21.436592,-5.0797324,-19.666502,-7.870031,-12.377473,-8.56059,-10.319655,-11.31111,-11.172994,-11.475729,-6.015127,-14.197826,0.24072434,-5.807942,2.4110281,5.9928775,13.559976,9.599256,14.342363,9.429734,5.8315425,0.38413545,5.815954,3.3062143,8.6521435,0.21425407,-0.8933826,-3.029684,2.2633588,-0.6812449,-1.9937441,-4.543547,-0.8045325,fearful,14,03-01-06-01-02-02-14.wav
-245.55226,33.75132,-77.1991,-22.479279,-35.1157,-36.94998,-13.407225,-40.986557,-12.650851,-9.011918,-2.3870325,30.628475,16.659338,30.144497,-1.6658999,-11.671415,-11.632103,-0.79099315,-7.057149,-6.42101,-12.37041,-0.59509563,11.864127,8.011824,-6.1628985,0.022089925,1.9127663,-8.359973,-9.341268,2.3162012,0.65934026,-1.7883071,-2.433546,8.18039,0.46817827,1.8719933,0.97281486,-1.7476821,-3.0546029,3.3731387,fearful,14,03-01-06-02-01-01-14.wav
-220.728,29.493765,-72.66832,-16.06409,-28.51745,-41.695534,-12.057983,-37.042908,-13.101405,-11.958483,-6.2151284,25.16251,11.842293,26.673096,6.981148,-3.941145,-2.666697,2.6626604,-5.216728,-6.483499,-5.9669976,-1.7454662,2.8169224,3.731697,-2.1487343,0.84337413,1.7833138,-0.54534954,-4.93756,-1.5195421,-3.028001,2.153654,-2.4877758,3.8855007,-1.0206875,1.1877744,-0.85898817,2.3064923,-0.974904,1.0827202,fearful,14,03-01-06-02-01-02-14.wav
-305.20047,37.45045,-54.91788,-20.560234,-33.562855,-34.856754,-13.492952,-42.95686,-9.756498,-21.212303,-27.492218,-2.6302018,-9.5013075,17.67847,13.760573,16.314075,16.238539,6.487494,-4.979827,2.9428847,-2.2602234,-8.376074,-10.828823,-3.690436,-3.5193276,1.2197198,0.28586897,1.588427,1.9956722,1.0350388,-5.873068,1.3839511,-4.2631836,1.4924139,-3.7676227,1.7866164,-0.25458413,4.596391,2.041983,1.557944,fearful,14,03-01-06-02-02-01-14.wav
-295.07016,27.153288,-64.99571,-17.841228,-35.955997,-40.96558,-14.113506,-39.538383,-9.297959,-12.005364,-19.518349,5.2949605,0.1648563,25.041088,22.115532,15.007553,8.259363,-1.5545058,-9.33042,0.17161262,-2.4082823,-9.122176,-5.6426253,1.9052777,-6.7872496,-0.9346698,0.36351892,2.4786336,-2.478352,1.1479422,-0.76804066,4.325883,-3.2300355,3.263646,-1.6796103,2.692415,-0.5206977,3.0181074,-3.1706307,-0.9215837,fearful,14,03-01-06-02-02-02-14.wav
-418.5405,61.551174,-9.164192,6.0035906,-15.723016,-12.023514,-22.241117,-22.307646,-12.420778,-12.758022,-6.230278,-11.239655,-5.9539595,-4.850117,-12.07362,-12.329433,-12.622493,-6.587143,-8.729315,-3.2904217,-4.4356995,0.44864804,0.93094367,8.806165,6.3378167,12.947552,4.7268567,8.435508,2.50229,7.4306736,-0.05275888,0.9349958,-4.8613124,-0.7064552,-3.3841066,0.59570867,-2.6659632,-2.7153635,-7.376442,-2.2180436,disgust,14,03-01-07-01-01-01-14.wav
-457.80984,85.77508,-10.193668,-2.3353815,-19.558489,-22.145512,-21.97366,-25.251143,-9.0361595,-16.69336,-4.03592,-5.375635,-13.297339,0.87472886,-9.610067,-9.450504,-10.691543,-4.006422,-8.96236,-4.5738535,-8.634971,-3.1312428,-11.356673,4.0642495,-6.4875026,-0.2878488,-3.9657397,7.3977833,5.601051,13.909718,5.284299,8.6332855,0.14503585,4.660046,-2.469065,1.2006668,-0.58479524,-0.87358946,-0.78438026,0.54798836,disgust,14,03-01-07-01-01-02-14.wav
-453.9221,56.06465,6.2120404,-0.629343,-13.340954,-10.305985,-16.965895,-16.739363,-10.601783,-15.436114,-7.115427,-6.6914554,-11.112701,-8.940775,-10.362434,-9.136492,-9.113154,-3.659903,-12.506393,-6.8068957,-9.019294,-4.1175585,-4.2896485,3.1062367,0.15230587,4.757678,0.99756783,3.6736078,-0.68389356,5.349917,0.33217883,5.8040996,0.11834758,3.0543818,0.5840128,4.036695,0.3060767,1.188318,-2.5689118,1.825441,disgust,14,03-01-07-01-02-01-14.wav
-407.26944,71.294624,-4.102702,-3.6145134,-27.066307,-15.174544,-17.119549,-26.661491,-13.236998,-16.877365,-11.21484,-8.071424,-13.603898,-7.138783,-10.668412,-13.624017,-9.77044,-5.941055,-8.455799,0.48011497,-2.6918745,6.493644,5.0645156,11.531174,8.950887,9.337957,5.7761593,6.6713295,1.4116387,2.2153468,-3.3919828,-1.2452558,-5.4620166,1.2082359,-1.413246,-0.585803,-3.276274,0.4961854,-3.090608,1.8843639,disgust,14,03-01-07-01-02-02-14.wav
-394.64273,62.776314,-33.441643,10.538199,-32.657356,-20.73727,-16.108303,-33.06225,-10.015783,-4.7895927,-6.879712,-0.34848717,-16.49648,-4.1339197,-8.8443985,-12.062657,-11.097809,-3.748687,-10.224482,-2.063889,-1.4652387,0.08856275,0.90726936,-0.09699901,0.72135985,1.347201,3.7270877,6.6484513,9.633305,12.514729,7.644805,3.6535451,-0.64628965,-0.09310497,-1.2373098,1.3455393,-4.5685678,-3.4327905,-4.2621613,1.6068091,disgust,14,03-01-07-02-01-01-14.wav
-421.90137,54.71101,-14.2315855,5.2183394,-27.983269,-12.3399725,-22.141912,-29.478756,-4.477191,-18.172653,-2.201637,-7.3738337,-12.495055,-2.332158,-10.5895,-8.792581,-12.528052,-5.83457,-13.100567,-4.0392275,-7.352643,-0.50565875,-5.881766,1.9621962,-2.61153,4.683409,0.07154376,5.987427,6.927946,8.878607,6.4480867,7.1789317,1.9246389,4.1659226,0.5018027,1.2061805,-2.877894,-1.2216446,-2.6225212,0.9142934,disgust,14,03-01-07-02-01-02-14.wav
-441.56882,67.85648,2.0129395,4.12013,-20.697546,-17.999619,-18.927317,-16.749218,-8.137396,-16.22215,-11.235929,-10.095963,-12.893611,-7.5863376,-9.643454,-8.844069,-5.8417516,-9.720766,-13.912876,-5.6359296,-10.95328,-2.3641574,-6.1397963,2.7713485,-2.687887,4.537617,2.0003548,4.406838,-0.73991644,3.604523,-0.6964592,4.7836704,2.6787674,5.1625395,0.07163531,2.4914203,-2.6233504,-0.56399465,-1.9286181,1.9728746,disgust,14,03-01-07-02-02-01-14.wav
-403.56064,69.0893,-17.838762,-1.6057861,-29.630537,-23.912249,-26.901073,-39.72031,-8.405009,-18.729778,-13.499358,-5.2208524,-18.312105,-4.3864903,-13.755,-14.013274,-10.72891,-11.404063,-16.13909,-8.634216,-6.324619,3.0996993,3.389249,9.040097,5.4306903,11.254855,8.266794,9.208574,6.2431684,5.386151,-1.1750044,0.7466774,-2.0723994,1.5862153,-2.2525096,1.4176441,-2.6192417,-2.7847831,-5.5334115,-1.0723536,disgust,14,03-01-07-02-02-02-14.wav
-511.7051,80.00377,-16.25676,11.671077,-26.085033,-14.046421,-14.931367,-17.861704,-8.392051,-12.0380535,-9.203445,-13.997479,-6.9276476,-8.323308,-11.251136,-5.9992437,-4.5091486,-0.38396674,-0.22636521,8.416766,2.7036734,3.2504466,0.48481724,3.152023,-2.5256412,2.3184636,-1.2809324,1.4141188,-4.120834,-0.46454212,-3.2450566,2.446033,-4.2341943,1.4904437,-0.83520156,2.6609154,-0.33635607,3.0922348,2.06313,4.86084,surprised,14,03-01-08-01-01-01-14.wav
-485.95853,79.04761,-18.317053,6.4239736,-21.096914,-16.716034,-12.820341,-16.787355,-9.493921,-9.636909,-9.428557,-12.663168,-7.477079,-4.9621515,-8.320266,-2.5585167,-1.3403233,3.0698872,0.84166414,7.531422,0.6960912,0.9951127,-2.706401,2.6686168,-2.091789,4.354457,-1.2783308,3.1343803,-3.6716607,-0.061863527,-4.572157,0.96653694,-0.26588362,5.801404,4.516773,6.5184617,2.956833,3.5583644,2.1942942,1.4584965,surprised,14,03-01-08-01-01-02-14.wav
-468.8649,75.52271,-8.553727,4.21516,-23.51858,-16.068987,-22.14698,-21.979002,-8.668775,-18.035437,-10.770202,-14.034345,-12.023609,-8.525211,-11.111633,-8.382084,-5.51063,-3.5936248,-5.856631,5.0718956,0.06283082,1.3102196,1.0981466,2.5839653,-4.90385,3.670856,-2.5259485,2.8738477,-3.9318476,-0.20446897,-2.7535927,2.1467795,-1.3124632,1.9085362,-0.22658333,0.20687513,-0.49154934,3.195561,4.228394,1.813817,surprised,14,03-01-08-01-02-01-14.wav
-456.1018,79.64234,-14.485639,3.8013766,-23.044264,-20.448486,-23.48904,-19.952888,-8.988306,-16.789347,-13.430095,-15.323275,-11.293899,-8.173396,-10.363294,-8.501463,-5.8432364,-6.37583,-11.510652,-0.03660782,-0.43972543,4.642449,4.497666,5.8912644,-2.8478606,6.196037,-0.550488,4.911724,2.1057808,5.372882,0.12066981,4.268088,-0.21870027,2.0604162,0.68930167,4.225244,1.728189,2.1934874,-1.8124312,-1.3028966,surprised,14,03-01-08-01-02-02-14.wav
-461.68585,82.02152,-11.1129875,-1.5127923,-23.30931,-16.054234,-3.7504642,-19.071016,-12.956201,-8.375951,-11.932667,-13.398423,-7.7039895,-0.082765624,-9.081638,-0.9462942,1.0224743,4.180097,-2.5940957,-0.7776576,-1.888613,1.2509351,0.97619635,5.2226267,-3.0123587,1.3255455,0.77183694,2.1032152,-4.3764186,0.41058874,-0.5108552,2.9880388,2.8094327,4.7212963,2.3732796,5.392898,-0.039421324,0.2656093,-1.6261512,1.834201,surprised,14,03-01-08-02-01-01-14.wav
-380.75238,83.49285,-30.185604,-5.1977787,-29.8956,-26.00297,-15.197137,-27.810295,-11.002412,-16.263481,-16.904333,-4.896795,-11.955427,2.3517199,-7.3908405,-4.8665214,-3.00235,0.26348767,-4.776576,1.5569978,-0.18397576,-0.6080727,-0.1407636,4.654097,-1.4889798,-0.69169307,-0.21729343,2.2787697,0.17701128,3.785216,3.5355487,2.9728117,-0.30359867,5.8062186,1.5106249,1.6641244,0.19751665,3.7765427,-1.1152639,-0.44857556,surprised,14,03-01-08-02-01-02-14.wav
-405.07825,63.26435,-17.80236,-6.276663,-26.595371,-22.50756,-15.788871,-24.844648,-10.164463,-16.68559,-12.670381,-14.045166,-9.503574,-4.0438623,-7.098354,-5.1474285,-5.4413967,-3.128809,-8.672653,1.4029381,-2.7918816,1.0785184,-0.7687499,4.716053,-3.044801,7.7224064,5.2056656,8.020119,0.73098814,3.342878,-0.005210426,3.9519017,1.2664634,4.266753,-0.34424448,1.9245763,-3.55094,-0.21735202,-0.56419647,0.9325345,surprised,14,03-01-08-02-02-01-14.wav
-425.10406,57.770626,-4.3165054,2.912618,-19.029913,-15.555533,-16.308533,-19.343601,-9.788207,-14.184573,-13.462213,-14.452447,-10.784666,-3.9600887,-4.9945602,-0.61933166,-1.9222546,1.087475,-6.776187,2.491031,-3.0473242,1.4241395,-3.5213268,2.1261282,-5.5544662,2.7959647,2.0065756,3.8897808,2.531949,5.724119,3.5121624,4.164594,-0.7529875,4.367547,4.273927,5.3282256,2.4346433,1.8774863,-1.4086839,1.3032279,surprised,14,03-01-08-02-02-02-14.wav
-416.72382,132.26897,-21.639385,15.599187,10.447348,-17.296625,-4.990581,-7.616215,-15.365801,-7.7924314,-9.168756,-4.168863,-7.6308594,-2.9628727,-5.2921824,-3.9710999,-4.796368,-11.69088,-0.54779625,-2.2419908,-11.391924,-0.1518896,-9.714778,-3.4989262,-9.457216,-0.6320771,-6.4265223,-0.69493765,-4.0963807,0.45908713,-3.2768893,-0.80673945,-3.0281417,-1.4495726,-4.9773474,0.35619444,-4.7459793,2.3271122,-2.569324,1.4167184,neutral,15,03-01-01-01-01-01-15.wav
-435.51746,134.60204,-23.261806,19.184647,9.204066,-17.196209,-0.3718723,-5.4783525,-14.405981,-9.322916,-8.505834,-3.5042448,-6.219836,-2.8080337,-2.0917003,-3.471538,-5.3692546,-9.006166,1.0656366,-2.9163978,-11.33669,1.1603526,-8.41355,-2.0309525,-9.1446295,-0.7501924,-7.195473,-0.17846608,-3.4164083,-0.19428626,0.06427048,-1.3567649,-2.7425473,-0.46104586,-4.5316124,0.48796725,-4.0464783,-0.19269049,-5.060493,-1.488755,neutral,15,03-01-01-01-01-02-15.wav
-413.50836,133.17845,-21.410744,11.917582,9.371014,-12.445293,-5.907786,-9.193388,-13.980037,-10.821863,-7.48643,0.06607425,-4.613692,-3.1396935,-2.174038,-4.7390575,-7.845379,-7.5670695,-0.12090212,-5.0550776,-9.404193,0.015003048,-9.490114,-3.0330615,-10.26515,-0.4934287,-7.478055,0.6185419,-3.828179,-0.28672162,-2.5198038,-1.9777836,-3.0992854,-1.9076337,-4.585913,0.85888135,-3.9106126,1.8442963,-3.229649,0.77026904,neutral,15,03-01-01-01-02-01-15.wav
-421.36496,126.785965,-17.32603,13.814351,7.516731,-16.618586,-2.4909031,-13.262935,-15.694533,-7.211725,-9.627927,-2.379419,-4.5178304,-5.8860135,-0.36422423,-5.5737057,-5.2842574,-7.2450027,0.2962682,-5.234708,-10.235523,0.5616319,-9.726132,-3.4020448,-8.700853,1.338858,-6.060546,0.36486202,-3.9559424,0.38415286,-1.8374977,-1.9938604,-5.2760186,-1.5940678,-4.183908,-0.5735331,-5.4959364,0.85310566,-5.7711186,0.11741098,neutral,15,03-01-01-01-02-02-15.wav
-482.3507,131.08488,-1.3871405,16.192173,6.688196,-6.6565404,-4.415133,-3.1975136,-8.682719,-9.245038,-5.6920743,0.7722852,-9.512179,-1.9383916,-2.7007706,-1.9422115,-5.449283,-7.807565,0.65191203,-4.8890276,-7.8194532,0.41484222,-9.382023,-2.175335,-8.22054,-1.0111655,-6.2902265,1.2372519,-2.961818,0.4100153,-1.8669165,-0.62279105,-3.9275146,-2.4051368,-4.163053,0.94292307,-3.2774513,0.04390912,-3.9111233,-1.474981,calm,15,03-01-02-01-01-01-15.wav
-462.00223,121.468925,-3.6398313,18.146505,7.019067,-6.5382624,-2.7247355,-8.589119,-7.125947,-8.430119,-6.8594885,1.2389746,-9.259784,-1.8967032,0.8852661,-4.230953,-5.6872897,-8.415838,-0.79021204,-4.8761835,-8.358219,1.4309236,-8.001541,-0.22856742,-8.7164345,-0.15572569,-8.657736,-0.12549496,-5.6652155,0.21539402,-2.2184544,-1.5299239,-1.687119,-1.8559263,-2.4630637,3.168418,0.104129195,4.693464,-2.8787754,0.50292265,calm,15,03-01-02-01-01-02-15.wav
-549.38715,99.45102,-0.11567668,16.51939,10.970826,-0.7578009,-1.5961224,-5.449109,-3.5585785,-1.339565,-1.7917055,5.8431797,-5.810422,-1.304695,1.6102294,-1.3502176,-2.3859985,-1.8702117,4.4672413,-1.4606705,-3.9392655,1.8913742,-4.782014,1.6984994,-6.075948,1.1413715,-5.2577,0.4126166,-0.8386753,1.336144,-0.060077254,0.8495258,-1.2641169,-0.9023888,-0.23757337,2.7182271,0.056847543,2.3933527,-3.0343163,-1.2722355,calm,15,03-01-02-01-02-01-15.wav
-444.66083,114.36713,-2.895051,14.617544,9.661882,-8.617877,-4.4873495,-6.135882,-10.349696,-8.38988,-7.4592767,3.222611,-8.206471,-1.8302854,1.5382016,-8.174322,-7.0039244,-5.1238265,-3.35802,-4.9986053,-8.0479965,0.013980277,-9.048977,-2.9509153,-7.7876534,-1.1901368,-8.314454,-0.5487726,-3.8890147,-1.7457204,-1.0901952,-1.6654096,-3.7569437,-2.7097723,-4.6833572,2.0322485,-2.4840708,0.9942323,-4.5739775,-3.153946,calm,15,03-01-02-01-02-02-15.wav
-458.9116,123.08491,-7.0271688,18.43442,4.884508,-6.9130173,-5.990463,-3.0391002,-9.730532,-11.970377,-4.7751327,3.5864253,-11.6096325,-1.2276003,-1.549258,-3.8441303,-5.948741,-6.2477627,0.42119503,-4.6180263,-8.811155,0.62663364,-11.998017,-1.1267438,-9.232461,-0.95779806,-7.61622,1.110049,-4.4060874,-0.20173939,-0.91648823,-1.3203621,-1.9178126,-1.9674599,-4.456655,0.5993788,-4.1563525,0.44522196,-4.5624485,-1.9217353,calm,15,03-01-02-02-01-01-15.wav
-484.19717,128.60551,-3.286927,16.856035,5.136161,-8.187541,-3.2188625,-4.1667247,-9.441165,-10.492872,-4.8853936,-0.046582203,-7.731604,-2.3734186,-1.1229647,-6.754776,-7.3420534,-8.4848795,1.5825844,-5.956255,-7.2767644,-0.075620934,-8.190142,-3.0123756,-5.836245,-0.30767673,-7.524109,0.22146566,-3.0023315,0.81915575,-0.24151868,-0.16173232,-1.1437906,-1.864838,-4.968481,-0.07204562,-3.663765,-0.33093825,-5.4721985,-1.5831046,calm,15,03-01-02-02-01-02-15.wav
-490.37347,124.39751,1.6600904,21.4974,8.663759,-7.783781,0.060781933,-6.0755415,-8.692735,-8.840575,-7.1842937,-0.74999493,-7.395815,-2.6090963,0.8730414,-7.28168,-4.684073,-6.8146987,-0.35177055,-4.2544904,-6.3567348,1.6709428,-8.656222,-0.99546045,-7.391888,-0.37146875,-6.311049,-0.44088137,-4.5966187,-0.1894929,-2.9499488,-0.14348349,-3.0621204,-3.5280504,-4.3674774,-0.14239736,-4.634781,0.23445715,-4.6841717,-2.6596146,calm,15,03-01-02-02-02-01-15.wav
-537.36584,97.753494,1.9984057,16.987082,4.6369,0.30873245,-3.350376,-7.1368136,-3.7848084,-3.863752,-5.639956,4.37692,-9.547043,-1.7229382,-1.5003808,-4.19079,-4.114699,-4.522284,1.3931398,-5.426529,-2.9039931,0.6486743,-7.6451974,0.93303514,-5.9109077,0.28961632,-5.528873,1.5574894,-2.4825509,-0.4856163,-1.0589424,-0.16062003,-0.7098459,-1.8195786,-2.2684216,1.4669105,-2.8731568,1.0895774,-3.0476384,-0.67493796,calm,15,03-01-02-02-02-02-15.wav
-401.4885,140.88551,-36.773544,22.13217,14.656599,-20.737188,-7.1593256,-6.173001,-22.092772,-4.7570367,-4.57947,-5.195545,-6.640722,-4.8486447,-6.24353,-5.2336764,-5.0517993,-12.644566,1.0493033,-2.4553277,-8.942687,-1.8147625,-6.7719865,-3.8782642,-7.3062334,-0.059347242,-6.153059,0.41165265,-5.6337256,1.21599,-3.476089,-0.55212116,-2.5472755,-3.096748,-6.0077567,0.19805644,-4.074429,-0.9164001,-0.99154603,-1.6909541,happy,15,03-01-03-01-01-01-15.wav
-514.21686,102.91087,-14.256567,16.70877,13.178489,-8.972387,0.3931255,-3.1785636,-11.218378,-1.1837403,-2.6427858,1.4942352,-2.376448,-2.874051,0.03166832,-1.8199655,-1.2623802,-7.7850013,2.7556071,0.6231608,-6.3817377,0.42270815,-4.0493746,0.64651114,-4.52456,1.0624472,-4.757125,-0.42891845,-3.100952,0.94006956,-3.0656025,-0.4049834,-1.0001675,-0.008709159,-2.4060006,0.6952015,-1.4109272,0.7968964,-2.3145444,-1.2160144,happy,15,03-01-03-01-01-02-15.wav
-434.17728,124.42733,-27.698515,20.476145,16.567505,-10.877723,-7.9657354,-7.9874997,-12.443196,-8.68633,-4.0517564,-0.60548025,-6.1876864,-5.1723685,-4.3172646,-5.6804533,-4.121641,-9.534634,-0.49407178,-6.5048623,-7.942905,-5.0881987,-8.57226,-1.7707719,-10.025184,1.1281523,-7.134212,1.0598531,-3.8216193,4.5967603,0.7441311,3.0775216,0.5758896,1.0055678,-2.5639663,1.3382518,-1.8167839,-1.1916459,-2.360665,-3.9304974,happy,15,03-01-03-01-02-01-15.wav
-366.39093,123.55045,-33.38182,18.23335,20.574139,-15.790109,-9.202392,-3.2844837,-17.543404,-6.726096,-4.6396956,0.6341727,-5.0498385,-3.5119147,0.23413686,-6.365763,-0.8323453,-7.9428644,-0.093265265,-4.2114773,-6.457838,-3.030891,-6.0864506,-0.8730801,-8.265371,1.4428865,-5.0651546,0.5885686,-3.695517,2.948216,-1.4165912,0.3268004,-2.4043982,-0.519743,-4.6314764,-0.18161006,-2.3559692,-0.6057611,-0.64902115,-1.9898134,happy,15,03-01-03-01-02-02-15.wav
-347.84174,96.159546,-22.608425,21.318716,12.895931,-11.933897,-3.1558568,1.35587,-15.213459,5.863958,-5.8834815,-1.2483016,-0.37860775,-1.9722519,0.3282419,1.681323,-2.7013764,-4.2372503,2.4994183,-0.32033458,-8.531292,5.138148,-2.182713,-1.3021463,-3.7419374,0.24311294,-5.1678643,1.5962123,-4.8265934,4.4667363,1.5262264,9.827059,11.60174,15.024868,13.579328,14.53103,4.5746512,7.553373,2.928889,4.0978217,happy,15,03-01-03-02-01-01-15.wav
-318.9743,121.09226,-40.4027,24.298433,17.693874,-20.35238,-5.408562,-2.3986866,-21.33436,-0.5655726,-2.0551713,-0.9021468,-3.4107432,-2.6291804,-3.0170455,-5.132529,-2.2937498,-8.97103,0.36497954,-1.6452413,-6.922166,-0.048239473,-5.523088,0.4435115,-5.7905993,1.8437822,-5.571033,2.134834,-4.6100807,3.9450688,-3.454954,-1.284984,-1.2863091,-0.42274433,-2.919828,4.9955335,2.9825916,3.7009802,2.6328037,-1.8065617,happy,15,03-01-03-02-01-02-15.wav
-314.64856,99.05841,-35.446735,14.823706,12.40381,-20.751247,-7.750371,-4.626629,-19.982044,-1.126432,-5.3230762,0.5830434,-2.402084,-4.4531126,1.4803972,-3.9806285,-3.6266344,-9.71758,-2.413268,-1.6261692,-8.368146,2.8867948,-6.1395073,-4.143735,-7.672428,-1.1604345,-6.9799037,-0.0151112145,-7.446217,0.45334402,-2.938207,1.2594545,2.1105053,2.4749577,2.5923257,7.211909,2.5269802,5.6718936,3.5551214,2.67644,happy,15,03-01-03-02-02-01-15.wav
-311.97708,110.23692,-43.92564,23.978678,13.01909,-22.155869,-9.948996,-8.774803,-23.244417,-1.7715198,-3.0314593,-2.6548164,-6.404854,-6.495528,-4.399628,-7.5657716,-3.5947871,-12.073201,-2.5397887,-2.4125252,-10.668874,0.28161997,-5.5512376,-1.3563541,-10.783907,0.6069735,-7.5953755,0.032602303,-6.775509,2.4028876,-3.7971733,-2.581504,-2.2837567,-1.7269467,-6.0141563,1.8892572,-1.167993,-0.1578791,0.5562205,-1.1371195,happy,15,03-01-03-02-02-02-15.wav
-397.56903,121.62884,-22.357607,17.257383,14.481239,-19.708084,-0.23871203,-9.911875,-13.5809965,-3.8230393,-8.637383,-2.8986104,-3.1635287,-4.3569326,-1.5171125,-2.0197594,-4.7682514,-9.462114,-1.2665552,-1.0388422,-9.457366,-1.7055373,-7.3861127,-1.0706408,-8.30197,1.3506181,-6.845454,4.0434666,-3.6661847,0.710956,-2.2002225,-2.165234,-3.3347178,-2.4964774,-3.570211,0.47510454,-2.1929865,0.76890516,-3.6188962,-3.0467603,sad,15,03-01-04-01-01-01-15.wav
-423.95544,125.25456,-17.745037,15.721925,16.825788,-17.845451,2.288662,-14.824862,-15.220269,-2.3840177,-11.525599,3.0707057,-6.390695,-7.4489565,-0.7094762,-7.1403627,-4.0233583,-10.439637,-1.1094915,-4.199702,-8.41819,-1.4176515,-7.713967,-2.342097,-9.556382,2.5029893,-10.09972,3.1324847,-7.446779,0.9619793,-2.4617887,-2.1353395,-2.0056355,-0.34248394,-4.171893,0.86324686,-2.9731634,-0.678834,-3.191314,-2.895784,sad,15,03-01-04-01-01-02-15.wav
-399.68362,119.560326,-24.760798,16.059381,17.452461,-12.820491,-7.3070984,-10.770117,-13.366849,-6.251381,-6.265214,0.35989633,-1.7268223,-6.0523276,-1.1445522,-4.3817425,-6.2653403,-8.973999,-2.8349602,-2.6206727,-7.002663,-1.4857601,-5.9026375,-0.48248878,-10.573475,1.1486133,-10.334048,1.4161115,-6.0581217,2.1409578,-2.0931365,-1.3479495,-2.1982412,-2.496725,-4.092249,-1.3910822,-3.6848655,-1.7438562,-3.5956333,-2.8636148,sad,15,03-01-04-01-02-01-15.wav
-509.72836,103.14048,-9.2955885,18.065979,16.023209,-7.76518,-2.2472064,-11.525207,-9.855565,-1.7709095,-7.7014956,-7.6324806,-6.1772146,-4.746355,-3.7723818,-2.9221067,-2.245994,-9.038177,-0.10596121,-4.2380953,-6.797031,-1.8097167,-2.2755709,2.9885194,-0.8918617,5.32847,-3.6054838,4.1521416,-3.416937,1.3719544,-0.32327086,2.1084166,-1.1895897,0.3328939,-4.161215,-0.0061393934,-3.0563705,-1.3144239,-4.89949,-2.4838872,sad,15,03-01-04-01-02-02-15.wav
-443.17664,108.63545,-9.702557,19.227783,17.624727,-6.262274,0.046354212,-5.305846,-8.63916,-0.34329543,-4.900357,4.951942,-0.48141775,-4.1113243,0.6561342,-3.2006705,-3.168945,-4.832445,2.6515055,1.3106978,-8.7273,3.6088665,-4.977493,0.6385237,-3.4280865,0.2614416,-4.694785,2.4178638,-4.6316915,2.5751355,-0.32620442,-0.118458845,0.08020334,-2.4279583,-0.8580814,2.0643606,0.98169655,0.03855323,-0.7410431,-1.8961132,sad,15,03-01-04-02-01-01-15.wav
-450.07248,102.30044,-7.349996,13.19732,16.969116,-2.516889,-0.07225114,-2.3914144,-8.104205,3.127525,-3.2163627,2.2309062,0.08051083,-3.6550004,2.845622,0.27879745,-1.0377469,-3.9159386,-0.57199323,2.7608275,-6.2220182,2.3000517,-3.6308248,0.27472198,-1.8439898,0.21338773,-4.1551695,1.5736797,-2.8954504,1.0579411,0.03873935,1.48919,-0.1776969,-1.654533,-1.6334085,2.3909814,-0.12510441,-0.60436606,-1.5072303,-0.1048424,sad,15,03-01-04-02-01-02-15.wav
-381.17166,102.264626,-30.032408,18.12375,15.128164,-20.249048,-6.6543493,-11.709692,-21.078808,-3.5568602,-14.286529,-8.115107,-5.229924,-9.247711,-3.5173843,-3.111979,-6.5709,-10.866289,-5.0593433,-3.615332,-12.938223,-4.253802,-6.554634,-2.2486832,-8.102037,-0.14507723,-7.632526,1.0611373,-5.3292475,0.73249686,-4.245154,0.18690982,-5.243687,-3.6608896,-3.793181,-1.4859344,-2.9347305,-2.872549,-4.4019675,-1.1091024,sad,15,03-01-04-02-02-01-15.wav
-501.588,93.82672,-5.380626,17.47111,20.08782,-1.1014174,-1.2176543,-3.1387556,-6.6345897,1.6867061,-4.1699305,-1.5583034,-2.1354759,-1.2620431,1.8495536,1.2893143,-0.24272189,-4.1598935,-1.4428651,0.8174125,-7.392047,-0.79410726,-1.9391308,-1.3879758,-3.9838428,1.0934844,-4.5275974,2.7470255,-1.8396035,2.698973,-0.4064342,1.3856583,-1.7348385,-1.2369105,-0.65753615,0.65028363,-0.05497758,0.48083934,-0.8574641,0.4588073,sad,15,03-01-04-02-02-02-15.wav
-339.89227,105.89736,-22.23149,17.974623,8.595794,-21.529951,1.1450214,-2.7514534,-18.747387,-3.43038,-8.103768,-2.7070177,-7.0777674,-5.057047,-0.4515788,-0.5536158,-6.9577055,-4.1509786,-4.085223,-3.3178744,-7.4667163,0.69183993,-6.917027,-3.2775135,-4.696961,-0.8107839,-6.6336584,0.71038425,-4.403548,-0.2571667,-0.5973394,7.2572613,3.14397,4.7368026,1.0551162,0.1896379,-1.289856,2.426331,3.6869664,7.269357,angry,15,03-01-05-01-01-01-15.wav
-302.4626,99.08054,-25.243877,9.864494,1.7664156,-25.99519,-0.9130979,-4.8897667,-16.778656,-2.36748,-13.588149,-3.2152658,-3.9471827,-7.4658093,-3.3225992,-6.41948,-10.808984,-4.551677,-6.6132627,-7.2331476,-11.709339,0.99998146,-8.791064,-4.3009706,-3.9004767,-0.8199306,-7.044861,2.3265762,-3.1686108,2.915322,2.0655396,6.979603,2.5388393,4.5258956,4.3765626,5.874299,3.2535284,5.952915,4.0930305,6.183385,angry,15,03-01-05-01-01-02-15.wav
-329.27817,106.34593,-26.567152,11.245618,14.443359,-23.110504,-0.74121094,-5.5182548,-15.588186,-6.792317,-10.344399,-2.8578615,-3.8469317,-7.050735,1.9663061,-7.7291756,-9.270327,-4.5962286,-7.2766905,-5.0670595,-8.773514,3.2516453,-10.974043,-1.729147,-6.053551,-0.97292536,-2.9079397,1.3718178,-4.284157,2.0666394,-2.5543346,-0.31259567,-2.4185474,-0.06882336,-0.093412556,1.9980986,-1.5095577,1.8229628,0.32583627,-0.15284355,angry,15,03-01-05-01-02-01-15.wav
-275.15768,83.37039,-26.203388,9.955687,1.5410393,-25.842522,-4.4927707,-5.594236,-24.042418,1.1101924,-16.215723,-4.2117553,-2.837563,-8.415399,-1.17948,-5.019981,-13.433123,-3.827456,-8.3579645,-5.1495986,-11.867212,-1.0241209,-11.280434,-5.9249864,-9.086565,-1.3255141,-6.8396845,4.311966,-0.49379072,5.1844907,-0.055438228,1.9452342,0.036958862,4.5809894,5.652982,8.150063,3.527202,6.2954397,3.561233,3.9361684,angry,15,03-01-05-01-02-02-15.wav
-256.46924,82.58387,-35.320965,14.048795,-4.35923,-17.249653,-2.686206,-3.7497065,-18.751966,-2.182081,-12.414733,-5.7573977,-2.6201293,-9.193328,-3.376465,-3.6173348,-10.736753,-0.48282102,-3.1692476,-2.3984108,-8.644838,2.0183623,-2.3570142,6.3903418,5.5137,5.2572746,-1.9613643,4.3973675,3.2744706,13.18594,12.175571,10.728173,5.8147726,7.042669,6.825509,9.332251,5.884797,3.0886323,-0.5174759,-2.0066173,angry,15,03-01-05-02-01-01-15.wav
-261.3213,87.11529,-25.665304,5.8532953,-3.0052845,-25.443619,2.0237808,-3.759897,-18.392138,-0.48578602,-12.6868305,-1.4578834,-4.394834,-8.936233,-2.6294603,-7.5563073,-10.646513,-2.3597016,-4.933945,-0.69490504,-8.281109,3.9607859,-4.6553316,-1.3391323,-0.1930462,2.6735513,0.82448125,10.273842,11.478242,13.018835,10.891164,9.268087,5.15036,6.3869853,3.6492054,6.0540357,0.9274823,5.9275393,3.4192073,2.6076899,angry,15,03-01-05-02-01-02-15.wav
-262.71063,86.943596,-21.96915,15.561614,13.611629,-18.544598,-11.93625,-5.5254803,-17.257545,-8.301266,-5.6202197,-1.9767044,-3.4686036,-8.314866,-0.8404584,-4.9458385,-14.814088,-6.3513722,-1.628536,-5.974852,-10.696207,-3.907889,-10.262508,-6.6182046,-7.7613106,-1.506402,-9.637319,-1.8769048,-7.6107187,0.25381044,0.92192996,5.7721715,5.4778495,6.4217467,3.298433,6.412193,1.8906621,6.449995,3.5616663,5.0263686,angry,15,03-01-05-02-02-01-15.wav
-230.24617,60.597664,-28.331038,11.079979,-0.73776925,-25.451977,-4.6847687,-9.459482,-19.994667,-7.713669,-14.398007,-1.6491425,-6.384884,-13.086911,-7.0636277,-6.4530153,-12.251988,-1.7930404,-2.4373286,2.8739522,0.48181802,7.1631875,-0.9316354,3.5531154,2.304401,7.865315,2.304691,4.015064,0.85861975,6.55843,7.7860727,11.538335,2.552214,2.5846643,2.5731735,5.4116993,4.4821687,4.616092,2.6286864,3.4993324,angry,15,03-01-05-02-02-02-15.wav
-510.38544,91.73824,4.2449393,15.702154,22.24726,2.3470914,2.4070258,-4.63423,-3.5774112,3.3498938,-0.66439295,5.3676543,1.3711048,-1.4855101,5.2207985,1.0201157,-1.4129575,-1.4352114,1.9735018,1.4917523,-4.345544,2.4891133,-2.4275277,2.319262,-0.84343237,2.073641,-2.8029647,4.474394,-1.4513317,3.2991674,1.661531,1.6282213,0.11916412,0.30013028,-0.5351602,2.4415586,0.963938,1.2428656,0.39604443,-0.026054366,fearful,15,03-01-06-01-01-01-15.wav
-402.2744,92.273384,-3.500633,16.974241,15.966302,-2.7818055,-4.4355135,-13.248485,-3.8844948,1.7432802,-6.5059457,0.5439578,1.8614749,-2.3703818,-2.9973357,-2.3397374,-2.5298383,-0.35656267,-1.1512761,0.2542721,-6.5081487,1.6170062,-5.4876814,-0.70295614,-3.600692,-0.24777812,-4.3339515,3.3075645,-4.66887,2.349818,-0.6973667,4.887567,1.0975511,1.1651773,1.6877589,3.7369568,3.4022393,3.5860403,3.854697,2.3849277,fearful,15,03-01-06-01-01-02-15.wav
-385.84827,88.83664,7.4611464,14.429383,16.620407,2.125471,-5.468722,-12.974966,-4.818542,1.7513615,-7.7682595,-1.8948084,0.802986,-1.6141454,-1.9154987,-3.6510735,-4.4260483,-2.4508717,-4.248366,-4.5698624,-8.828832,0.9635496,-8.459596,-3.337283,-4.559761,-1.8139061,-7.4193025,2.8257244,-7.7821913,2.282483,-2.2672906,-0.6704993,-1.8522904,-0.2386478,-3.5092213,0.94610703,-1.4709243,-2.5466695,-1.3801508,-1.2724503,fearful,15,03-01-06-01-02-01-15.wav
-398.6326,84.37984,-6.5038204,8.378177,10.292143,-6.683915,-10.518413,-16.76001,-11.222065,-0.6749278,-8.996819,-6.13744,-6.3223343,-7.1515856,0.02132618,-3.7075331,-6.1538224,-2.7022204,-5.0477552,-4.5159225,-10.669517,-0.37539536,-7.054439,-2.1399422,-8.274882,-2.5999649,-6.6393967,4.5054755,-4.986458,3.938378,2.3827305,4.8647537,3.0508475,1.6634974,1.1538084,3.3543165,2.2824593,4.7367635,2.830263,5.34355,fearful,15,03-01-06-01-02-02-15.wav
-345.03476,83.23462,-8.69221,14.778757,13.468157,-9.570553,-2.905749,-2.9545875,-13.222362,-1.7681313,-7.8897715,-4.3369193,-1.0591496,-5.7507987,-1.4786881,-2.8707516,-8.907174,-2.6864028,-5.189594,-1.4693023,-8.838891,-1.7469686,-4.8847094,-3.1516995,-4.866444,-0.1175089,-6.7933507,1.9898337,-8.142401,-1.4170281,-2.2029488,-0.41658044,-0.45088458,1.6583209,5.1443806,8.412343,9.869739,11.870203,10.292687,11.368653,fearful,15,03-01-06-02-01-01-15.wav
-325.30554,66.66057,-8.352227,15.05789,9.785421,-6.4064436,-9.589714,-5.349113,-14.272583,0.74472415,-8.398298,-1.5809649,-3.3436458,-7.1866817,-1.598972,-3.18182,-5.773805,-1.867881,-3.4996662,1.4376004,-7.042665,3.7937722,-2.5934994,0.55835766,-0.14304285,4.7573776,-0.80000407,5.9191146,-0.24160475,8.228988,9.472508,15.727422,14.548196,13.947667,11.050786,8.44507,5.740431,3.7038288,3.7662191,6.6080203,fearful,15,03-01-06-02-01-02-15.wav
-380.155,73.72826,-5.5820436,13.716518,16.038298,-8.6521635,-3.6526787,-3.0868993,-10.754292,-0.6067856,-8.201558,-1.1568342,-0.35789803,-4.2885714,0.23426372,-3.281067,-4.8616743,-2.9449189,-4.1134796,-1.5390292,-8.999944,-1.8614987,-4.7656736,-1.1957188,-6.0540504,-0.065334715,-5.8502088,2.3297372,-5.4437094,0.7511893,-0.68462026,4.024162,3.4308822,4.60643,3.6620932,3.7727618,3.164412,2.2546391,1.9244001,1.6368003,fearful,15,03-01-06-02-02-01-15.wav
-262.52777,81.521355,-27.748215,5.219188,12.505482,-19.5087,-9.239292,-13.404357,-25.479134,-0.38601148,-12.770256,-3.1472735,-1.3656436,-9.816648,-1.1120683,-3.2264464,-13.333582,-4.536836,-5.166814,-2.1220098,-11.759287,-1.4176964,-4.7604914,-7.532743,-9.946907,-0.84371525,-11.199959,0.064048566,-11.237931,-0.33791548,-5.0534787,-1.4181348,1.8655508,5.321498,11.247267,16.73798,17.547129,19.287579,15.076617,10.748603,fearful,15,03-01-06-02-02-02-15.wav
-426.43353,110.36996,-13.147162,5.9792643,16.43855,-10.811832,-8.815841,-10.921421,-15.432548,-4.176819,-9.061828,-6.108918,-3.8601391,-5.948625,-1.1919949,-2.8503947,-8.498509,-8.211062,-8.170954,-4.5312777,-10.24511,-2.045036,-7.6779695,-3.3561926,-5.744847,-3.3010397,-3.9985805,-1.3896606,-4.6052523,0.4367193,-4.011506,-0.29727748,-2.9503376,-0.94854635,-2.6750739,2.846758,-3.2384326,2.895914,-0.69533664,2.618484,disgust,15,03-01-07-01-01-01-15.wav
-436.32794,131.45319,-28.955671,10.566945,11.177863,-12.174825,-4.807684,-7.583229,-15.64922,-5.9026847,-1.9972072,-2.6679912,-8.581944,-5.111679,2.8562324,0.3640648,-9.819138,-5.487299,-3.9174755,-9.483989,-5.1232533,-4.7891645,-5.4560146,-4.018681,-4.7947936,-0.19960925,-8.313961,2.9516377,-4.5685205,0.6010511,-1.8508078,-1.0465616,-2.4619496,-1.3889983,-2.4591494,3.3007028,-0.14398643,2.5541983,1.7398502,1.3356069,disgust,15,03-01-07-01-01-02-15.wav
-422.98187,114.27842,-15.504633,11.633461,18.710821,-6.6333385,-10.331856,-15.60706,-10.629929,-4.337287,-5.123638,-5.2150044,-7.8180604,-3.5690217,2.7439842,-2.8515084,-8.194135,-4.8046775,-2.9149828,-9.145851,-7.7901444,-1.3927764,-8.767499,-2.275112,-6.446658,-1.8983703,-4.9915314,1.8415118,-4.776603,2.624912,-2.2475133,0.32145733,-1.6857355,-1.2608685,-1.6959294,2.4113455,-1.815577,3.4247034,0.9361926,3.4149039,disgust,15,03-01-07-01-02-01-15.wav
-396.213,97.8769,-16.494238,9.296195,12.441217,-11.652065,-7.2426248,-9.17629,-17.595436,-3.8584146,-9.766608,-4.2699904,-4.740027,-5.532519,2.753174,-1.9570341,-7.755435,-2.279419,-5.036922,-3.4351196,-10.718222,0.62621725,-5.3896,-5.361358,-3.6899643,-3.207426,-6.329688,4.1074443,-1.0963718,6.062736,1.8476295,5.5034685,1.2147783,1.0004042,-1.9652549,-0.16163333,-1.1515049,-0.5578287,-0.29758498,0.7494517,disgust,15,03-01-07-01-02-02-15.wav
-373.0365,100.57772,-14.212047,20.93953,14.395592,-10.9159355,-2.216313,-1.8976073,-14.374762,-3.626334,-8.660978,2.0642495,-6.3799944,-2.429359,3.5005968,-3.0658617,-7.1199803,-4.3205857,-4.809121,-2.7791026,-7.3338428,-0.86833906,-5.267972,-1.9124091,-3.8485336,0.23503643,-1.7687482,2.382408,3.0936387,3.381058,1.1594089,4.735496,-1.1448704,-1.3610188,-0.74215883,2.9916105,2.615766,9.43777,6.2461653,9.488861,disgust,15,03-01-07-02-01-01-15.wav
-430.587,113.77369,-16.318153,9.662821,17.30737,-8.142807,-0.89561224,-4.494163,-9.858146,-0.46439424,-0.5391995,3.561224,1.6042147,-0.6888616,1.2111707,0.0736314,-3.6414611,-2.925003,2.7664888,1.3699589,-7.6252856,2.8288732,-2.5299296,1.7199844,-1.3256414,1.7011223,-3.8585835,3.5599196,-2.6639612,1.7990022,1.1534474,2.1146743,1.4244481,3.4527946,0.5904654,4.557566,0.18026803,-0.010769497,-0.2867799,0.91908926,disgust,15,03-01-07-02-01-02-15.wav
-453.18,93.44378,-19.780663,6.0673404,14.712284,-6.489538,-3.3835154,-9.073468,-4.410905,0.7022552,-1.8655787,3.9198303,2.8111985,-2.192288,4.2903023,0.79786295,-3.3997202,-1.3683828,-0.1144979,-1.9283162,-4.233359,0.72811544,-3.7957714,1.9507359,-2.7157373,-0.31025812,-2.3902144,3.532681,-3.7431598,2.60168,-1.4188695,1.9399818,-0.547854,-0.12657046,-1.442542,3.4797466,-0.46231273,3.4081526,2.275808,2.9612784,disgust,15,03-01-07-02-02-01-15.wav
-348.45367,89.52565,-5.7777762,13.094339,11.384281,-13.352719,-6.264673,-12.970172,-12.47845,-6.988586,-13.868999,-2.705494,-7.0015454,-10.03334,1.4578983,-6.0320563,-15.908106,-4.6237464,-6.3876233,-6.3266006,-13.102575,-2.4544659,-9.474455,-4.7193627,-8.128565,-1.8358996,-4.510914,3.909598,-2.587757,5.269314,4.8151793,7.9914017,5.358388,3.0938969,0.35061362,3.1571596,1.5796933,2.2663465,1.822189,2.0355074,disgust,15,03-01-07-02-02-02-15.wav
-477.49307,116.009094,-28.770834,13.603208,15.67118,-9.854131,-2.2510498,-6.125883,-10.264817,0.42738104,-1.8902168,0.332809,-4.3161097,2.0504463,0.30606195,-0.8594575,0.10143312,-7.5667806,0.932513,-3.0231278,-5.612121,0.2713569,-4.520802,-0.34543884,-4.5855274,0.125423,-2.893809,3.3187778,-4.529194,1.8722582,-0.1943034,0.532407,-1.5633892,-0.91958904,-2.5071611,1.1187896,-3.4554927,-0.17938517,-1.610886,0.036173303,surprised,15,03-01-08-01-01-01-15.wav
-384.81744,117.91276,-27.37905,16.424673,7.5195246,-17.78369,-2.548124,-9.73669,-16.966696,-3.7663817,-8.448598,-6.882906,-9.118944,-6.616355,-0.396724,-0.43207374,-6.538219,-11.729869,0.12587455,-5.469963,-11.583251,1.532232,-3.675339,-1.7888286,-3.6991694,1.9362559,-4.773765,2.79227,-6.5028644,-0.00043615245,-3.0217414,-0.18611702,-3.0082784,0.95582557,-4.023445,2.519633,0.7037981,3.0380137,-0.51554507,2.4678419,surprised,15,03-01-08-01-01-02-15.wav
-405.22406,115.30134,-27.308825,13.118527,11.7265835,-15.991441,-7.3939657,-11.0899515,-21.997375,-4.277101,-3.7069657,-2.5496807,-10.723479,-4.5454745,-0.2061625,-4.3262563,-3.2847438,-10.986382,-3.892065,-5.107695,-12.951208,-3.1033747,-6.0087924,-5.2912025,-8.716039,0.9412491,-6.5680227,2.440328,-5.58652,3.5586886,-1.1314934,0.8980271,-0.6206659,1.3696862,-3.7376623,1.9903766,-4.0612125,-0.19754922,-3.1192617,-2.3848069,surprised,15,03-01-08-01-02-01-15.wav
-392.63815,125.04466,-22.296701,6.0271792,1.5276989,-15.624873,-9.240368,-18.450253,-21.271889,-4.9490457,-10.39495,-4.5386825,-5.650447,-9.417256,-5.872902,-7.241172,-7.477305,-12.256766,-2.3742948,-1.6410218,-11.670715,1.3717406,-6.3622065,-3.7126956,-5.8269734,1.1580569,-3.8695934,4.3792667,0.3067919,6.8969946,3.7332222,3.5097623,1.5642014,2.7444432,-1.4267637,3.0806987,-1.5290239,1.3464222,-1.7247605,-2.0195508,surprised,15,03-01-08-01-02-02-15.wav
-294.49915,104.23624,-14.166685,22.810558,11.2912445,-13.104255,-0.18517035,-4.484318,-14.379322,1.7075784,-2.722221,-1.5856508,1.727501,-3.3309317,0.30286077,1.941783,-3.4039724,-4.281425,-0.32615778,1.816523,-6.814567,3.1182706,-2.236001,-0.13708362,-5.613431,2.1165323,-5.0362463,2.1231508,-5.5584793,2.222604,-1.513035,3.1819024,1.2514119,3.7201595,2.2018352,7.2697873,5.97936,13.74008,12.535525,11.184433,surprised,15,03-01-08-02-01-01-15.wav
-396.85605,109.19223,-16.261084,24.83313,21.494734,-11.21233,0.29022044,-3.9237313,-12.527927,3.8445418,-2.0594199,-2.7348988,-2.9236658,-1.7502205,0.48342443,-2.19482,-0.7520504,-9.989762,0.25901127,1.1840309,-8.373398,2.619697,-3.5888367,1.6550095,-3.4889827,2.6465557,-6.151212,2.8641472,-4.052008,2.375216,0.290548,0.8897317,1.0054749,-0.8382397,-2.9341996,2.5355,-0.71970403,2.4480855,1.4415498,1.351833,surprised,15,03-01-08-02-01-02-15.wav
-351.9349,123.13164,-33.603973,22.30983,13.599811,-18.635532,-6.152135,-13.273279,-19.508064,-5.5164347,-7.3204165,-2.3705425,-2.821109,-4.313477,-5.49974,-7.2696033,-2.3182888,-10.832776,1.688335,-4.79135,-8.740125,-3.4211998,-6.300032,-1.2629534,-8.96168,1.7304128,-5.6176305,2.1137617,-7.139021,3.05675,-5.300791,2.1445146,-3.3619444,-0.37516412,-4.5841684,2.7604601,-3.6513698,1.7853296,-3.2275171,-1.2884814,surprised,15,03-01-08-02-02-01-15.wav
-327.1529,106.218216,-22.355873,15.309776,18.455433,-16.155989,-7.8730645,-7.099661,-16.959259,-5.9904566,-6.030789,1.5301466,-4.6957493,-5.408499,-3.5341725,-6.812863,-5.766639,-11.891684,-0.33719215,-2.9490612,-8.944937,-0.55556804,-8.875799,-0.29006985,-10.457069,1.9303608,-8.118826,2.3367405,-7.3531,1.6527349,-3.6066177,-1.4793433,-3.616848,-0.7025803,-4.3954453,0.71048945,-2.392665,1.1450377,-0.61561763,0.70858026,surprised,15,03-01-08-02-02-02-15.wav
-506.47275,109.8715,3.6425614,13.189618,-5.9162726,-19.856878,-20.107172,-13.546016,-14.097302,-3.9486337,-17.641766,-4.4990916,-5.8504887,-10.575799,-4.8218307,-11.447733,-4.4363413,-5.4505343,-9.732166,-5.4978204,-10.090006,-5.589254,-9.207806,-4.9816422,-8.0892315,-5.5943713,-8.007214,-3.2882416,-5.5542097,2.2133396,1.6107417,0.84497756,-0.31602022,0.986301,-1.7168759,2.319262,3.4495747,5.907032,3.7065248,4.83138,neutral,16,03-01-01-01-01-01-16.wav
-502.8391,103.036026,0.93161464,15.538345,-6.347659,-20.741447,-20.764187,-13.134434,-11.646919,-5.2911897,-14.901596,-5.1248116,-6.103472,-11.019933,-5.7413735,-11.709754,-3.0299137,-5.7766495,-10.365768,-3.5625517,-9.573444,-6.502728,-8.39008,-4.8244886,-8.887555,-6.0632734,-5.366999,-0.6139831,-3.1667085,2.9425082,-0.0161784,0.8584215,-4.428439,-2.1013932,-0.4521395,7.369402,6.0400734,6.3218527,2.71795,3.2478306,neutral,16,03-01-01-01-01-02-16.wav
-448.3597,87.28476,-7.5234714,7.9015164,-3.56713,-26.35865,-29.815725,-13.414797,-13.918961,0.5456593,-16.89188,-5.054048,-7.779165,-13.896866,-1.9093547,-11.272651,-6.4648685,-5.276013,-14.934804,-3.9212902,-9.044572,-7.185018,-5.6600266,-3.8054667,-6.71903,-0.03666825,-0.035333566,3.1112397,3.141257,3.4382005,1.0156224,5.297975,1.3614405,4.846089,-1.0874435,2.5795405,-0.15628956,2.882703,1.5510715,2.7646542,neutral,16,03-01-01-01-02-01-16.wav
-469.16617,91.06096,4.2394805,11.027242,-3.8037941,-25.73668,-26.514166,-18.792986,-11.456885,-8.102845,-12.777329,-2.9553804,-10.942113,-9.48736,-8.471203,-11.420914,-3.917225,-4.784964,-14.015178,-3.138156,-9.9856825,-8.875754,-6.0455565,-0.28620714,-6.311805,-1.8684365,-2.4300659,-2.9007137,-4.6804466,2.7324646,3.926078,11.589658,7.7547307,6.46229,0.6465364,0.18980652,-0.72409636,6.4480066,6.7817063,3.9991899,neutral,16,03-01-01-01-02-02-16.wav
-523.3039,105.88219,0.118823744,10.718597,-3.5719273,-16.226673,-24.653776,-10.163291,-6.9380884,-5.189009,-16.129822,-6.8211107,-6.068692,-11.801169,-5.995088,-9.796035,-11.300783,-4.8077917,-10.040395,-4.813902,-6.550797,-6.9773235,-5.7826276,-7.0682116,-7.6215777,-6.149661,-8.868047,-5.0859027,-9.545698,-1.7442988,0.07028453,6.4617085,3.943477,6.232773,-1.1603701,3.3425567,-1.1810485,6.6853843,6.96285,15.211612,calm,16,03-01-02-01-01-01-16.wav
-509.77414,97.66472,5.264701,13.1711445,1.0716169,-23.499502,-18.753119,-9.163429,-8.170925,-6.6477814,-16.787096,-4.3666506,-5.243366,-7.5317087,-6.241273,-12.232287,-5.764332,-8.242881,-13.777659,-5.7987576,-9.995388,-7.3264112,-8.951241,-3.2197993,-5.2372155,1.9048424,1.0432376,1.5374361,-1.1822984,1.5600358,-0.29325765,5.762568,2.938017,2.5337954,-1.6923357,1.0137882,-0.71606076,3.3893807,3.7175877,4.8086033,calm,16,03-01-02-01-01-02-16.wav
-514.7558,76.369064,12.7418,15.908146,-0.6892452,-23.18488,-23.56217,-11.626028,-13.357896,-5.2299843,-18.588894,-4.0428214,-4.4392495,-15.430821,-5.975399,-7.713378,-7.2552567,-2.749222,-12.28005,-6.8753176,-11.611163,-6.0850716,-6.2403913,-5.6801276,-7.411707,-3.1000764,-5.3132834,-4.2970614,-4.8377542,-0.34620824,-0.378443,4.6275673,3.198365,8.696933,2.5300407,6.3728905,2.4347544,4.889823,1.8902822,4.454049,calm,16,03-01-02-01-02-01-16.wav
-481.96567,77.47632,9.914491,16.364878,-4.8395925,-19.330599,-24.68653,-16.629889,-10.244576,-6.206101,-15.971599,-6.2040324,-6.3260083,-10.922927,-8.994897,-8.579625,-5.340371,-6.3418775,-12.723306,-5.2622085,-9.428723,-10.657159,-6.17345,-5.333427,-9.333631,-3.8244584,-9.577509,-4.697625,-8.732336,-3.750281,-4.69285,2.6642401,1.6782488,8.963126,4.6663136,5.2528973,1.9722298,3.9750097,5.669104,8.465462,calm,16,03-01-02-01-02-02-16.wav
-503.8773,95.43973,-0.82299656,9.456634,-5.9108872,-16.363914,-21.771547,-12.2326,-7.067536,-7.1335115,-16.358704,-7.776269,-7.4462295,-8.800919,-5.5718203,-10.83904,-7.2867117,-4.8361406,-12.466906,-6.7376313,-10.38717,-6.785202,-2.8725567,-3.5472627,-3.2276702,-4.303482,-3.5534554,-1.3589902,1.8823503,4.036646,-1.2905235,0.5775518,-4.7374234,2.883956,2.0171564,8.823414,1.3526422,1.5812452,1.9483708,7.688215,calm,16,03-01-02-02-01-01-16.wav
-462.4679,93.76674,-7.3370004,9.423646,1.3389786,-20.77137,-17.111761,-12.504833,-9.235462,-3.113725,-18.329031,-7.6303887,-3.830981,-14.03019,-6.6253333,-7.315544,-8.138271,-4.847829,-11.548495,-5.169791,-6.9481864,-7.4851513,-6.714826,-5.450883,-10.739542,-3.1116705,-8.819329,-1.3719991,-5.023396,5.785815,5.684434,11.129171,1.2201877,4.157597,-0.96897495,6.3949137,8.327622,10.23202,5.0619617,2.7682881,calm,16,03-01-02-02-01-02-16.wav
-513.3754,84.410736,9.038674,8.570308,-6.6989574,-24.320908,-26.797848,-12.584238,-15.503679,-2.7158544,-18.22367,-8.781203,-2.5625775,-13.582564,-6.7467628,-8.459534,-9.454764,-5.642482,-14.062455,-4.761362,-7.0157256,-7.6933045,-5.2706513,-9.753005,-9.052409,-4.6262927,-3.8554077,-1.3503634,-5.1342897,2.3117669,-2.2681546,4.5504384,-1.3775055,5.709367,3.8497488,10.041112,4.379486,6.7139583,-1.183499,-0.18014257,calm,16,03-01-02-02-02-01-16.wav
-506.2459,87.65273,6.7701726,6.2440386,-0.6846099,-22.553509,-29.341803,-10.402547,-15.341414,-3.857303,-16.74675,-6.142466,-4.476277,-13.905724,-6.0859666,-8.646502,-8.824532,-6.48038,-11.417759,-5.2679753,-10.586598,-7.299406,-7.4950275,-8.113564,-10.116155,-6.182527,-4.584156,-6.034219,-7.8961716,-7.834608,-9.313346,-4.8843055,-4.8462224,2.054656,5.460522,9.937042,3.6637256,2.1739562,-3.7160938,1.0867201,calm,16,03-01-02-02-02-02-16.wav
-400.92377,86.23036,-31.56878,14.927793,-9.18234,-21.571188,-21.40264,-22.938202,-13.622012,-0.9194449,-21.19806,-7.1640506,-2.2057843,-12.57768,-5.949951,-14.228146,-10.410162,-7.738842,-9.211097,-6.2347784,-7.1126204,-11.614996,-7.351345,-3.9550946,-6.178575,6.75542,2.6862178,4.6631203,-2.1863449,-4.447952,-6.28921,0.44262752,2.76315,10.660907,7.2269964,12.451876,6.4565177,2.6282454,-2.1699677,-0.541669,happy,16,03-01-03-01-01-01-16.wav
-392.73746,84.407364,-19.156864,15.164896,-7.4544644,-17.572296,-21.542936,-16.729118,-9.376638,-1.7386395,-19.381304,-7.5246296,-2.6177547,-10.93615,-4.743465,-11.069142,-8.934418,-5.935208,-7.3423486,0.49229345,7.2803555,4.286802,0.9399985,-0.44355702,-4.392979,3.4406934,3.254779,8.073892,0.9373981,5.459516,3.0853143,6.4866304,0.8520463,-0.2297682,-5.5602336,-0.2797102,-0.7988259,-0.19068909,0.28395298,2.0619807,happy,16,03-01-03-01-01-02-16.wav
-410.64703,81.90605,-14.474301,12.6992655,-3.8634233,-23.351694,-26.626308,-19.367664,-15.8360615,-4.03413,-17.584343,-10.010943,-4.181359,-10.490292,-8.49566,-8.429385,-9.875038,-9.364419,-8.828198,-7.7493486,-9.063575,-10.136791,-8.686093,-7.2205276,-10.547011,0.12217742,-1.0203328,7.8206973,2.4806757,4.6409187,-3.7499661,-1.6910211,-5.64127,0.7581787,3.033405,12.266285,10.3850565,6.5919995,1.6756825,0.0984359,happy,16,03-01-03-01-02-01-16.wav
-402.93387,77.055984,-19.65827,10.678025,-5.457814,-23.194283,-26.41599,-23.361795,-19.478384,1.2135597,-18.169325,-12.173191,-4.8057604,-10.598755,-10.658426,-6.006054,-10.187051,-10.465144,-8.71158,-11.058802,-6.923306,-9.986196,-8.30337,-3.7047992,-10.595862,3.968033,4.7350674,11.836296,9.863551,8.29466,-0.39415863,2.2467039,0.24941047,5.127692,5.583949,8.090127,5.1727233,0.7218983,-1.6855507,-1.5215228,happy,16,03-01-03-01-02-02-16.wav
-361.5752,73.59585,-31.070097,7.8379135,-12.034416,-19.735731,-21.804955,-22.766228,-16.970835,0.053440638,-19.555862,-10.305441,-4.892903,-12.217688,-9.120265,-11.980621,-11.484374,-10.163963,-11.864853,-6.4089603,3.442348,5.30858,6.7649307,7.1029086,-5.9691143,5.1803513,6.9581575,10.270477,8.74735,2.4363608,-2.618951,-2.0967398,-3.7287416,1.6627021,-4.666965,-0.039987013,-0.49410945,-0.18581372,-2.0908217,3.6081269,happy,16,03-01-03-02-01-01-16.wav
-292.17413,69.010704,-30.268475,9.315873,-12.874519,-24.94743,-16.639063,-16.859423,-18.616533,-1.6872835,-19.07164,-9.220063,-3.792301,-11.81102,-7.094579,-11.92681,-5.0428243,-0.38905635,3.272224,6.2863793,10.1771145,6.014414,3.9079554,12.658796,2.7026856,13.669194,5.329205,1.5911055,-1.4388443,1.7454953,-0.9068453,-1.1498226,-3.5010085,0.29318517,-2.3642197,1.8852638,-0.5801823,4.5752697,-0.41864485,0.13978347,happy,16,03-01-03-02-01-02-16.wav
-336.76062,56.168297,-25.22742,9.410677,-15.118149,-30.907042,-29.155066,-21.544836,-16.907969,-2.0520773,-25.519438,-11.522112,-9.01673,-14.573866,-6.579708,-11.778537,-11.513296,-12.095993,-15.655988,-10.1536045,-5.316039,-1.8859379,5.0132976,9.249525,0.19847128,8.582095,3.6232047,8.860084,6.759247,7.853555,1.5671546,1.1969266,-5.3547893,0.73199284,-1.1084715,5.413355,1.298186,-2.0529983,-3.877671,3.5036967,happy,16,03-01-03-02-02-01-16.wav
-356.113,72.75118,-22.185085,9.512061,-10.929167,-26.68298,-22.014292,-21.114498,-17.141544,3.4240227,-16.89734,-12.143197,-2.997981,-17.804127,-10.909311,-5.4185305,-10.957578,-6.309813,-11.488382,-10.054798,-5.338064,-10.443959,-10.661738,-3.2955072,-10.161574,3.8047843,4.578317,7.017841,5.8794127,7.481055,1.502943,4.441004,-1.3824521,1.0359596,2.0068774,8.854191,5.9783077,5.9641438,-1.9408718,-0.64626104,happy,16,03-01-03-02-02-02-16.wav
-483.9584,94.92853,-5.2154856,21.190014,-9.064229,-11.14613,-23.6826,-18.20248,-5.7584114,-8.410152,-17.049797,-7.3554564,-2.127763,-11.564925,-4.8704314,-9.238201,-10.1009655,-2.2808902,-12.391898,-6.3525004,-7.8514557,-8.669521,-7.415371,-11.761768,-8.75249,-0.9801765,4.352609,8.425852,7.4784184,7.915703,0.24855793,7.230029,1.2303766,5.86447,1.407105,5.9418306,-2.9829915,2.1792808,-2.714634,3.6019127,sad,16,03-01-04-01-01-01-16.wav
-512.90625,104.02273,-8.984212,16.406511,-7.9965897,-17.80688,-24.632875,-17.730982,-8.696791,-5.2311163,-19.903065,-9.037224,-0.6484653,-12.704556,-4.4597754,-8.405524,-12.150283,-3.3445523,-10.937795,-4.253019,-2.1204877,-0.1708046,0.23619415,-2.6412978,-1.9038486,-0.17816088,-2.3130655,0.81137806,1.6160244,-2.332542,-5.997523,-3.40007,-8.591851,3.4238572,2.5826359,9.604878,6.565127,5.919443,1.5220821,2.5667346,sad,16,03-01-04-01-01-02-16.wav
-479.8521,91.138855,-1.9909439,14.314928,-0.5819235,-17.379871,-31.049473,-21.97649,-12.129309,-2.390468,-20.624298,-9.921757,-2.1758642,-12.595098,-8.123207,-7.315601,-7.9803004,-5.532668,-11.804335,-9.9504385,-7.380429,-9.053921,-6.5829115,-6.680639,-10.288517,-2.5237272,-6.201843,1.7807206,2.5456047,7.287204,1.7106218,5.3842907,-0.35267764,2.857827,1.6442485,6.837505,3.2556221,4.568407,2.289469,5.4129324,sad,16,03-01-04-01-02-01-16.wav
-515.1665,85.9691,2.8091068,18.427967,-2.263558,-17.60157,-33.835052,-17.327219,-13.184987,-5.5335307,-20.415295,-8.706984,-5.1910157,-10.816012,-4.4107466,-11.0136795,-9.101958,-3.740216,-13.990753,-6.557097,-6.36092,-7.9486694,-7.861738,-9.34385,-7.615555,-7.5200396,-3.7284126,3.0232487,5.1036015,7.7862773,3.9898508,4.5013313,1.0407867,7.73454,8.274285,14.786471,3.544794,2.0780475,-3.3346107,5.0087314,sad,16,03-01-04-01-02-02-16.wav
-475.90225,98.25918,-20.549475,14.828395,-6.2399845,-18.35585,-29.76415,-25.803158,-13.552066,-4.0142684,-16.846584,-6.832326,-0.7304413,-16.329805,-5.775534,-4.7796984,-13.076844,-1.9944828,-13.054329,-10.996249,-8.121353,-8.144162,-6.2184577,-4.9898796,-5.7953153,0.59551984,-0.46074867,1.4751484,1.3781422,6.7276855,5.9827957,10.378762,5.7611623,7.175847,-0.70311886,3.48376,-1.9461136,2.3318822,1.9277065,3.1259494,sad,16,03-01-04-02-01-01-16.wav
-481.95718,88.304184,-10.205489,10.821328,-6.2321606,-15.483184,-28.799511,-19.365877,-14.2745285,-0.95169616,-18.41038,-10.447697,0.8532843,-11.493299,-8.199739,-4.004293,-11.309111,-4.66951,-7.3408275,-11.475646,-6.9679284,-0.40125874,-0.78627354,1.548163,4.6788244,5.25839,3.0466876,5.4900723,3.2616267,10.416506,2.5070403,2.4328399,-3.4767625,-0.97083604,-3.6654425,1.5142248,-3.4665992,-1.8127279,-3.2656198,1.5647194,sad,16,03-01-04-02-01-02-16.wav
-462.54437,74.59246,-15.713807,3.507032,-5.2837515,-28.082495,-31.285723,-19.813175,-20.3439,-3.304724,-21.50397,-13.393404,-1.8691494,-16.857214,-7.958679,-9.014061,-14.919434,-6.1797895,-14.379815,-9.794513,-4.6028323,-0.4122582,0.8965131,8.846297,6.020821,9.190103,5.198521,4.6170106,4.075846,10.37502,4.678049,6.5914345,-1.3390182,-1.4777102,-3.5037854,2.811031,-0.64583087,0.16986056,-3.6167445,-1.9116299,sad,16,03-01-04-02-02-01-16.wav
-451.69583,82.307175,-11.9932165,5.2913504,-4.6250587,-27.996367,-36.2209,-16.340233,-12.574855,-8.083818,-20.732096,-9.908071,-3.678066,-12.97547,-7.106201,-10.535788,-10.807781,-10.110957,-9.399411,-8.646115,-7.468178,-1.3846142,-4.2841725,4.4492335,6.7235584,11.658431,14.834807,12.259588,10.17421,4.617252,-4.2063813,-1.5201073,-1.155308,3.6766884,0.9546304,-0.043662023,-5.441724,1.670505,-2.0882509,1.9177355,sad,16,03-01-04-02-02-02-16.wav
-344.0441,71.72935,-9.921341,14.721359,-15.233345,-17.347422,-12.494678,-19.147789,-15.584111,2.2416356,-14.529973,-4.9077873,-2.2043142,-10.440091,-3.5136948,-8.309069,-7.1741076,-5.959501,-10.979075,-4.3844194,-0.20690018,-2.1776876,-0.9596464,1.8001698,-8.480465,4.686621,-2.0552888,3.6159945,3.1079607,7.913844,8.361641,6.3728495,1.5914774,-0.9729229,-1.2937338,6.832006,4.5736513,3.8475099,-1.7444689,2.7373526,angry,16,03-01-05-01-01-01-16.wav
-342.33383,71.22642,-10.591679,9.554048,-13.209387,-19.129732,-7.898166,-16.430689,-23.542246,2.001096,-16.74747,-10.207236,0.07855781,-9.623283,-5.5651636,-10.433306,-3.7038665,-7.655115,-11.290659,-7.6919947,-6.848189,-6.7121935,-3.5981314,4.3239217,-2.2268062,6.748563,2.3626225,4.4485106,5.510483,8.744383,8.671998,8.106645,1.845176,3.5192256,-0.42357004,4.1395807,2.2205527,2.3681288,-1.0810446,3.9766357,angry,16,03-01-05-01-01-02-16.wav
-358.0951,60.28466,-11.854906,5.074035,-22.203564,-15.987721,-18.643463,-23.002716,-23.342173,-2.8479192,-15.709101,-11.6671915,-5.832741,-10.419028,-11.773904,-10.400926,-2.8352437,-12.437494,-10.795463,-3.3326335,-8.168852,0.9720018,-3.3447413,2.1702023,-6.378581,-1.353175,-2.1248813,-3.5208786,3.5229712,8.491035,7.743785,8.149731,-1.0809307,2.530927,-0.453857,6.44371,0.7729602,4.281883,-2.700787,3.331651,angry,16,03-01-05-01-02-01-16.wav
-307.4195,56.121407,-11.802571,15.581068,-16.930475,-20.863903,-13.760213,-21.321346,-22.52398,-2.3046134,-16.882687,-11.069091,-3.3288653,-11.207862,-11.417488,-8.450562,-4.979829,-8.235006,-10.138895,-4.259434,-9.261272,-1.7655126,-3.0150313,3.4125245,-8.12068,5.313707,1.3561144,4.8832974,3.702508,4.3426385,3.2914073,5.4326773,4.357914,5.200421,-1.3991826,3.165306,1.3424935,6.178049,-0.9915489,4.175351,angry,16,03-01-05-01-02-02-16.wav
-279.3632,65.10344,-20.565304,8.102068,-22.438446,-25.094131,-7.7937365,-22.150705,-20.55067,2.6629615,-19.667759,-6.9980955,-2.3610797,-12.668104,-8.116922,-12.769752,-10.457495,-5.5401063,-4.7281065,2.027898,6.040307,1.9153483,4.2916846,7.7547884,3.3483193,13.311874,4.2190847,3.912365,-3.2130501,0.20271072,1.1441405,3.5949311,-1.1422038,-2.952985,-4.196875,1.640496,1.1086694,3.7337112,-0.012645865,2.965569,angry,16,03-01-05-02-01-01-16.wav
-243.18214,55.410908,-40.763893,2.671044,-24.39052,-28.549995,-8.443154,-27.535282,-27.449003,5.222838,-19.656372,-11.599838,-6.033612,-16.82374,-7.49607,-7.772826,9.787376,1.1220526,-2.5468698,4.344594,5.4227014,6.2159777,10.1075,7.164279,-0.4911223,6.8464828,2.180698,3.3362257,-5.4751835,1.3026581,3.4944105,2.900621,-1.3217646,-3.321989,-3.1938412,4.2837443,-0.19795065,2.9938955,0.21049033,1.6966875,angry,16,03-01-05-02-01-02-16.wav
-232.67519,37.048897,-33.79665,5.111353,-21.014193,-31.227852,-1.791867,-31.394325,-26.61988,7.683778,-22.295582,-8.925335,-9.090956,-15.029044,-12.675,-10.668277,5.5493994,-1.8493742,0.94683087,7.632466,5.08503,6.3648834,11.521792,6.9629126,2.2446427,3.1312695,-0.43780422,-1.0879079,-7.6792245,1.73726,-1.12517,2.0233126,-6.9921193,-2.309455,-4.6989264,5.6986585,-2.6030815,1.7076231,0.2752407,5.9602895,angry,16,03-01-05-02-02-01-16.wav
-299.47614,45.03521,-23.746292,4.41087,-19.152891,-25.82982,-4.8110538,-23.07869,-22.360645,8.05448,-18.814964,-5.143997,-3.0577822,-14.988478,-7.3264494,-7.960804,-1.8044062,-5.0926995,-11.271672,-6.261447,-2.4474347,2.5796254,10.796242,18.384079,8.398811,11.641789,1.8518293,0.669843,-0.73026603,0.7241812,0.07667848,-3.9922235,-4.951053,0.4733295,-1.3237171,1.4052272,-1.1459076,-0.5775499,-2.1406827,1.475132,angry,16,03-01-05-02-02-02-16.wav
-405.18475,89.83894,-17.004143,7.642431,-10.4960375,-20.010492,-19.604153,-23.141403,-20.527832,-2.8251407,-22.229273,-16.23359,2.4165823,-8.417968,-11.3164425,-11.849475,-10.295581,-9.1178665,-7.013894,0.43597108,6.67416,9.574495,5.367473,12.186967,3.2424293,12.467542,11.786857,2.4557593,-1.1759619,-4.1716146,-5.6332526,2.177087,-2.829268,3.6447947,-3.1664226,1.9423752,0.1772734,2.2267468,-1.9461904,2.5612068,fearful,16,03-01-06-01-01-01-16.wav
-420.78815,84.72119,-2.8323715,13.704627,-7.3155556,-9.991019,-18.650341,-21.384468,-16.059958,-2.0573528,-18.44227,-13.15469,1.3049425,-8.860593,-11.552374,-7.6511574,-9.13099,-7.3795795,-11.278953,-10.616278,-8.70478,-7.7125187,-3.6270325,7.771038,1.3321675,12.610107,2.3856936,5.7455573,0.42084396,5.411713,2.3693447,4.6056514,-0.85321575,3.1326392,3.8984349,6.2079296,3.6637702,1.2941601,-1.6715152,3.2930534,fearful,16,03-01-06-01-01-02-16.wav
-423.3261,72.58228,0.69664663,14.54698,-6.797817,-19.672232,-25.461197,-16.355307,-14.431645,-6.367182,-16.96953,-6.9194756,-3.1711435,-13.775715,-6.2790127,-10.429026,-8.731087,-4.838849,-15.588057,-6.075082,-8.516468,-6.59216,1.7177172,-1.0602719,1.1530756,4.365729,3.3359299,7.1900625,3.0400252,8.878438,3.189085,4.883182,-0.7529951,6.9277864,-0.47644794,2.6810424,-4.822012,-2.0590775,-0.6273745,4.988784,fearful,16,03-01-06-01-02-01-16.wav
-388.87808,71.34861,-7.141206,3.161971,-7.3549466,-23.970358,-30.328337,-22.544933,-20.959183,-3.8108428,-23.436167,-13.588125,-2.9965367,-16.828709,-9.475414,-7.998428,-9.885372,-5.7269983,-9.022705,-7.0341372,0.6431881,3.4324965,4.1311035,10.60532,5.305163,12.3714075,4.5977583,4.324358,-0.24442661,1.3979644,-0.8384182,2.5576642,-2.0892591,1.9502463,-2.3561943,1.0492059,-2.1391664,2.175696,-1.3882612,-0.18684916,fearful,16,03-01-06-01-02-02-16.wav
-258.93665,56.73432,-47.71706,-3.4179876,-26.343313,-26.572193,-25.574001,-23.888277,-21.965342,-10.358072,-25.185402,-15.26061,3.3277483,-3.8793168,5.5539894,7.895161,11.258165,11.559677,7.9947114,0.42399552,4.4518886,4.89846,-1.9355086,7.448968,-3.7163947,0.5639279,-0.24833454,3.3754618,0.45408615,-4.2742596,-7.403058,-2.3787851,0.5195848,0.3646048,-3.3727043,1.309985,-0.13719614,0.94392633,-2.158101,1.3180243,fearful,16,03-01-06-02-01-01-16.wav
-251.86746,42.20617,-48.67474,-6.578093,-22.842308,-30.885574,-28.91054,-25.222986,-22.428879,-7.779262,-22.116037,-6.8794537,12.408228,-0.10128885,13.2344055,14.765132,16.307884,21.54738,13.131204,5.9926357,-1.8616009,-9.735205,-7.3584986,4.7277036,-1.7778459,0.79791963,-8.107753,-5.6296883,-1.9149604,3.6329594,-0.3224049,-3.0161045,-5.019458,1.680489,0.75335455,5.5148644,2.5188541,3.0416107,-0.6564398,5.38105,fearful,16,03-01-06-02-01-02-16.wav
-262.14264,37.545002,-51.12797,-11.3486,-23.748064,-36.394417,-26.63697,-27.861156,-30.327934,-3.6721356,-24.550108,-11.939628,6.5572877,-1.4762006,6.351833,8.988052,11.521808,14.741211,11.528196,5.9121475,-0.0490859,-0.8880761,-4.270269,9.168277,-1.0756831,0.09080007,-4.8198557,-2.4886487,-2.3357222,0.15522291,-1.5155387,-2.3372943,-5.544091,0.84990996,-2.1168957,0.35584533,0.74371433,7.107014,1.2229791,1.3188132,fearful,16,03-01-06-02-02-01-16.wav
-221.33948,47.84989,-49.842747,-11.827077,-23.213375,-37.311302,-30.081982,-27.203854,-26.143332,-5.80172,-22.077297,-10.470812,7.3186455,0.9886311,4.2541094,12.212776,13.220568,15.353842,10.006986,1.0654591,-2.3553586,-5.1142955,-8.864741,7.9702497,-2.2750475,-2.8578413,-6.403572,-3.8854637,-2.6436806,0.051998496,-6.417424,-2.9608338,-3.6319454,1.1965563,-1.6226892,1.9646609,0.6631258,6.4331355,-1.4757874,3.810709,fearful,16,03-01-06-02-02-02-16.wav
-442.91998,87.249306,-0.51904285,13.284421,-15.499213,-7.2538304,-19.929361,-19.87732,-16.40738,-0.81754625,-11.1951,-9.7284,0.7719881,-10.107615,-10.701292,-3.8623872,-9.101566,-6.8094473,-9.523307,-6.996355,-6.040481,-5.139999,-4.201163,-2.862532,-5.2489843,1.5578768,-2.1604722,2.034595,-2.3267128,-2.980091,-4.123802,2.209817,-2.2794085,2.1528707,2.7376137,4.6894956,3.0753706,3.1353233,-1.5556774,3.8519537,disgust,16,03-01-07-01-01-01-16.wav
-429.1098,90.25527,-2.8298101,10.001859,-18.570919,-7.728708,-19.92014,-21.14878,-12.062709,-2.6614895,-16.607992,-9.884595,-3.4849045,-10.533969,-8.1843405,-9.069323,-9.801053,-8.410728,-10.97808,-3.7360587,-5.25925,-6.2202063,-6.505644,-8.12034,-9.11893,-3.0002205,-4.253216,-2.6851661,-4.129931,-1.4812073,-2.923661,1.5536904,-2.9556751,0.29929027,-0.26781774,5.8080616,5.3125896,6.512071,3.6399524,6.213055,disgust,16,03-01-07-01-01-02-16.wav
-441.44904,86.82077,-2.0144246,19.816193,-14.001153,-28.166862,-30.225128,-13.832624,-13.448009,-13.871494,-13.977158,-9.2229185,-9.801645,-8.824764,-8.202666,-15.933135,-3.1537957,-9.786957,-15.793259,-2.1740377,-10.849013,-3.6956728,-2.4302702,-1.1379417,-5.674828,-1.2332176,-6.972769,-1.7196659,-4.1231375,1.15583,2.615773,5.864608,3.5820825,1.981421,-1.1113514,2.4018617,0.29881638,7.665553,8.37424,7.1337986,disgust,16,03-01-07-01-02-01-16.wav
-414.19476,89.00188,1.7257754,12.7970295,-10.655842,-19.186134,-20.693956,-13.495967,-15.181022,-5.676913,-15.099096,-5.6386895,-5.5083466,-11.440079,-4.500534,-8.052188,-4.165717,-5.965945,-12.018673,-4.117204,-9.819935,-6.489301,-7.142816,-5.3768096,-4.642382,1.3684725,1.6993682,1.0263461,-0.5539771,-3.18981,-1.3199744,2.4001505,1.7912139,7.228932,5.2040043,7.3215656,4.493659,5.6889615,2.413926,5.253691,disgust,16,03-01-07-01-02-02-16.wav
-449.57767,81.95235,-0.7664621,11.823456,-10.77398,-12.865999,-20.228521,-21.962227,-12.039694,3.1100984,-17.67579,-10.813488,-1.124387,-11.371404,-10.366822,-7.412714,-5.917086,-8.337394,-8.487556,-5.1084013,-6.9453106,-8.776698,-5.8857074,-4.601432,-12.935471,-1.9586976,-7.4215193,-5.8574796,-5.1389904,0.16904168,-0.2887953,2.8647945,1.1443952,3.7963188,4.085204,7.1866107,7.430292,7.1743426,1.8546345,3.0816188,disgust,16,03-01-07-02-01-01-16.wav
-422.38724,78.87049,-3.228816,14.071439,-14.393537,-14.192685,-14.766835,-19.633581,-13.721219,3.1261547,-13.52729,-10.518643,-0.14249082,-7.1622844,-9.405762,-5.330051,-5.852236,-7.665629,-5.914818,-5.878891,-3.2165613,-6.62699,-5.5045085,-3.357006,-8.776168,-0.35612717,-3.5837338,2.4059753,0.8224375,5.564505,2.284586,4.9102507,1.3660245,3.2053978,3.304343,3.5780678,3.382063,1.6769934,-1.6433516,1.9895073,disgust,16,03-01-07-02-01-02-16.wav
-425.77518,68.647545,8.688134,10.723173,-8.296771,-19.763578,-19.956331,-17.198708,-20.535606,4.2526193,-22.871243,-8.756287,-3.1948905,-13.026177,-12.408346,-6.5126185,-6.901935,-6.9156265,-10.802446,-7.0109844,-6.2386813,-8.615886,-8.124399,-6.0242863,-8.867766,-6.687472,-6.188703,-5.33962,-7.01215,-0.24587318,-0.9209464,7.787984,3.4264367,7.247356,3.1199503,5.694665,1.9532219,4.598199,3.830835,5.4857197,disgust,16,03-01-07-02-02-01-16.wav
-407.29205,66.94295,-0.92922044,9.1692095,-8.769306,-25.713028,-20.491575,-15.218452,-17.43995,-2.035033,-18.593483,-8.528299,-3.8438747,-10.573713,-8.821552,-12.428595,-6.140389,-6.567777,-10.546162,-5.93382,-9.19202,-8.248073,-7.6026874,-2.8184,-8.0474205,-2.6746728,0.51235956,4.8624663,7.9067116,10.239929,8.898519,10.07257,2.5389204,3.5861125,1.8778514,7.3609996,4.199447,4.908527,0.054582052,0.57097167,disgust,16,03-01-07-02-02-02-16.wav
-419.71423,102.22221,-25.409895,7.4603734,-14.783545,-27.553427,-27.54022,-19.258568,-9.192653,-7.421821,-22.01409,-4.2856607,-13.079895,-8.207745,-7.577193,-17.59718,-6.093343,-5.352165,-4.7036195,-0.11931802,2.1638327,4.1307187,-3.801035,4.4946814,-3.4050224,4.288093,2.7343416,-0.53228813,-0.11470432,-3.0850265,-0.16012634,4.4337997,3.7423053,0.6735802,-2.7946596,-3.0854461,-3.2652447,0.49294633,0.18276204,3.1391134,surprised,16,03-01-08-01-01-01-16.wav
-373.97424,92.76603,-22.917728,6.222804,-25.242493,-33.511703,-29.598095,-14.79335,-17.261824,-15.659702,-15.117554,-12.059562,-17.438976,-5.7206254,-9.215803,-8.975132,5.3563266,1.9910342,1.3493358,-1.6825321,-3.3053076,-8.090074,-4.0083823,1.5375614,-4.9536695,5.5152254,-1.0235914,5.233955,4.5543227,2.8772848,-0.9472643,-0.9476902,-1.7823542,1.25253,1.032646,4.8234873,-0.6975818,-1.8512937,-2.0083735,0.74110633,surprised,16,03-01-08-01-01-02-16.wav
-366.42984,83.05581,-19.500458,5.6218367,-19.105509,-26.62903,-30.85866,-26.151625,-13.526561,-9.588368,-23.633821,-5.2063193,-12.979616,-13.329396,-6.039698,-10.394585,-4.9316196,-3.1989634,-10.9256,-4.2202992,-2.1064441,-2.3035226,4.7061005,3.6096172,3.1831412,7.180401,4.536886,6.3911095,4.438854,9.102667,0.18499285,1.7681568,-4.7521625,1.9785621,-1.3873585,5.462955,-1.4355159,-3.022872,-5.0629354,0.89809364,surprised,16,03-01-08-01-02-01-16.wav
-325.8839,71.31212,-19.1182,5.8169794,-25.04305,-37.55235,-35.429432,-11.373189,-20.961416,-19.686188,-20.320934,-15.015381,-17.042181,-5.7434564,-5.134039,-4.379693,7.8004174,2.3001287,-3.5154464,-1.9877905,3.451268,-1.2888649,0.13027444,-1.1676522,-3.4670937,2.141194,1.5483218,4.78379,6.3948245,5.9434276,2.477816,2.5567102,-4.730565,-2.305483,-2.1825092,2.0832574,1.4039623,0.1429338,-1.5999095,1.9752231,surprised,16,03-01-08-01-02-02-16.wav
-388.9879,97.590485,-31.252777,3.6237555,-19.501068,-22.523489,-30.53642,-26.08915,-6.9882083,-9.364883,-21.695526,-8.526405,-11.093321,-14.246655,-1.4764936,-15.533853,-5.376317,0.75397354,-2.2127516,6.5786285,3.9244168,-0.57185805,-3.217765,-3.524981,0.49787256,5.9540186,9.185044,3.7788646,3.8306887,-0.96080536,-3.746601,-0.19998492,-5.5274677,1.4532197,-1.5244267,3.4143877,-1.2333564,1.802857,0.24189967,5.9578114,surprised,16,03-01-08-02-01-01-16.wav
-343.7775,93.48562,-26.597977,1.3434545,-26.376276,-31.034758,-24.564976,-16.585705,-17.785519,-12.035335,-21.515373,-11.235546,-12.426891,-8.128184,-6.3207855,-9.843502,3.4856124,-4.424938,-4.178819,0.27375853,-1.113078,0.227127,-5.802747,3.7052152,-6.647862,3.4081285,3.9525418,4.89639,6.22069,6.078482,2.9135122,-2.2072885,-4.1175885,0.4705429,0.8058706,4.9966125,-0.01996212,-1.3486568,0.29400384,3.697581,surprised,16,03-01-08-02-01-02-16.wav
-300.69205,72.340515,-26.112602,-5.4741325,-20.36467,-35.980385,-29.074448,-21.601734,-22.732533,-10.015765,-22.972296,-5.359963,-9.654788,-11.293976,-8.094309,-11.869408,-0.60815215,0.6998554,-1.0232469,-2.422346,2.709962,4.6621847,3.3523006,12.346474,5.968044,8.714905,2.624167,-0.06525018,-4.833228,-2.0945613,1.008352,2.8977978,-2.524242,-0.14852948,-1.922092,1.5325577,-1.0871005,2.7380822,-3.474815,0.27172014,surprised,16,03-01-08-02-02-01-16.wav
-340.5176,76.49886,-23.032053,-2.3504465,-17.763042,-35.07072,-32.661514,-21.04388,-19.236473,-13.357307,-24.152725,-9.259579,-13.401292,-5.0445623,-3.8734431,-3.3324795,4.5314727,-3.9633524,-5.9716825,0.21325667,5.3071795,0.9192106,-3.4477532,3.0601225,-3.7722971,8.681165,8.294611,6.585599,2.711708,1.1051195,-3.9100764,-2.2281144,-3.4211028,0.037220795,-2.499501,-0.5285662,-3.004409,-0.08283372,0.38016295,1.7429183,surprised,16,03-01-08-02-02-02-16.wav
-464.5535,133.13493,0.61679894,20.556389,16.810263,-2.4817412,9.266058,-21.381075,-19.065151,6.041368,-11.649332,-8.329769,3.5600703,-3.21421,-2.4001532,-4.4462414,-7.0662584,-8.159811,-5.127759,2.6490042,-10.614907,1.2919389,-8.267545,-3.3548505,-8.54523,3.083782,-6.4556985,-2.3061624,-9.305113,-1.005162,-4.263288,-1.8477472,-0.9604527,-0.37426236,-4.1284347,-2.5399814,-5.3260455,-3.1225314,-4.638116,-3.803611,neutral,17,03-01-01-01-01-01-17.wav
-440.52383,133.64206,-7.253928,23.554249,14.589368,-6.650803,10.969894,-13.207198,-18.68829,0.26257473,-6.5654445,-9.394068,4.3501835,-3.5104342,-6.5254045,-3.9697306,-7.2421603,-10.039078,-5.513856,0.07444393,-9.860122,-0.9642138,-6.9471483,-1.6381592,-5.7232537,-1.5797069,-7.2611866,0.90500563,-10.55407,-1.6332062,-3.9493089,-0.7710028,-2.952204,0.23242982,-6.2092195,-1.1497313,-2.9984562,-2.8326623,-3.8303266,-3.7021322,neutral,17,03-01-01-01-01-02-17.wav
-423.49902,124.76691,-5.2936563,18.504774,9.345873,-7.2544646,9.495981,-18.288324,-24.070404,0.82866716,-10.699844,-8.738537,5.7523866,-6.926785,-6.771259,-1.3557404,-7.0806627,-11.041647,-7.5782967,0.74571854,-10.9532795,-2.6879404,-5.0999165,-2.8873794,-6.777801,1.7613498,-8.503223,-1.9140989,-11.181614,-1.5077443,-3.6452713,-1.3475194,-1.7800636,-2.4579928,-5.804455,-4.4397106,-4.520658,-3.5115113,-4.8377395,-3.8537636,neutral,17,03-01-01-01-02-01-17.wav
-435.5482,129.2634,-3.731921,22.290901,12.010073,-6.074231,12.118644,-18.132662,-21.417925,1.7359909,-11.9644,-7.6519094,5.558636,-6.235315,-7.6504383,-1.8794036,-8.255938,-9.906927,-5.631543,1.0912853,-7.9616547,-2.1732192,-6.428561,-1.0211608,-6.372304,0.2212139,-6.444383,-0.33857048,-9.611886,-0.38872418,-3.6057873,-1.4660364,-1.5010291,-0.9114014,-5.967496,-3.1684794,-6.3868537,-3.186546,-5.262017,-2.3556936,neutral,17,03-01-01-01-02-02-17.wav
-451.34543,131.00563,-0.72062826,21.50223,10.668194,-0.43292838,0.5709955,-16.038595,-16.143661,-1.6094925,-10.332828,-11.293427,4.2749453,-4.8962626,-9.450713,-6.163479,-6.826639,-9.705491,-4.505418,1.1766431,-11.88919,-0.2771257,-11.1393175,-0.960133,-6.4523187,-2.0217226,-8.041136,-3.555211,-10.852263,-1.0023603,-3.3616972,-0.57876945,-3.5866156,0.26033217,-5.201749,-3.2845519,-5.498646,-6.9124675,-7.325563,-3.8753233,calm,17,03-01-02-01-01-01-17.wav
-445.89633,119.15324,10.032609,22.019712,9.740415,-2.8628218,0.8780717,-11.823288,-20.549032,0.33916658,-11.19151,-10.752672,5.0109415,-6.88304,-7.5027514,-5.0031953,-7.4796915,-7.42601,-6.119316,-0.2659079,-11.358857,-1.1065127,-9.5910425,-2.3915658,-6.432066,-1.6409981,-7.758917,-2.1090906,-13.4611,0.64531165,-3.8592856,-1.9048706,-4.508436,-3.2433968,-9.58666,-4.843896,-4.609787,-4.05264,-4.9088683,-6.067382,calm,17,03-01-02-01-01-02-17.wav
-443.43066,114.51596,10.876241,23.975235,5.099324,-0.41455022,5.270944,-14.9774685,-14.670639,1.6474729,-16.679392,-5.7667775,0.5257128,-8.694428,-2.381353,-8.45252,-7.439755,-5.7354736,-7.283536,3.886886,-12.523258,-0.03628457,-8.204299,-1.4509107,-7.3485146,-0.88883036,-7.9215555,-3.0680456,-10.738595,-4.060031,-5.199911,-4.1099133,-0.7149308,-2.6735122,-8.433927,-4.804349,-4.4791017,-4.802301,-5.4607477,-5.5927367,calm,17,03-01-02-01-02-01-17.wav
-439.52524,119.648575,12.008791,20.762001,7.8718686,-1.5608736,5.6066318,-18.07797,-17.290096,4.9343014,-15.485925,-10.503069,1.9360417,-7.080007,-6.2032137,-4.312237,-7.5204062,-6.707795,-5.86038,0.18068038,-8.985301,0.79933536,-10.628758,-2.3384476,-8.429241,-1.3309693,-7.5372534,-2.4733107,-9.233822,-2.73458,-6.111278,-1.7694383,-2.6698508,-3.288436,-6.5551615,-4.2372055,-4.3682175,-5.3582687,-5.85353,-5.9202633,calm,17,03-01-02-01-02-02-17.wav
-459.52463,118.12399,10.5568,25.838781,11.165444,-1.614243,3.6061676,-15.366847,-10.978364,1.5555393,-10.961659,-9.419219,2.560892,-5.2762046,-5.127914,-7.862457,-4.9949718,-5.230449,-7.084327,0.9066826,-9.849878,1.2778888,-11.589288,-0.7905715,-7.6178994,0.744137,-8.508886,-2.1397302,-10.405975,-2.5686476,-4.9289017,-2.1357262,-2.4412234,-1.9214156,-7.288858,-4.0158772,-3.2747335,-4.6116343,-6.867376,-5.193711,calm,17,03-01-02-02-01-01-17.wav
-488.9508,130.53635,7.8097234,30.10715,11.32255,-2.3246331,8.705925,-12.236652,-8.088486,-3.3076653,-11.065376,-5.838896,3.4674318,-7.4892154,-2.3528383,-5.274122,-7.6340613,-5.613386,-6.94193,0.6091413,-10.440584,-0.5225402,-7.878412,0.9656373,-7.0201926,1.3987967,-7.297817,-3.53885,-8.606802,-3.0660636,-5.0729494,-0.113786094,-2.8910303,2.0399063,-5.4710402,-1.846462,-5.0371103,-2.7810264,-4.8260355,-4.745822,calm,17,03-01-02-02-01-02-17.wav
-453.27612,107.91651,13.909942,29.699787,10.51062,1.2643287,-3.645168,-14.957285,-12.216949,3.030891,-14.409836,-9.389986,6.027357,-9.270946,-4.944771,-5.7153363,-8.1800585,-6.387224,-6.72285,2.7866585,-11.127907,0.25466007,-8.698806,-0.53540766,-7.702916,-1.315324,-8.532956,-3.5663645,-11.331681,-3.5807953,-6.098082,-2.2810585,-2.0676472,-1.3124108,-8.285056,-4.80697,-3.8914828,-3.6221642,-6.330791,-3.1795878,calm,17,03-01-02-02-02-01-17.wav
-474.4376,119.769966,13.594181,26.309586,5.1188087,3.9265714,7.6273804,-11.64147,-13.351561,3.274525,-13.7280245,-6.312483,7.0897174,-8.340321,-4.805808,-7.5165033,-5.198141,-8.433131,-6.6532235,1.2471461,-12.107837,-0.6567303,-8.705617,0.017722402,-7.6070247,1.2496811,-6.333992,-1.7788656,-8.825966,-2.2232716,-5.3933625,-1.6678942,-2.6214068,-1.5781177,-5.807917,-2.1997,-3.952329,-2.1214917,-5.678414,-3.7553942,calm,17,03-01-02-02-02-02-17.wav
-401.78134,113.14717,-1.9141436,19.377148,7.5320992,1.2207068,-2.338456,-17.546349,-13.457932,-5.3125863,-12.76616,-12.30643,1.743306,-7.651597,-7.218535,-5.244624,-10.509318,-5.4058194,-12.35954,-2.5475674,-11.824105,-2.9753942,-12.405568,-2.14627,-8.881386,-4.4250975,-8.319852,-4.201844,-12.626336,-4.318861,-5.7179556,0.83631873,2.6937547,5.65591,3.0540798,6.206081,3.0700269,1.9453391,1.8335903,3.820535,happy,17,03-01-03-01-01-01-17.wav
-392.04855,113.82933,-1.5372356,19.370453,2.3614676,-2.5252345,-4.0008163,-13.512928,-17.06834,-2.8977098,-11.071251,-13.678387,4.1532197,-10.204897,-6.112506,-3.9335902,-16.208376,-7.106342,-10.724388,-4.8971996,-12.786576,-6.049549,-9.037049,-4.435652,-11.003328,-2.56346,-8.703579,-0.12218459,-5.0228434,1.2477673,3.0667737,3.1196284,-0.19724466,-0.01685873,0.26066256,1.5361265,1.7195474,2.3883677,0.9086149,3.6116712,happy,17,03-01-03-01-01-02-17.wav
-345.7448,106.09283,-14.075097,15.11027,6.190708,-9.804176,-0.8987135,-19.316422,-24.80649,-1.2800893,-11.330786,-16.513983,6.1199994,-10.625871,-7.7037654,-4.375367,-12.44281,-7.5849814,-9.297309,-5.173402,-15.085054,-2.9608202,-10.251937,-5.989341,-6.751928,-4.537358,-5.803794,1.204463,-8.286093,-0.10516334,-0.9787056,1.6715263,-0.65183574,0.6269025,-3.7065492,0.33959508,0.48478308,3.4912374,3.1424863,3.3588438,happy,17,03-01-03-01-02-01-17.wav
-374.00436,108.31126,0.14474417,19.713612,0.47864708,-2.1060116,-3.8840575,-17.3591,-18.924192,-3.02953,-11.26733,-15.9451275,4.2626977,-9.60787,-9.486628,-3.538031,-12.391078,-5.026501,-8.352769,-1.6098075,-12.305339,-6.407024,-9.916629,-4.319499,-7.870755,-0.8986751,-9.004532,-3.5950918,-11.277527,-4.410363,-8.392241,-3.8688152,-2.8340204,-3.2453911,-2.2629898,-2.3281548,0.7451797,-0.05199345,1.1410551,2.299636,happy,17,03-01-03-01-02-02-17.wav
-277.6957,78.64259,-7.1293373,10.466926,-7.076506,-4.7615767,-9.331701,-8.245468,-15.216778,-6.5087347,-6.0750155,-12.133253,-3.1997328,-11.104216,-6.785947,-4.4691987,-17.226055,0.62761843,-7.1926913,-4.029583,-0.9854827,7.3761497,1.4714198,10.465862,7.058173,12.375304,6.092384,10.314869,8.584875,8.152476,9.885114,10.283162,7.1166162,7.782991,5.085745,6.2602825,2.2307346,1.0292829,1.6183875,7.2452235,happy,17,03-01-03-02-01-01-17.wav
-243.79715,69.02897,-8.560794,7.326159,-6.255481,-4.9228473,-7.8634753,-11.567505,-14.2093525,-8.641501,-10.402697,-11.109089,-4.9464674,-12.145036,-10.531745,-4.915185,-13.47786,1.1835105,-1.0977355,0.3344136,1.5213698,5.652782,2.6371374,13.275366,9.459322,12.31595,3.7651677,7.771857,5.022455,8.055412,6.992016,7.4674544,6.7910376,9.4842005,7.698452,5.9514003,5.1437187,7.633728,3.027893,2.882169,happy,17,03-01-03-02-01-02-17.wav
-342.3136,70.401306,-4.6641383,3.8187292,-3.2912436,-1.069296,-10.751524,-14.145608,-16.249662,-4.4597235,-7.5202575,-13.956349,-2.0765297,-12.822541,-10.754713,-5.579833,-18.957458,-3.7486851,-10.410245,-5.799445,-2.442032,4.069514,3.7256045,6.5279803,3.5322053,8.111149,1.3623085,6.604944,6.957405,4.8775334,4.4303637,6.375115,5.04682,7.762031,2.412969,2.605187,1.6944447,3.2986095,2.8823469,4.490966,happy,17,03-01-03-02-02-01-17.wav
-295.14725,61.862896,-10.53567,0.12576197,-10.1624565,-2.5453775,-13.265076,-15.563988,-20.463493,-12.360771,-14.368946,-15.178805,-6.144791,-11.464609,-10.514597,-6.554029,-13.009273,2.1408558,-5.574187,3.7423644,3.862269,6.8463793,5.1179447,7.771034,8.488814,13.992777,3.131803,2.2716799,-2.0875063,1.3066962,1.0110233,1.9388257,0.91101086,2.3314102,-1.2306125,2.9857702,0.42589265,2.0984743,1.557394,2.7595189,happy,17,03-01-03-02-02-02-17.wav
-402.57538,123.58362,-7.9873433,22.341188,14.983129,-6.0502825,7.9192986,-12.348803,-19.041538,0.19176789,-5.504885,-12.481507,1.4377795,-3.6976104,-5.576029,-5.3479786,-5.822142,-6.888882,-5.7721343,-2.610883,-9.452077,-1.4150498,-10.999928,-0.41741028,-7.9184136,0.18802194,-8.924077,0.96660286,-10.186202,-2.7653174,-4.3661146,-3.1620877,-4.5857315,-0.49995956,-5.3263927,-3.705837,-2.1458385,-0.5764656,-3.0784292,-2.9005136,sad,17,03-01-04-01-01-01-17.wav
-390.94537,125.808754,-11.495538,15.062692,11.914334,-6.132908,4.673231,-13.582686,-16.89876,-0.80274695,-8.188378,-12.830252,1.6478425,-5.652339,-5.475987,-2.7890246,-6.8223844,-4.841783,-7.828732,0.71911347,-10.367772,-0.5905357,-9.618876,-2.3048494,-3.9553924,2.0576384,-7.838061,1.5183088,-10.696098,-2.146093,-6.260667,-5.2646365,-3.87545,-1.7384988,-5.3635945,-1.4739289,-1.754728,0.41303992,-2.58029,-0.75355345,sad,17,03-01-04-01-01-02-17.wav
-435.66837,120.469765,6.741045,27.954369,3.980535,-6.124194,9.020342,-13.8220625,-19.034506,-0.542451,-12.194734,-10.898315,3.0571601,-4.389228,-6.5626783,-1.7313794,-5.599104,-8.036432,-4.5602617,-1.2958181,-8.939746,-3.230081,-8.592165,0.3356717,-9.706501,-1.3018268,-7.111739,0.1603263,-7.926183,-1.7145362,-5.9921885,-2.6868627,-4.2572155,-1.1570138,-6.5639844,-2.595325,-5.3813868,-3.2773993,-6.2108736,-3.9235556,sad,17,03-01-04-01-02-01-17.wav
-388.90918,116.38483,-10.471239,22.155586,2.9133656,-5.7315784,5.2991567,-10.605373,-19.540884,-1.6344405,-11.628948,-13.315804,4.6826677,-7.705956,-4.33551,-5.234529,-6.927403,-4.8596187,-5.6980157,-1.6424327,-12.772184,-2.0794215,-9.311596,0.1501475,-9.202699,0.6801785,-4.952366,1.6424149,-9.114398,-1.4282784,-5.562918,-2.5011601,-5.335067,-1.4871477,-6.7404747,-2.0919619,-2.5757024,-1.7363122,-4.3444386,-2.9969385,sad,17,03-01-04-01-02-02-17.wav
-410.79297,99.18315,-15.93538,13.491505,12.51742,0.46720096,0.7934669,-13.799017,-15.106775,7.785983,-1.0488248,-6.1811666,7.0365305,-3.4472663,-1.7419856,2.8599346,-4.5409317,0.20292619,-2.935562,1.1777713,-2.5681126,1.5060434,-6.3306756,2.785154,-1.6003945,3.6654255,-0.32222757,2.5037885,-4.2897854,-0.1318276,-1.8486074,1.2476393,2.2841237,3.3020027,0.4037792,-0.03384288,1.3555758,2.193731,3.7103167,4.364038,sad,17,03-01-04-02-01-01-17.wav
-347.44336,112.37292,-24.596802,17.74331,11.943771,-10.238305,1.4763645,-14.392442,-27.945887,-1.7436641,-10.700231,-11.626171,3.100254,-9.141566,-6.5271087,-5.666435,-12.007981,-3.510556,-8.542173,1.2523421,-7.8823066,-3.1511936,-11.62943,-3.234644,-7.7858086,0.42691916,-6.739923,-1.3262057,-8.851601,0.072469704,-4.2640023,-1.5039327,0.54704833,1.4736576,-2.8734126,-4.2580643,-3.8062687,0.08796967,0.5024698,2.0270913,sad,17,03-01-04-02-01-02-17.wav
-438.37262,87.539604,-16.635565,18.63577,6.552007,-1.2289602,0.779398,-15.8276,-16.8094,3.6867704,-1.2400258,-9.069742,8.286375,-2.6587405,-2.4195316,4.9127307,-3.7345643,-2.3649962,-2.656993,-0.27349404,-5.0102725,1.6060984,-4.5722284,2.582887,-0.447931,1.8129289,-2.1441145,1.8754487,-4.3422103,-0.45532665,-2.0905643,-0.63417095,0.03754719,1.4421967,-3.3069177,-1.7685965,0.5017316,-0.33296505,-2.7801633,-1.7106564,sad,17,03-01-04-02-02-01-17.wav
-329.3337,96.163574,-22.124712,16.50512,9.704224,-9.373771,-3.7680092,-12.840131,-29.500963,-1.7607604,-11.600663,-18.022326,6.7233996,-8.753173,-10.086324,-3.3067362,-8.217574,-9.289319,-9.513125,-0.042116504,-9.965537,-2.6086023,-9.917463,-0.6754974,-6.2493243,-3.1619813,-6.0426383,-0.21230443,-7.5537267,0.2492635,-5.7683063,-3.0194702,-3.9519174,-3.7104123,-6.5975747,-2.5241795,-2.900248,0.8314382,-0.05477912,-1.2214346,sad,17,03-01-04-02-02-02-17.wav
-440.94037,106.24741,6.0457306,20.622257,13.397222,1.519334,1.9334981,-4.29443,-5.9123573,-1.8511895,-6.210977,-2.2108638,3.0477266,-2.5572636,-3.650942,-5.332902,-5.1149096,-5.565845,-1.6331495,-1.4532107,-5.2514005,-1.7155892,-8.047998,-2.1365066,-6.2417927,1.0370768,-5.897464,0.52501714,-4.894631,-3.9997015,-4.733438,-2.2958858,-0.6098449,2.0112686,-3.656838,-1.4817115,-4.123322,-2.2066789,-3.7202547,-2.541297,angry,17,03-01-05-01-01-01-17.wav
-412.911,117.76297,-1.05398,19.67204,9.258645,-2.3596442,3.2940836,-7.5383863,-6.1142087,0.47415864,-12.183075,-3.9375362,2.320634,-5.66128,-4.676136,-3.5628078,-5.6015987,-5.1631303,-4.1109385,0.9745987,-8.627855,-2.2285578,-7.7485085,-3.9117422,-7.7791886,-0.5914705,-6.6729116,2.5901415,-3.4680889,-2.4195106,-2.123186,-2.8906052,-3.905751,0.43965888,-4.3100395,-1.1005113,-1.3039196,-4.2772603,-4.4392076,-3.1087976,angry,17,03-01-05-01-01-02-17.wav
-340.36987,100.68244,-23.049398,23.65063,8.369192,-15.278164,9.96105,-16.58303,-19.757084,3.9193046,-14.183692,-9.193481,7.216033,-9.703968,-4.489883,-2.7075942,-5.628557,-7.425546,-3.3036137,-2.965819,-13.086526,0.86166734,-10.950542,-1.4022331,-9.121296,-0.17620677,-5.156602,1.9889513,-6.8283477,-1.8108519,-4.6944866,-2.4736526,-3.6131132,0.101152435,-6.3035493,-2.4409933,-4.0791554,-2.7497165,-5.824119,-5.2255454,angry,17,03-01-05-01-02-01-17.wav
-399.98636,105.05505,-4.6690435,20.42638,8.394671,-4.373899,7.477309,-17.936901,-16.180492,2.375332,-12.004783,-8.206408,6.311845,-3.3294663,-5.122339,-1.104547,-7.329463,-7.4075146,-1.0510601,-2.1665692,-12.867795,-0.9247159,-8.283431,-3.783308,-6.834516,0.71980846,-6.5520997,4.2714906,-9.683382,-1.4393718,-3.2254906,-0.41255993,-2.972512,-0.83617216,-4.828432,-2.9695861,-4.397264,-3.0096955,-3.7134452,-5.107344,angry,17,03-01-05-01-02-02-17.wav
-230.29123,98.34419,-34.255905,20.633865,8.184079,-14.600067,0.6310844,-5.9066653,-23.567791,3.0184002,-13.606403,-13.923153,6.527572,-9.288653,-7.4553733,-3.9312959,-12.237886,-4.9772644,-5.8746257,-3.0577567,-9.881356,0.6819058,-6.786204,-0.7832222,-0.5432525,5.494857,1.0579253,6.3007812,1.4444829,1.604473,-3.2176485,0.3486152,1.8162374,3.3782773,-1.7002319,-0.2555258,1.5338324,1.3364885,2.1017718,1.2256606,angry,17,03-01-05-02-01-01-17.wav
-175.44887,86.63033,-35.89891,13.440253,3.6567454,-22.344233,-2.4634628,-8.863242,-26.836203,5.99348,-9.711418,-12.301981,8.130491,-9.547518,-11.812846,1.6317817,-12.661827,-2.1954281,-3.83693,-7.3785763,-8.867251,-0.9687449,-5.4894347,-0.7445287,0.57770807,4.6111374,-1.4230529,5.2756314,-0.9026614,1.7874001,-1.9088682,0.3794961,6.093256,12.814941,10.539017,14.189702,8.092551,5.116432,2.5214307,3.0875657,angry,17,03-01-05-02-01-02-17.wav
-216.38547,87.443146,-33.21211,9.762238,4.8275223,-19.111217,-1.8403275,-3.8236036,-30.287676,1.6389169,-11.822521,-13.258932,5.5409064,-8.466324,-7.0946274,1.9067137,-12.86145,-1.6573389,-6.790265,-3.416163,-12.333757,-1.1019189,-7.1316004,-4.906232,-7.4041066,-1.060104,-7.9534464,-1.204636,-7.5684557,-6.2330713,-6.280801,0.6774043,2.3343272,10.058212,7.2148876,6.6121016,3.5770116,2.5480657,4.5998077,8.606874,angry,17,03-01-05-02-02-01-17.wav
-222.60338,80.521935,-34.68459,14.247075,4.4249244,-15.277502,-2.629764,-10.617805,-30.443653,3.208323,-10.313024,-16.570452,8.813115,-8.591909,-12.242879,3.0326598,-14.041458,-5.2712164,-6.7333064,-4.8719554,-11.6974745,-0.07730711,-6.868904,-8.889556,-6.4885736,-0.29727373,-6.53373,3.3924286,-7.269239,3.3247335,1.3136894,4.439034,7.072854,7.620413,0.6430338,4.4162936,6.1853566,5.4161353,6.4904914,7.6721854,angry,17,03-01-05-02-02-02-17.wav
-335.70334,111.317345,-4.4477363,15.618465,14.854234,2.18479,-0.0965585,-10.846259,-17.985294,-1.7411512,-6.0216417,-13.895,3.9001563,-3.1146774,-6.6836658,-0.9705788,-6.866399,-2.0171878,-7.691165,-0.86235076,-9.792109,-2.080607,-8.71972,-4.1182003,-6.394322,1.3364335,-6.8966937,1.4913998,-8.465621,-2.7619176,-3.5886347,-0.4153015,3.2299228,5.899567,2.4445581,0.1941149,-0.97089255,2.9503112,2.3152857,6.164297,fearful,17,03-01-06-01-01-01-17.wav
-387.8286,95.2918,-5.824347,14.691571,10.964659,1.7847736,1.8439046,-7.4322667,-13.850986,4.560185,0.33909938,-9.5714035,5.715525,-2.5584548,-5.4398675,1.3972362,-5.06445,-0.15601696,-5.33869,0.57294655,-6.5387,-1.773162,-6.0362053,-1.7365531,-3.898522,1.1025413,-2.406082,3.0344644,-5.442937,-0.9928297,-4.195774,-2.1998677,-1.1277248,1.2650098,0.43510318,1.471237,4.158628,4.77238,4.702706,5.196089,fearful,17,03-01-06-01-01-02-17.wav
-447.54926,74.64963,-13.620659,12.3854265,12.332654,3.3936062,1.2525939,-11.969148,-16.42622,6.6119313,0.31125182,-6.724861,7.766048,-0.5868772,-4.2823358,5.0680413,-2.7625523,1.5048281,-2.3830113,2.2604675,-2.7818818,0.87176913,-1.6431274,1.7180116,-1.5969906,3.1308198,-0.78915,5.3543262,-1.9962574,-2.0777688,-2.4613256,-0.8763007,1.0974764,2.601497,0.07509843,-0.42638075,0.92371315,0.91951215,-0.55866313,2.3559136,fearful,17,03-01-06-01-02-01-17.wav
-278.48605,64.20203,-9.535116,12.871913,2.318346,0.58622295,-1.089384,-1.9288838,-12.441782,3.020929,-3.5042431,-8.644306,2.416658,-6.052009,-5.012705,5.31615,-11.841574,-0.05636462,-4.6655064,-6.548656,-3.652144,1.6531638,4.3780828,9.717194,7.5667386,11.831802,6.326474,5.944952,4.6811986,7.4290476,3.729688,6.821007,6.177804,8.641739,8.7302685,3.7811036,2.5287702,2.5014012,2.0345242,6.3405657,fearful,17,03-01-06-01-02-02-17.wav
-240.99359,69.98178,-6.8811603,11.513096,4.600895,0.81383675,-1.339958,-1.8700347,-9.068151,-2.0454574,-2.863131,-8.650231,-4.7820053,-3.483174,-7.76131,2.901105,-6.4979877,3.837773,1.0801435,-2.4474897,0.27951574,5.8877077,6.3449564,12.105406,8.662707,13.572496,3.723068,6.079133,7.7139664,11.376374,8.05432,8.304175,7.543403,8.826204,6.0980453,6.0931706,3.963126,5.6284084,2.0805228,3.4561899,fearful,17,03-01-06-02-01-01-17.wav
-277.74,67.26877,-15.589582,8.920935,4.723255,-2.6492496,-5.28033,-4.4558253,-10.841673,-0.027224435,-2.0209236,-9.486069,0.4596334,-3.6372986,-6.9116125,2.5888472,-10.854803,0.9022413,2.2305615,3.5952759,4.342504,4.673207,0.38675976,6.977867,5.7303376,14.600059,10.407237,11.783768,7.2641244,7.368488,4.288698,4.7903976,3.476439,4.6779,2.7764661,5.0119147,4.417306,7.491457,7.859632,6.672827,fearful,17,03-01-06-02-01-02-17.wav
-252.11063,65.617004,-19.742249,5.670898,0.22213751,-1.0924878,-9.490768,-7.507825,-18.330973,-0.9151248,-2.6934679,-13.445328,-0.5050578,-6.085826,-10.302432,0.6439376,-15.202637,-4.437659,-1.1478971,-1.4031925,2.6082203,4.807912,4.5228586,5.4456177,2.1176593,9.916293,6.9096365,12.057202,6.4984846,8.665475,6.811142,6.507819,7.885592,6.287817,2.4262838,1.2254028,2.8858564,4.953253,3.2080026,3.9963865,fearful,17,03-01-06-02-02-01-17.wav
-286.6944,55.953556,-17.804071,8.91501,4.4410915,0.1491365,-7.694757,-3.8101869,-11.210292,-1.7172238,0.3065429,-9.364676,1.6769668,-5.2049866,-4.3254724,4.8051753,-10.191311,3.5358028,2.2124965,3.466887,7.2783303,7.729805,3.9970348,6.461693,-0.55667603,4.9770823,3.2005405,6.2056775,1.6410469,2.8562639,3.4561899,7.6573424,6.368586,6.812361,3.698583,4.4334054,4.7730517,6.127595,4.120057,5.433959,fearful,17,03-01-06-02-02-02-17.wav
-424.43967,100.344635,0.20685181,26.926939,6.2698584,-2.3179457,-1.6577487,-4.4863534,-11.105401,0.50071126,-11.199947,-4.9411592,1.6259189,-6.3432508,-5.2017894,-1.1877564,-4.339277,-9.188759,-1.7349963,-2.2278101,-9.579771,-1.8696847,-7.4687734,-0.73231524,-4.41089,0.80221903,-4.4025097,3.0972161,-7.580877,-2.1023571,-4.044255,0.5544366,-2.6327245,2.1739743,-3.7908123,-1.3950849,-1.8596042,-2.1892211,-2.5540614,-1.315244,disgust,17,03-01-07-01-01-01-17.wav
-444.2877,111.33305,7.7142744,25.792341,12.464453,1.1354489,0.98907155,-2.9796705,-12.010245,1.2253697,-8.610551,-7.0506163,3.0928981,-1.1655052,-3.9208875,-4.202658,-3.0243516,-3.1513712,-3.1702418,-0.36491483,-5.6155987,-1.9812784,-4.269538,-2.5113027,-4.035956,0.2506991,-5.435899,0.29554844,-4.515107,0.5827645,-1.5643138,2.6198494,-0.8670872,2.9221804,-0.7224355,2.0668778,0.2752971,1.2938825,-1.0186907,0.3543615,disgust,17,03-01-07-01-01-02-17.wav
-397.66315,91.28797,-0.7654928,21.66228,8.894297,0.37748006,2.4637876,-11.568867,-15.786976,3.5057023,-12.828114,-9.685726,3.9811432,-6.4235625,-6.522814,-2.3897293,-6.0572476,-4.5065894,-1.1463654,-2.4257205,-9.505624,-4.0528555,-8.828628,-4.9836597,-6.448116,0.22416179,-4.7815576,0.91818273,-4.959045,-1.9270177,-6.1331797,-0.6927122,-4.305949,-1.1111151,-5.5748763,-3.6239269,-4.0252414,-6.8283052,-6.867099,-4.4629016,disgust,17,03-01-07-01-02-01-17.wav
-428.54184,97.75226,10.707471,23.669447,5.61275,5.690888,8.27486,-10.432162,-15.014952,5.3063083,-14.627439,-6.7764874,2.9872766,-7.729333,-3.9364662,-3.9351559,-5.909993,-3.648804,-0.89572644,-4.5123234,-10.891133,-3.3468845,-8.279415,-0.58059615,-6.737121,1.6432389,-6.377699,1.9071255,-8.752984,-2.0494213,-5.8670554,-1.4529809,-2.2008352,-2.4385955,-3.1792965,-3.2008688,-3.9236498,-4.1894207,-5.458832,-0.4985705,disgust,17,03-01-07-01-02-02-17.wav
-391.5694,68.987404,8.268594,15.161975,4.0660825,3.0609202,-12.300135,-5.512527,-9.1062765,3.1891198,-15.171534,-3.0967722,0.15260907,-5.130763,-2.0330803,-5.326628,-7.8664308,-5.0840545,-3.6224523,-1.6431679,-7.2393847,1.9633099,-4.6216516,4.5462646,-0.31458443,3.1143575,2.77487,3.0459867,3.5500336,2.7164326,1.2446826,3.8811882,1.8768171,5.039937,-0.49957258,1.7380445,0.7457405,2.2418778,1.4303838,2.2207189,disgust,17,03-01-07-02-01-01-17.wav
-392.98517,81.72348,7.9828873,11.95972,5.7887416,1.9273045,-14.731288,-7.787993,-12.820511,1.0867876,-16.469103,-5.809533,-0.052459273,-8.373393,-5.6837254,-7.8488107,-8.600198,-7.2477813,-3.7338076,-3.2766213,-8.258251,1.779287,-3.3059957,1.2407956,0.21864597,3.7257016,-0.05813894,1.9775434,1.1389002,-0.7147735,-0.86911553,3.3320165,0.48245835,1.7742808,-2.730211,-1.1536717,-0.7961996,0.8930799,-0.37035075,0.498366,disgust,17,03-01-07-02-01-02-17.wav
-443.7377,49.255585,13.866062,10.1324835,3.3802323,6.478346,-7.9965267,-4.785682,-11.1053705,7.230556,-7.0878043,-4.6417418,0.619781,-3.9567783,-4.591227,-4.4195633,-4.476004,-4.162889,-1.3779129,-2.4655232,-7.910551,3.995318,-2.6496863,-0.93781126,0.052809134,2.2669966,-0.58063823,3.1065762,-2.23912,1.9748262,-0.18111107,3.1825902,2.0634582,3.4942257,-1.1766671,0.8714916,-1.5348125,1.9096873,1.1356539,1.0236706,disgust,17,03-01-07-02-02-01-17.wav
-409.37732,57.84411,16.200935,15.778689,0.7630724,4.2297125,-11.123564,-12.073695,-14.410239,0.598872,-13.813819,-9.858254,-0.14775705,-9.969328,-3.3896928,-6.3753786,-7.9133234,-9.045917,-5.2680216,-5.629512,-12.722889,-2.4279463,-9.95661,-3.69322,-3.921541,2.8335116,3.240516,6.600739,2.715441,5.8684726,1.7091007,3.2962184,1.4978518,3.25169,-2.150331,1.2656468,0.50123006,1.574953,-2.3055859,-0.4547882,disgust,17,03-01-07-02-02-02-17.wav
-329.1734,86.15536,-10.781213,10.852269,3.1780214,-4.7194595,-7.7593427,-13.154545,-17.640434,-8.898315,-12.766845,-17.622791,-3.6547194,-8.715773,-8.003658,-6.0049276,-11.513931,-6.8015714,-7.7896986,0.06711601,-3.259684,4.4976125,3.5283835,13.394593,6.5921316,14.208189,4.0492063,9.111116,-1.3994502,1.5348414,0.25356302,2.665535,2.30814,5.119066,-1.9174945,1.2858818,1.0863844,0.90716493,-1.2565595,-0.58414495,surprised,17,03-01-08-01-01-01-17.wav
-393.9234,86.15798,10.139367,17.338755,4.0032964,4.4107246,4.368197,-4.4550085,-7.6957746,1.0256684,-5.685841,-5.9420156,1.3410196,-9.396519,-2.8985364,-3.1128054,-14.243943,-1.3897021,-5.787646,-5.9966483,-5.4685006,0.22460547,-1.26846,3.034342,2.664904,9.821151,0.9838234,7.220578,1.9005773,3.3648884,0.9506718,2.9198518,2.383824,6.130261,0.62892324,3.3173673,3.3081617,4.446197,2.4974403,5.945334,surprised,17,03-01-08-01-01-02-17.wav
-376.24146,69.141426,8.154581,19.71824,-4.315257,4.7449374,-6.6768155,-15.751121,-15.769484,-1.8851305,-11.16801,-16.959734,-4.8987126,-13.21042,-9.047293,-9.310547,-15.454741,-4.6439047,-6.655051,-5.658666,-6.695319,0.9149105,-1.5468079,2.205649,1.1330872,4.593615,-0.95389545,7.006041,0.8834488,3.1589139,-1.4969661,1.3590205,2.486148,5.3012137,0.9851047,1.3574604,0.9708578,-2.6104798,-1.7649266,0.16942774,surprised,17,03-01-08-01-02-01-17.wav
-352.43646,85.092224,6.6181617,18.42382,-3.569028,1.3772775,-2.7238305,-10.310782,-18.494408,-1.8065507,-10.74483,-12.292818,-4.080434,-9.080618,-8.634622,-7.8010855,-14.705865,-8.459424,-5.240056,-8.344283,-11.939772,-4.122805,-9.944108,-5.4707403,-7.469686,3.8634908,-2.3389773,5.427152,0.95856166,5.346676,-0.56290704,4.468788,1.4397355,4.4029884,-1.4760725,-0.4728895,0.64038897,-0.8769291,-0.246924,0.56972915,surprised,17,03-01-08-01-02-02-17.wav
-284.12234,68.12853,5.779832,23.723965,1.2731329,-5.48467,1.6894817,-0.34880707,-4.6852713,-2.7918205,-8.115653,-9.448676,-8.125015,-10.178423,-4.87573,-2.1747644,-12.688758,-5.7287817,-4.6577353,-7.857131,-6.1996484,2.3449512,-3.339533,1.9016489,-3.1271133,5.2943845,-3.731655,7.914543,5.157172,9.740531,3.7251933,6.7508764,4.6106186,7.8565435,6.5256467,7.888102,4.818932,5.3044868,2.867382,5.1413703,surprised,17,03-01-08-02-01-01-17.wav
-349.66937,73.967,9.568938,16.646152,6.2523184,5.181397,3.9722774,-3.2802298,-3.790462,3.0363622,-2.6749547,-6.3178177,0.7717125,-5.7740088,-5.2771864,-4.8064313,-7.81615,0.08115199,-3.6948485,-6.8569775,-0.22087403,2.912568,0.11129476,5.728519,7.3281517,10.210532,1.1999235,8.106795,2.6944375,4.3242807,0.4936337,4.8546276,2.7273188,5.0592537,0.9708936,3.5987883,3.9694448,5.144135,2.8218467,5.9793615,surprised,17,03-01-08-02-01-02-17.wav
-256.28607,62.9959,6.90489,15.885224,-7.3033414,-4.9073486,-4.0118885,0.9366577,-12.5224495,-0.6807959,-8.765125,-10.11911,-5.8289614,-13.491804,-9.308559,-3.668168,-15.161137,-3.184665,3.6094325,-2.9001985,-2.8770916,8.814344,0.9246741,7.9153743,8.056227,10.766095,4.4256344,8.785429,2.3077016,8.00768,4.2308326,4.216704,2.1551776,3.8762126,6.0489354,9.762646,4.574768,5.700052,3.9453104,7.190509,surprised,17,03-01-08-02-02-01-17.wav
-257.45273,59.653603,7.4299765,11.541209,-5.7542586,-3.698976,-6.6685047,-0.8328662,-14.590461,-4.9465885,-9.315154,-11.004515,-7.21819,-13.540841,-8.877325,-6.4618278,-17.696209,-5.496049,-1.1972365,-8.61141,-6.0995235,5.642633,0.2255891,8.279574,6.681491,12.969916,6.791238,9.653866,2.4191499,8.707704,4.1436906,5.0634923,6.2508206,7.3352957,3.9788227,4.7549553,1.6334176,1.7249932,1.694668,5.486432,surprised,17,03-01-08-02-02-02-17.wav
-561.21204,119.88333,4.500107,19.25721,-0.41533044,-13.146704,-4.3055105,-30.896431,-15.420232,-5.3763494,-3.882969,-12.379321,-12.462348,4.419769,-8.271337,-14.438982,-9.5975275,-4.746938,-7.144086,-12.971361,-6.209816,-3.8451838,-13.203463,-4.35408,-6.419539,-8.243082,-8.887068,-1.5053911,-7.932962,-2.7468126,-6.319547,-3.312882,-8.465502,-3.433144,-4.081059,2.1033034,6.9109464,16.375938,20.826834,21.690437,neutral,18,03-01-01-01-01-01-18.wav
-546.9536,114.991974,10.562473,14.114867,-0.62660164,-12.525861,-4.62967,-30.43191,-11.701462,-5.2027154,-4.11202,-11.400182,-13.299435,2.0412195,-6.585568,-17.56896,-9.351814,-4.4389806,-6.822756,-12.135172,-8.105307,-6.490606,-15.873539,-5.9333644,-8.521794,-8.388165,-9.294777,-2.392631,-9.328973,-0.6641712,-8.759242,-4.2613997,-6.7928395,0.087079465,-2.0141325,6.0606804,6.6236005,11.801619,12.151553,14.882365,neutral,18,03-01-01-01-01-02-18.wav
-568.3438,97.52671,22.300457,10.744891,-7.2151546,-9.881469,1.3837837,-27.49359,-15.489219,-5.093727,-6.2521143,-7.1451006,-14.635546,-0.9254216,-3.530927,-13.1577835,-9.404407,-5.1732874,-9.365976,-14.299775,-10.541158,-6.0267277,-15.653072,-5.389348,-6.7829833,-8.668894,-6.684507,-1.3154961,-11.019251,-3.8944583,-10.073966,-2.1523929,1.1879437,12.857229,12.572156,15.623362,9.007782,5.395101,1.9657769,2.9899037,neutral,18,03-01-01-01-02-01-18.wav
-559.39777,117.57013,7.578593,8.399531,-5.6299105,-7.6970587,-9.130901,-29.885048,-18.100113,-0.8879209,-5.2002745,-9.4516115,-7.267288,-0.29173234,-7.989329,-14.304202,-10.15192,-3.8720074,-11.143447,-10.460289,-8.558639,-4.802267,-13.644609,-4.657955,-5.9422574,-7.6374264,-10.677448,-2.5319798,-7.456261,-5.3287706,-8.409862,-3.9325078,-10.170563,-2.9196131,-1.7768563,6.398263,9.747725,17.663643,14.839914,12.292573,neutral,18,03-01-01-01-02-02-18.wav
-508.72693,96.82819,7.481861,16.867516,-2.8821802,-14.411177,-3.5982985,-28.301785,-12.48708,-8.901494,-6.860822,-10.453976,-9.924522,-1.7948239,-8.721357,-15.041012,-10.689271,-9.200572,-12.271561,-8.441322,-9.420223,-10.33294,-10.234516,-4.1306853,-10.989852,-7.3295374,-7.3427114,-4.189474,-3.9651544,7.9990244,0.80887675,12.509077,6.781825,7.599543,1.3808814,6.588867,4.9257956,7.7767916,4.3846054,2.0731242,calm,18,03-01-02-01-01-01-18.wav
-528.9327,98.69643,2.9600163,22.842695,-0.2589034,-13.2986355,0.62872005,-28.508923,-8.576109,-7.5853243,-4.546048,-10.96916,-11.546481,2.1869435,-9.638387,-13.193635,-12.398451,-9.308604,-9.524848,-12.78344,-7.703481,-11.717712,-11.184176,-5.387436,-11.828172,-8.107413,-9.938991,-4.2704744,-7.8633003,4.4349775,-5.7291465,7.006868,4.011665,7.9588227,-0.5037567,3.814657,-1.0162051,3.1934311,6.1991715,9.355233,calm,18,03-01-02-01-01-02-18.wav
-520.93823,89.92587,15.4693365,10.076267,2.7158535,-5.5453534,-5.2929864,-25.059702,-9.85166,-10.778223,-8.261474,-9.152189,-12.073529,-2.2068014,-9.978121,-10.344186,-9.708812,-12.378597,-12.735485,-8.325541,-11.15767,-10.061666,-12.839544,-7.730942,-11.970222,-9.988747,-9.907022,-3.8067796,-3.663293,8.726019,1.9529694,9.255101,0.82023364,1.1369066,-1.8396404,4.757426,6.7668624,9.188537,5.714319,5.139909,calm,18,03-01-02-01-02-01-18.wav
-508.309,86.68386,20.53897,7.5235386,4.2742996,-8.84065,-2.2818239,-27.463139,-12.712267,-9.357738,-9.243224,-7.7604256,-11.745378,-0.1593218,-8.442053,-11.220555,-8.842209,-11.300127,-12.175084,-9.313767,-11.360042,-8.57803,-10.95045,-5.5200353,-10.579189,-6.6585383,-8.387812,-3.6147065,-5.8237257,4.795687,-1.7290827,7.668902,6.850426,6.967192,1.7621742,3.1701295,-1.1330882,2.4881864,5.0163,7.776926,calm,18,03-01-02-01-02-02-18.wav
-539.28357,87.74352,7.8512554,19.878344,-1.0643257,-12.654362,0.60698783,-28.551296,-15.018775,-9.010509,-10.525583,-8.887003,-14.862729,-2.5589383,-11.297793,-12.767334,-10.418072,-11.02396,-11.264426,-7.639806,-10.9842205,-12.044892,-10.823708,-6.5697227,-11.419909,-5.8313975,-10.812452,-4.4010673,-8.257689,1.7637407,-3.25334,10.26725,9.992411,14.244812,10.293877,10.436498,5.902427,6.6682467,6.735759,5.20895,calm,18,03-01-02-02-01-01-18.wav
-557.4117,98.5111,12.790617,22.435663,2.7414498,-11.265878,-0.076085635,-24.51125,-12.62537,-6.5134296,-8.344491,-8.637396,-12.437068,-0.3608977,-8.030007,-12.557009,-9.553592,-10.315492,-9.718921,-7.865189,-11.878447,-11.954285,-13.656526,-7.0071106,-11.774435,-5.8215327,-9.293712,-1.5617435,-11.076524,1.6796414,-8.3477,4.349125,4.006583,7.6435075,4.628748,3.9966958,0.525411,0.47281647,4.134352,7.534084,calm,18,03-01-02-02-01-02-18.wav
-532.5364,83.81831,15.66182,11.652576,3.43362,-8.585481,-2.7800112,-26.757502,-10.151524,-7.8423734,-6.0934095,-8.985245,-14.959456,-0.87507844,-9.624844,-14.019681,-9.736217,-12.467685,-8.95186,-8.632347,-12.756485,-10.407798,-12.67496,-7.434541,-12.879905,-6.704922,-10.009938,-5.5459647,-8.970234,-0.83059275,-9.633323,5.4228315,4.82858,12.162642,11.27009,13.371918,6.0842943,4.807282,1.6488717,3.749276,calm,18,03-01-02-02-02-01-18.wav
-519.23816,87.18748,12.191237,5.5019584,4.0872936,-9.863586,-1.4078517,-28.182253,-10.068952,-10.760184,-10.590272,-10.144163,-14.399705,-1.6969042,-7.703017,-10.745902,-10.634448,-11.413482,-11.023522,-8.695981,-10.896974,-11.939415,-12.939979,-4.8402634,-10.631405,-7.6969447,-9.452991,-5.5922275,-9.3628845,1.5680084,-5.334573,7.6881914,6.140403,10.258311,4.26799,5.7726955,1.5874561,6.6178575,6.052367,9.111368,calm,18,03-01-02-02-02-02-18.wav
-412.00186,93.83859,-23.258268,3.2849562,-4.24568,-18.209621,-8.160942,-34.48454,-17.705067,-14.197323,-13.9266205,-9.821823,-15.298761,-5.8297834,-9.283732,-17.853779,-14.252073,-11.259265,-10.902606,-9.123085,-5.078929,-4.508045,1.1726655,7.2701993,-1.2827984,3.3346217,-0.38481134,5.742132,7.6980257,8.266584,1.888726,6.409355,3.5361242,6.5356827,1.2468643,0.2640148,-4.412342,0.15379617,-1.6439129,0.9038794,happy,18,03-01-03-01-01-01-18.wav
-422.3624,87.78713,-24.835052,9.037055,-4.603583,-26.67176,-11.537084,-33.671432,-14.244561,-6.219068,-12.528025,-14.271928,-15.842603,-1.3918138,-11.799371,-16.907469,-7.883994,-9.76984,-14.306336,-9.595683,-8.447818,-8.811646,-1.3678997,15.828149,13.142415,19.76548,11.33414,5.216224,2.6861992,1.1875246,-2.1178544,5.2756786,0.30467084,2.6954997,1.2083404,4.5664845,0.5154663,-0.81350183,-6.791497,-2.065859,happy,18,03-01-03-01-01-02-18.wav
-471.14032,93.59369,-14.723397,11.972592,-2.5087006,-15.6709385,-11.8436985,-32.807354,-15.253209,-12.42567,-11.552913,-10.089976,-15.380385,-1.2228693,-8.488524,-16.560017,-12.333037,-9.065583,-13.790657,-11.952817,-6.9173393,-8.904768,-8.883842,-0.7689213,-6.9366508,-2.8536406,0.28253087,5.123936,1.6658653,7.8067575,-2.54932,2.8802607,0.20355673,7.3517494,3.8614042,8.254477,5.037375,3.1674726,2.2765684,3.5435827,happy,18,03-01-03-01-02-01-18.wav
-448.34567,83.48285,-13.376784,6.204754,-5.108887,-25.38344,-13.340076,-31.834856,-15.983047,-10.149582,-13.497422,-13.948845,-16.66299,-4.4680786,-10.231564,-16.459587,-11.819445,-11.595276,-13.151772,-12.285133,-9.072965,-3.6726742,0.7732391,7.9277387,1.459401,9.180773,3.9266226,7.6332,8.221241,11.27205,2.342949,4.015504,-4.384172,-0.7074407,-2.23274,2.1216903,-1.3225693,-2.0350382,-4.1066847,-3.2815561,happy,18,03-01-03-01-02-02-18.wav
-277.28885,20.56936,-51.992126,-20.67704,-20.030804,-20.974747,-14.810288,-16.329187,-30.892366,-5.201762,-17.298872,-11.1708145,2.7674515,22.378813,25.86173,24.223532,9.929831,2.7921999,-2.746017,4.523512,0.18186842,-11.179114,-15.84813,1.3146362,-1.3749125,7.929428,-0.19932444,7.339588,5.700256,1.7668973,-7.94269,2.5519423,0.029348027,-1.6932372,-1.346695,0.411096,0.39613134,3.73306,2.9350338,1.1233509,happy,18,03-01-03-02-01-01-18.wav
-288.0486,34.64188,-43.755287,-12.895768,-17.89726,-14.556818,-12.346192,-13.432374,-22.956675,-4.7193713,-19.156868,-10.07339,0.7441529,17.693493,16.190952,19.29519,11.542328,7.1057096,-1.01882,4.6627173,0.79958,-0.64048123,-11.288443,-1.8034728,-3.57026,7.5049386,1.3222767,6.056037,4.149432,2.1279702,-5.1736856,2.8626297,-1.3853222,2.6459801,-2.1392095,-1.3664402,-0.6718964,1.9415653,-0.014449039,0.74431485,happy,18,03-01-03-02-01-02-18.wav
-275.42944,23.018208,-66.297676,-12.964158,-22.20807,-28.949118,-19.36534,-20.508287,-28.237658,0.32554963,-15.450947,-14.761912,0.08662346,10.560602,15.558863,26.34009,18.507889,14.024234,-2.9760227,-5.447786,-4.1084456,-0.4214685,-9.471086,-1.00618,-12.967394,1.0039732,0.5690029,1.9645365,-2.8046992,9.286511,1.9505374,6.5964847,-3.2203841,3.2100997,-0.52495104,2.5489945,2.4006367,0.037368186,-3.7769454,-1.3294739,happy,18,03-01-03-02-02-01-18.wav
-281.49753,9.655866,-53.88061,-21.361284,-22.765305,-24.226374,-19.423225,-19.305593,-24.123505,-1.4284803,-19.292717,-10.473036,-1.1247616,15.3585205,23.339174,27.578535,19.188251,3.4772372,-4.738582,-3.2243445,-11.376195,-10.558475,-12.181653,2.6344764,-6.3358417,5.01814,2.4657772,7.0465946,0.0837207,-3.8653276,-8.156087,7.5258822,2.4357202,-1.3737708,0.83257806,4.8308067,-5.261961,1.7210256,4.9037805,1.5425987,happy,18,03-01-03-02-02-02-18.wav
-459.4201,105.37639,-20.007893,-2.117122,-0.53831285,-28.130161,-0.21251224,-24.342728,-27.05756,-5.979763,-5.5755787,-13.77564,-6.75727,-11.1513605,-6.77674,-10.190291,-12.151809,-7.6281915,-8.67203,-13.511585,-6.7951093,-4.148248,-8.320231,5.5394964,2.2450044,11.2412405,7.657515,6.6699758,4.9537487,5.7713404,8.781575,9.025586,4.512409,3.5222878,-2.0752504,2.1948586,2.1561604,3.2231765,-6.437579,-5.7660947,sad,18,03-01-04-01-01-01-18.wav
-467.549,95.80743,-16.674335,-3.0856104,-10.820285,-20.739592,-1.595892,-24.133894,-26.884686,-5.029501,-9.223969,-16.58304,-6.975993,-11.9137125,-7.5656366,-10.089644,-11.007726,-9.2715025,-7.528981,-11.066778,-5.9320035,-0.8422656,-7.555004,7.5027733,1.7091697,8.420053,2.6265419,7.3775544,4.929409,10.330175,7.2705293,7.0213895,1.5780935,2.1482832,0.10620124,5.3171973,1.5682368,3.2008414,-3.0858421,-1.2055225,sad,18,03-01-04-01-01-02-18.wav
-530.33887,89.999084,16.304575,2.8347943,-7.618866,-12.3205185,-0.23440525,-29.438166,-17.058895,-8.774257,-11.445666,-8.75662,-14.027851,-1.3042322,-8.54317,-13.329241,-9.75476,-10.419022,-11.317111,-12.452425,-9.90968,-7.113703,-15.29688,-5.6948366,-8.038098,-9.411878,-8.19901,-1.3548048,-7.277196,5.0513415,2.6439006,10.878531,8.374235,11.804479,6.6550245,9.503647,10.49885,10.08665,7.4475265,4.391962,sad,18,03-01-04-01-02-01-18.wav
-506.0865,93.04536,7.62377,-0.9594775,-6.082389,-13.339744,-2.2018983,-29.216335,-22.722946,-5.6704745,-12.447417,-8.419066,-12.785598,-7.8848753,-4.9531355,-14.276649,-9.256801,-10.4278345,-10.010895,-12.874658,-9.1258955,-8.792849,-13.549093,-6.757805,-9.961485,-7.665121,-7.990089,2.7184284,0.7761286,11.551357,8.7164,11.708091,10.06407,11.098246,9.980683,10.159855,7.298829,1.0623953,-0.3726136,2.152307,sad,18,03-01-04-01-02-02-18.wav
-370.40692,54.178413,-53.048492,-19.476732,-29.22499,-26.085028,-18.709297,-25.193094,-36.66432,-13.781418,-0.85845196,-19.07308,4.6389847,11.190358,9.3383045,14.921997,5.3649917,12.392772,8.628512,9.938189,0.8933678,0.05850616,-20.203827,-0.9920248,-3.487931,-0.15573825,-10.058088,-1.2202344,1.4566182,3.1161044,-11.767449,-8.832266,1.49038,2.6444237,-0.9436436,1.4909091,1.1592014,2.4196043,-4.1185584,2.6837866,sad,18,03-01-04-02-01-01-18.wav
-351.96912,54.348267,-48.80963,-12.487991,-26.997442,-31.694464,-20.78506,-29.967295,-38.301888,-9.735804,-1.1184819,-22.777344,0.17087957,1.0482644,-0.18360783,9.958788,5.6519437,12.513715,9.434807,12.701857,11.605631,8.293833,-11.651382,0.35192037,-7.5740094,-1.1755861,-4.72644,-3.2829707,-6.0604296,3.185063,-3.309335,-5.98837,-5.148358,-2.0612204,-0.16512898,2.5480332,2.8878155,4.311459,-2.7120824,-1.7013284,sad,18,03-01-04-02-01-02-18.wav
-378.2464,59.541428,-41.645805,-17.942366,-11.152212,-36.95556,-22.712965,-31.083027,-35.120876,-6.573441,-0.53823733,-23.189308,-5.241441,-6.481142,-12.100667,-3.2413697,-8.311076,3.4978325,5.7480955,14.841477,16.267967,25.593437,6.4333453,8.893784,-7.9236174,-6.691441,-4.6918783,1.0913695,-0.6747657,-0.9067181,-8.279973,-3.8469718,-2.0886562,0.625826,-1.7678125,-4.6350403,-3.2676792,3.4730968,-3.3728147,0.5506414,sad,18,03-01-04-02-02-01-18.wav
-367.2264,46.576504,-47.980495,-14.580033,-16.29803,-34.631355,-21.841286,-21.852974,-38.437866,-7.865259,-0.72266024,-24.475187,0.15023063,-8.892591,-5.0836086,-1.9033601,-5.270374,1.2875886,9.181273,15.554291,20.217045,23.155884,0.67091364,5.4634714,-6.0870376,-3.2669885,-2.8369594,4.3722544,-5.391355,3.9464633,-10.655458,-4.448118,-4.6456685,-2.7712278,-3.9473944,0.87943846,-0.625909,3.6491194,-2.650907,1.5701048,sad,18,03-01-04-02-02-02-18.wav
-392.14157,94.849495,-43.37917,-0.70441204,-18.431473,-23.574078,-8.531064,-27.872528,-30.42253,-2.397435,-9.102022,-10.9176235,-8.304698,-12.425264,-7.9421473,-16.663073,-14.178467,-5.7277946,-10.908419,-5.158605,1.4487609,3.409027,2.4995317,2.45706,-4.440224,-4.9490757,-7.0388393,-0.44519326,-0.37403297,6.959032,1.2107095,4.847621,6.7445607,7.942153,4.9825263,4.1349106,-0.0810889,-1.5329255,-1.6343828,1.8202245,angry,18,03-01-05-01-01-01-18.wav
-397.622,80.40226,-22.463484,5.828891,-18.037386,-11.982732,2.029344,-21.300049,-22.800451,-7.81011,-9.0722685,-6.289668,-9.544005,-10.108802,-7.243662,-9.769913,-14.998759,-9.920205,-7.6588006,-8.0545435,-5.35651,-5.5648694,-2.9346526,0.5670415,-4.962456,0.732187,-2.8872929,1.6681186,-1.3119926,4.0213194,0.36220032,10.043943,5.0029078,7.712759,3.7893407,5.0541034,1.187072,1.2135483,-0.9740075,1.3685566,angry,18,03-01-05-01-01-02-18.wav
-363.23648,76.7811,-24.69954,-4.1391315,-19.015387,-21.64429,-9.552099,-27.919622,-32.061405,-7.942472,-10.587339,-10.466116,-11.790986,-10.473443,-8.038234,-14.18281,-10.128849,-6.855537,-8.33438,-5.900672,-3.1510239,-4.0955215,-4.510879,1.1027843,4.2972193,9.16803,7.7707605,9.407608,3.7960963,6.827266,-2.0347104,-0.0649528,-2.4936638,2.56977,1.7425777,4.2699566,1.4638349,0.2699389,-2.7106216,-1.0248914,angry,18,03-01-05-01-02-01-18.wav
-381.41177,84.82059,-27.319977,-5.8634677,-17.83518,-23.249573,-9.1168995,-26.128086,-30.351137,-10.003943,-8.981257,-14.390264,-13.312668,-9.912096,-8.051012,-16.323576,-10.36914,-10.008201,-7.744634,-2.5584946,2.359711,3.6469417,1.1889168,-1.624171,-2.587489,1.3332638,1.6411171,9.35255,2.1638656,10.764604,5.2652593,6.622318,2.322735,-0.5225525,-3.034304,3.8484607,1.3781632,-0.111642495,-4.693274,-0.6211777,angry,18,03-01-05-01-02-02-18.wav
-223.44292,4.3225317,-69.60803,-9.605499,-35.18591,-22.119411,-14.229952,-10.838373,-27.906359,-13.406686,-12.189718,-14.791198,4.7439504,12.0507765,28.948376,19.689802,9.165512,-8.660952,-14.039271,-4.5328283,2.8137321,6.443058,-11.3440895,-10.168412,-5.6329913,6.3563576,-3.4165134,-0.4016568,6.786898,11.635347,-5.027698,-2.3063424,-3.4738982,1.643027,-3.2064364,0.043380175,-3.655436,2.1752956,-2.1991408,2.6259801,angry,18,03-01-05-02-01-01-18.wav
-215.2891,-14.193661,-71.905396,-15.235592,-37.430725,-8.990448,-14.292454,-10.11375,-21.589241,-14.025243,-11.43185,-0.7148288,22.316586,29.630655,29.306322,0.67344296,-10.752615,-15.030189,-7.6200085,7.5051355,-5.7149887,-8.421919,-9.2772875,9.008945,5.2791963,1.6597388,2.314218,5.3755984,-1.2599068,-2.5394027,-7.974287,2.529081,-3.1285684,-3.7260656,-0.31655622,4.663751,1.0788302,2.0045977,-0.33225122,3.6512103,angry,18,03-01-05-02-01-02-18.wav
-225.45021,-12.498258,-66.57414,-20.985014,-36.829494,-15.837608,-16.144938,-12.302474,-23.110909,-7.142152,-16.849388,-16.228416,9.704861,19.13784,30.505207,15.572223,-1.3653742,-14.34256,-8.863932,8.087192,-0.4626938,-5.608096,-16.784765,1.013928,8.023721,2.571254,-4.782406,9.475774,9.918211,-0.15503357,-16.614485,-1.7328273,4.9229846,-2.0147038,-6.1916766,2.4186258,-3.0940516,-3.6825902,2.4448552,10.837859,angry,18,03-01-05-02-02-01-18.wav
-245.23318,-6.386781,-61.79272,-22.383856,-33.942448,-9.163278,-10.400336,-10.920181,-19.046507,-7.726546,-14.421295,-10.581339,6.891312,18.765095,27.172266,17.00152,-2.698149,-11.813307,-5.2971754,7.0464015,0.6487693,-2.1151688,-16.167316,-2.9828484,3.1155725,2.9581547,-0.26621646,3.642751,4.882762,6.039151,-9.323438,-3.58623,0.31634313,-0.2735658,-3.4347363,1.7391273,3.029593,3.0444489,-1.5189695,4.5823164,angry,18,03-01-05-02-02-02-18.wav
-377.4179,86.96715,-22.272814,-16.55142,-12.7507305,-28.0613,-6.575645,-26.71347,-25.948875,-6.6887317,-9.186062,-21.059217,-5.975682,-14.306285,-9.353347,-14.048855,-19.720657,-11.579982,-11.26882,-11.760594,5.476777,10.695989,11.496352,26.67652,10.088089,12.631503,3.3129683,3.6545274,-3.0051816,7.766518,-2.121798,1.8746021,-4.471645,-3.457755,-1.3985585,-0.44366875,-0.089998245,-1.9613843,-5.757577,-1.9709665,fearful,18,03-01-06-01-01-01-18.wav
-389.82394,76.17606,-25.25047,-7.404921,-6.8314195,-22.600273,-11.443775,-23.688639,-24.462917,-14.650968,-3.3000116,-22.981606,-2.4987538,-11.852143,-7.6861334,-10.595167,-19.98998,-8.521315,-12.072916,-9.117075,-1.1074437,10.020382,6.8334765,22.814651,12.042794,14.469294,7.622186,9.062032,-0.07863362,1.1321334,-8.692751,-1.5888543,-2.8440855,-0.2553998,-1.2326581,-2.8544757,-3.2201743,-0.39288557,-6.084759,-4.241132,fearful,18,03-01-06-01-01-02-18.wav
-419.50244,68.61862,-0.9815622,-3.86717,-3.0161078,-17.954483,-3.9807599,-27.024733,-22.341488,-6.9021287,-10.151532,-16.591076,-4.235911,-10.700245,-6.037141,-11.895269,-14.378347,-8.243499,-12.264962,-12.874176,-8.547727,-8.811288,-6.664469,5.4898987,4.959274,16.5696,14.23855,15.816786,8.8499775,10.478631,0.2820933,6.9723625,-1.6616155,3.432116,-0.67924905,3.7194989,1.8344271,-1.5228723,-5.7825885,-4.2513027,fearful,18,03-01-06-01-02-01-18.wav
-398.0854,75.298676,-10.89944,-6.953533,-3.8748744,-26.457092,-3.6896548,-26.120846,-21.992416,-9.526902,-11.31585,-17.180231,-4.6855164,-11.121303,-8.086369,-13.330284,-18.49858,-8.405073,-11.914048,-6.171673,-0.9281168,-2.321005,-1.2061117,6.211889,1.0235273,10.93818,9.620226,15.411065,8.528395,11.520131,-2.1935515,2.7668867,-2.0145113,3.0871441,1.5538157,0.25645852,-1.9692868,0.19800955,1.7341565,0.7222037,fearful,18,03-01-06-01-02-02-18.wav
-284.17307,52.48107,-54.311874,-18.138432,-20.541187,-28.872444,-16.200699,-21.184969,-35.461758,-3.8108644,-9.51527,-23.922802,-5.381899,-11.278875,-6.515113,-0.27599737,10.886457,16.221294,19.794365,15.144188,12.332962,10.111069,-8.593346,3.522145,-7.521335,-3.1059256,-4.4655676,-5.193602,-10.637884,0.63403344,-4.024121,-0.45481864,-9.516001,0.99916863,-0.70639163,3.0025241,1.0075394,1.4882742,-2.6574054,-2.2068427,fearful,18,03-01-06-02-01-01-18.wav
-346.8785,38.58159,-41.36908,-14.352366,-17.735115,-23.359524,-14.676788,-14.680971,-27.22895,-3.185716,-1.9764512,-16.431976,-4.7942786,-1.9355451,-8.677728,-0.9690228,1.3523687,15.118617,23.459066,17.371918,10.783664,-0.22191696,-11.967747,2.8852422,-2.0292115,-2.194548,-8.321107,-2.8268392,-7.4648657,2.0944178,-6.338239,-3.9793494,-6.369733,1.8662177,2.872691,2.175714,0.2973357,2.641081,3.2131257,0.6348088,fearful,18,03-01-06-02-01-02-18.wav
-337.11328,43.982723,-26.249079,-12.623688,-10.467121,-18.509499,-15.900413,-21.87699,-24.91334,-0.38539067,-6.3805594,-16.597435,-4.373839,-10.40056,-13.253081,-7.6640177,-0.23757157,11.874083,14.905722,20.960798,12.185446,8.018478,-2.7462196,3.3155105,-2.4907987,0.11661039,-6.654218,-0.9517752,-6.4589734,-0.21261013,-1.9966677,-1.0084411,-6.8034096,-0.56574464,0.28591976,4.7769175,0.9811072,2.6605923,-1.5253849,3.928975,fearful,18,03-01-06-02-02-01-18.wav
-303.56006,39.206326,-50.560925,-19.590353,-18.502916,-33.92112,-17.079046,-23.252058,-35.4772,-4.290425,-10.569325,-20.114948,-7.1552625,-11.861474,-10.416478,-1.712257,5.859268,21.453176,22.128551,19.377472,15.46083,7.695675,-10.069868,0.94630045,-6.584551,-2.8066957,-5.359244,-3.7839222,-6.167343,0.19436361,-10.680471,-1.0900632,-2.7770326,7.32683,-0.16920444,3.1089435,2.1544297,4.0441804,-3.9951308,-1.6284906,fearful,18,03-01-06-02-02-02-18.wav
-498.02972,93.46819,1.5521607,6.518288,-13.551136,-9.581427,-5.3276434,-14.2878065,-20.7208,-9.07614,-2.321404,-11.847241,-5.240062,-6.7601757,-5.9145913,-10.976757,-14.360024,-5.092295,-8.046988,-11.547084,-6.382248,-6.142563,-10.774388,-1.4850613,-5.6858783,0.41132686,-1.6741102,-0.13311237,-0.7414933,0.6062554,-0.87626934,4.156601,1.3287175,5.593623,3.294846,5.0531497,3.4979422,4.8263564,0.34397042,1.3278931,disgust,18,03-01-07-01-01-01-18.wav
-427.92145,91.68193,-13.01684,0.46234375,-14.498514,-14.020772,-6.102073,-18.673801,-25.812403,-3.7192144,-6.583526,-17.856781,-3.735153,-8.737329,-11.113906,-15.415169,-15.3459425,-6.5955224,-12.633545,-14.192616,-5.88187,-9.808013,-8.7983055,0.1595269,-3.310549,2.763903,0.13539594,2.27046,-1.7924695,1.4284092,2.279341,9.258572,7.6413,8.870611,3.5936189,3.240602,2.8438573,0.16604598,-3.7244067,0.4144365,disgust,18,03-01-07-01-01-02-18.wav
-393.8479,77.15499,-7.0348563,-11.610001,-9.887577,-14.733058,-19.832436,-22.16382,-25.735193,-6.738621,-5.452564,-18.881962,-5.188701,-10.620214,-6.0532193,-15.767587,-13.9088,-7.1187134,-15.66775,-12.708899,-6.1806617,-4.264071,-6.17534,5.208933,-4.6955476,4.7728944,-1.7368069,0.787321,-2.0449107,-0.17280848,0.60530686,4.593065,4.479469,9.064675,6.33403,7.4833593,3.9874158,3.1428196,-4.190797,1.1935356,disgust,18,03-01-07-01-02-01-18.wav
-450.50757,71.77636,-9.3414955,-11.337552,-6.0130677,-14.459323,-14.8501835,-24.474424,-21.551477,-7.0406494,-5.7011065,-14.5804205,-3.5053167,-9.130933,-6.7826653,-9.175774,-10.587266,-5.7080765,-10.082108,-9.10379,-6.889192,-4.4396906,-5.6860657,2.4005535,-1.3159713,4.3047147,2.6608303,5.393207,1.8539464,8.594521,5.577295,6.8700356,2.592262,2.5355315,1.045974,4.06019,1.5775721,2.117956,-1.8362329,2.0343173,disgust,18,03-01-07-01-02-02-18.wav
-394.54605,37.399742,-41.173996,-0.0001578358,-24.313717,-18.29978,-7.296872,-20.58805,-27.244017,-3.9278684,-11.90279,-13.514041,-8.3917465,-12.013347,-7.3592563,-10.8266115,-5.2963834,5.037473,9.368349,12.681398,9.570297,4.983469,-1.4797922,1.8919325,-1.5466659,-1.5468727,-1.1309797,0.3162176,-4.732429,-1.2091329,-4.3720937,0.037147,-0.070814066,4.4521747,1.4516416,1.713221,1.8101801,3.4242253,-1.0099825,1.4255868,disgust,18,03-01-07-02-01-01-18.wav
-395.806,52.47463,-30.388733,-3.436539,-22.836966,-14.880247,-11.36223,-23.612442,-26.514866,-6.7857513,-8.089419,-14.679837,-9.3300295,-10.585404,-10.424995,-15.340189,-13.849918,-8.658078,-4.526215,1.4634161,8.456762,7.820842,8.367714,9.121066,7.348087,9.893036,1.3235676,-0.49328154,-5.025144,1.5637748,-0.103922054,-0.24633059,-5.490315,-4.2686725,-2.485398,1.2229803,-0.17766382,0.67139214,0.41269633,3.1501534,disgust,18,03-01-07-02-01-02-18.wav
-376.9416,52.899277,-26.47598,-11.172743,-15.784111,-19.498594,-9.966224,-23.684559,-22.215708,-1.3339826,-9.060646,-9.9759655,-5.9751616,-9.024656,-8.4699955,-15.7908745,-11.14941,-8.60013,-5.6451764,0.05817831,4.9342847,3.6507223,0.9359661,5.1950445,1.068811,3.625372,3.225187,5.2465296,-0.9996754,0.16701171,-2.8604069,0.8877194,-4.6366854,-1.9886253,-2.5266328,0.3347702,-1.1414572,0.42338836,-1.4739162,1.7182004,disgust,18,03-01-07-02-02-01-18.wav
-358.6281,37.54844,-33.775314,-12.485246,-18.242645,-19.38634,-11.105215,-20.950033,-24.859587,-1.697204,-9.995091,-15.568416,-6.807357,-13.353469,-7.5215125,-8.66507,-3.1773753,3.8100495,2.9850473,2.2168963,-2.5662093,0.26302016,3.1186981,8.623615,6.4845448,1.5994592,-1.2981082,-0.22576736,-0.5314864,-1.161117,-4.779271,0.3829777,2.7983813,3.807476,0.5698875,3.8001769,-0.3936041,-0.18609245,-4.0983644,-0.0684114,disgust,18,03-01-07-02-02-02-18.wav
-460.31067,91.86444,-9.937926,3.6038303,-7.6810327,-24.821732,3.5661821,-34.52418,-18.582054,-17.475307,-14.556482,-9.461744,-14.541117,-6.6168523,-6.5104055,-11.226647,-14.249579,-4.1808043,-7.006877,-4.3246922,-9.655056,-12.190875,-7.64715,-3.9401662,-6.4502945,2.0262053,7.5051694,12.5440445,9.998737,12.332144,1.9194168,7.4871016,0.4558273,7.8345,6.797296,8.683032,2.175807,1.973252,-1.0479279,-0.061383452,surprised,18,03-01-08-01-01-01-18.wav
-474.00974,88.16531,14.731385,6.5543966,-9.628785,-13.125335,4.967263,-29.19672,-19.187895,-14.854527,-12.711902,-11.599045,-11.0235405,-5.1150565,-10.374219,-9.518841,-13.338152,-14.407731,-8.016009,-6.6409645,-8.371617,-11.716824,-9.466611,-2.572757,-9.348122,-4.127804,0.28425366,2.6545086,1.6715536,8.351131,-2.5829844,7.874508,-0.38276103,3.7043676,-0.053983536,5.8180075,2.0060713,2.2647376,-0.061130196,3.7653248,surprised,18,03-01-08-01-01-02-18.wav
-447.70694,73.35901,19.443974,-9.096338,-7.994588,-18.924414,2.8543782,-29.563263,-21.366592,-15.949709,-19.132435,-12.291144,-16.193512,-8.071706,-9.322011,-11.7061405,-9.922141,-10.724464,-14.6597805,-6.220771,-6.1671615,-7.0326962,-3.8821352,3.117371,-7.1787972,-0.32119808,-1.5029615,4.2424536,-1.8264755,7.1996107,-1.0343777,3.7115898,-1.331233,5.3130918,1.744551,2.929995,2.3293054,2.765351,-0.02932198,3.4265652,surprised,18,03-01-08-01-02-01-18.wav
-470.22583,79.95917,14.986305,5.144299,-1.640817,-9.326874,1.8424144,-23.512207,-18.828476,-15.036396,-16.654324,-11.696861,-15.605357,-6.588179,-6.6048665,-13.032567,-13.553467,-11.296067,-10.369732,-8.175377,-7.377182,-9.851324,-8.847292,-0.6112636,-7.4132304,0.3475574,0.79014343,6.5045247,2.889481,8.523819,-1.2209965,3.906592,-1.2092665,4.4055667,1.0629126,5.2302666,0.4862507,0.4427249,-1.9135271,-0.20976897,surprised,18,03-01-08-01-02-02-18.wav
-379.85645,59.08424,-8.287195,8.079755,-3.4386451,-4.2096047,3.0351253,-15.093123,-13.623111,-13.141552,-14.380238,-8.203598,-8.552831,-4.6554527,-7.186454,-5.6734567,-12.364881,-4.949124,-3.8016539,-0.43521452,-0.9587626,0.83698183,2.386064,5.6248884,-0.17126925,3.1816142,3.596347,8.259058,7.9713144,7.4081554,1.3861704,7.883835,-1.3753433,2.0204513,1.0981331,0.6983688,-1.0099164,-0.62097204,-3.8011951,-1.8631401,surprised,18,03-01-08-02-01-01-18.wav
-386.10162,63.579857,3.077694,1.9861857,-14.167333,-8.447365,5.9940567,-18.144098,-21.672432,-14.355466,-15.133683,-10.437792,-14.679279,-3.6662138,-14.233838,-9.273033,-10.435669,-10.670389,-6.875998,-4.7975006,-0.54692173,-1.9902934,1.3793547,8.0022545,-1.3042979,3.3946857,4.640944,2.4534297,5.5543213,8.955429,2.3985937,7.921361,0.13591962,5.0518646,2.053368,4.5212426,-0.11255426,0.40668124,-3.5997663,-1.9572865,surprised,18,03-01-08-02-01-02-18.wav
-389.47546,57.960613,10.0794115,-2.339928,-11.153949,-16.12981,0.31418628,-24.88985,-26.385244,-17.010134,-20.97913,-12.361243,-12.9575405,-5.939003,-12.140247,-8.230798,-13.841841,-11.183126,-6.725259,-5.3077955,-4.0835624,-4.2474165,-3.3607287,1.940638,-4.7365746,4.523178,3.8141844,6.6314087,3.6794114,2.3692744,-2.5692697,3.314887,-4.20546,0.2665553,-0.35539103,2.1330843,-0.7621361,2.31032,0.46179447,0.9989629,surprised,18,03-01-08-02-02-01-18.wav
-371.82687,44.843388,2.4449918,3.7333748,-11.941775,-5.1051455,2.9545195,-13.35051,-15.713111,-11.754696,-13.244632,-9.373739,-10.786502,-4.193291,-10.270984,-5.3485765,-9.227449,-6.0113983,-1.5378914,3.2429328,0.44543862,4.069428,4.479233,7.585373,0.80566806,6.000286,5.897216,4.8555794,4.503199,5.339013,2.2050812,5.7718506,-3.734403,0.5302592,-3.0008588,0.26998165,-1.0481039,2.059749,-2.9052265,-0.8648056,surprised,18,03-01-08-02-02-02-18.wav
-520.73206,139.76578,6.1652765,22.289051,-1.1770393,1.1166712,-7.4404697,-14.980203,-22.812733,-7.792867,-4.767513,-15.063558,4.2529645,-2.5389154,-16.815666,9.408627,-11.365886,-7.1689043,2.4245102,0.926196,-14.08061,-1.4860312,-7.658032,-6.1727033,-3.1896582,-0.886651,-4.990324,2.383187,-3.1884074,-1.0026307,1.4745783,-3.4165175,-4.722009,3.6352165,-5.2557683,1.4337159,-4.886818,-4.8714404,-6.907752,-2.7169402,neutral,19,03-01-01-01-01-01-19.wav
-525.38904,132.45177,8.269424,27.677637,1.1958901,1.8608761,-8.182115,-13.484495,-24.947271,-6.3787923,-5.047113,-11.108651,2.6361425,-5.6304793,-13.815883,5.240109,-8.985157,-8.083114,3.3139093,0.8650243,-11.048195,-2.454368,-7.2311316,-8.264559,-3.262739,-1.861224,-3.4424093,0.9390374,-2.3003678,-0.09899715,1.2886586,-4.634281,-3.1869364,2.5801573,-2.4774973,2.2851126,-4.5543256,-0.8296808,-3.639639,-0.17278755,neutral,19,03-01-01-01-01-02-19.wav
-511.90045,119.40828,4.4709616,32.9491,3.8411098,7.5387197,-10.410408,-16.578484,-27.91047,-2.0932016,-6.027832,-15.134228,2.6742635,-6.198612,-13.231546,8.786853,-7.7885127,-8.456032,6.0614467,-1.4522991,-13.107431,0.060839213,-7.1426735,-7.802321,-2.5869644,-1.8155432,-5.248043,1.0380535,-4.407259,-2.9486604,0.2116535,-4.6243796,-3.8448896,2.203121,-3.347327,1.4987466,-4.7047653,-4.3554473,-6.2179365,-1.8870809,neutral,19,03-01-01-01-02-01-19.wav
-505.4487,114.45021,5.991518,32.808907,0.95313764,7.660423,-13.553458,-23.15114,-26.364958,-7.324363,-7.3493876,-17.119926,1.1657027,-6.557112,-15.381857,8.005892,-9.033861,-11.723617,6.4295654,-2.3025017,-13.66852,0.7647714,-9.759578,-8.062327,-4.616323,-2.657499,-6.0486746,-0.93202037,-4.30411,-0.26531228,-3.927491,-4.576344,-3.8683956,0.88834655,-2.792973,-1.8040832,-8.447338,-7.7623043,-7.6117773,-0.5486794,neutral,19,03-01-01-01-02-02-19.wav
-605.7696,108.66334,31.957823,29.71687,8.036294,14.404697,-11.216926,-8.129641,-11.563304,-3.103828,-2.8340914,-7.4504037,-4.309949,-6.760444,-3.532527,5.593754,-6.5211353,-3.823291,2.342968,-0.59462005,-6.3597693,2.1813357,-10.134853,-3.8040004,-4.06393,0.84745544,-4.297141,5.909732,-2.4955754,3.0224013,-2.3379202,-0.4331871,-3.2307706,2.345998,-0.70054936,2.2114472,-1.848963,1.7966278,-3.2292912,1.5908681,calm,19,03-01-02-01-01-01-19.wav
-576.4452,113.73332,25.496063,29.266949,8.50981,7.9335318,-13.101187,-7.5974107,-18.166956,-3.5035937,-3.1725066,-7.754501,-6.107499,-5.663589,-8.823311,3.439392,-10.073392,-2.4879937,-0.40338227,0.89854556,-6.979396,1.1778208,-7.8137465,-5.8041677,-1.6247851,-2.437771,-1.4488777,-1.018474,-4.8888326,-1.9328413,-2.594221,-4.731207,-0.39912903,1.5699204,-3.296329,1.9003208,-6.349359,-0.84428054,-2.049773,1.759226,calm,19,03-01-02-01-01-02-19.wav
-547.22107,103.21084,21.851206,40.858192,6.6747336,10.754365,-7.153856,-9.853236,-27.568321,-1.7497413,-7.3427186,-10.177396,-1.827588,-7.0314417,-2.8405113,2.25919,-10.974085,-0.5442503,4.829977,-4.0044975,-6.7592506,1.0353258,-8.403687,-5.095005,-0.8699577,-0.41247353,-4.791491,2.3290107,-2.3702998,-0.5071635,-3.437575,-2.1037545,0.54237914,-1.1284162,-0.08834284,1.15121,-2.2396917,-0.00019430723,0.14090088,4.3914995,calm,19,03-01-02-01-02-01-19.wav
-581.4067,96.705956,33.030426,42.86775,7.884331,14.669208,-11.552536,-10.437863,-11.117552,-3.1229389,2.2527442,-8.944036,-4.3673797,-5.7926235,-3.967266,-0.010686114,-5.444137,-3.1306992,1.9649698,2.0505514,-12.928153,2.1908166,-10.12475,-2.601832,-4.737535,2.7133718,-1.3597063,1.0433636,-3.968118,-2.6251373,-5.6678767,0.33593413,-0.7186341,6.842807,4.736059,3.4531643,-3.3170977,-2.9980478,-6.0150275,0.92572373,calm,19,03-01-02-01-02-02-19.wav
-547.4217,99.98501,20.704082,24.249313,4.0090613,9.32743,-13.622805,-8.682988,-19.413546,-12.309484,-4.8673544,-17.420614,-0.78608215,-7.4258533,0.25106817,8.843013,-10.206934,-10.46766,5.107706,-4.421117,-8.993765,0.9203067,-11.511421,-5.2504754,-5.405388,-0.52438843,-3.444428,-1.2733234,-3.3556514,-1.9470806,-3.574813,-2.0264318,-1.3640429,3.5350735,-3.21431,3.0277922,-5.4924583,0.79206276,-4.3482585,2.8030803,calm,19,03-01-02-02-01-01-19.wav
-526.1852,94.31541,24.644848,30.86956,8.888742,6.5809536,-5.476631,-2.6613283,-13.2490835,-5.4256167,-8.374756,-11.337495,0.22122699,-7.4874187,0.46426317,3.7378318,-10.634212,-1.6241707,2.2793958,-2.8519425,-6.7352824,4.318799,-10.767526,-3.280677,-2.6226606,1.1626703,-2.0195267,2.7690866,-4.549383,-0.2935092,-3.510414,-1.6757455,-0.8366848,1.7533545,-3.09169,1.0944233,-6.2649856,-3.7936783,-7.091676,-2.3980951,calm,19,03-01-02-02-01-02-19.wav
-566.8737,92.41356,28.565516,36.311428,14.124315,14.419833,-6.6431036,-10.502155,-10.7838545,0.33191568,-1.8868628,-9.050198,0.009892758,-7.302556,-5.880408,5.8839498,-6.8922443,-5.018793,2.3930318,0.49566972,-12.950377,3.598782,-10.212252,-3.6379938,-6.793989,1.7445618,-3.6167662,-0.54152566,-3.9088044,-1.1440147,-5.688226,-3.3485136,-3.1291993,1.8782037,-2.3124294,1.7870942,-3.1519902,-2.0840168,-3.5682926,0.55974483,calm,19,03-01-02-02-02-01-19.wav
-555.3448,100.40952,28.20016,36.485806,11.439606,10.545835,-12.627213,-8.633744,-21.82393,-7.2288423,-10.141086,-9.396004,1.9663595,-3.5022328,-1.8664523,9.89391,-10.392795,-11.92926,7.7662883,-4.6472487,-9.837397,3.5348828,-10.1316,-3.476434,-4.721127,-1.9276457,-1.427608,1.2508626,-0.44368687,-2.8317535,-3.8864906,-0.571241,-1.8849095,4.3996167,0.002683113,3.2335377,-2.983143,-3.651495,-2.683037,-2.6445515,calm,19,03-01-02-02-02-02-19.wav
-589.70233,98.074234,9.947415,12.44784,2.4306114,9.069121,-9.814154,-9.225684,-12.969062,-3.4093115,5.556215,-9.4276285,-3.260346,-2.1225753,-2.4633975,-0.8412171,-4.774646,-0.6750899,1.7578022,-1.0115539,-4.096751,-0.08065804,-4.3224344,-5.6271114,-0.24766997,-1.8718058,-2.4642935,0.2979171,-3.4448876,0.28941876,-3.6999893,-3.041391,-2.1418557,-1.6384596,-3.3372633,-1.0126656,-4.670044,-2.6173906,-1.8873879,4.6821404,happy,19,03-01-03-01-01-01-19.wav
-484.3336,101.75792,4.919668,19.391998,-1.3426572,10.224023,-9.57443,-11.140841,-12.486061,-10.329453,1.9796106,-18.310102,-4.8631086,-3.1837685,-7.9588265,-2.5508358,-7.89742,-0.056519832,-2.082385,-5.0443573,-6.705496,-3.408894,-7.8955374,-6.744223,-5.3707986,-2.5775158,-4.724532,2.652779,-5.2777944,1.5527308,-0.33487612,0.6591086,0.950336,3.8259609,2.9272428,6.060031,1.2165737,2.5866504,0.16815184,5.9407268,happy,19,03-01-03-01-01-02-19.wav
-560.25275,107.30361,9.688601,22.394642,-1.6369925,18.651012,-12.014475,-11.840411,-15.921462,-5.6780167,-0.47136936,-9.5912695,0.46966788,-5.8258777,-7.762455,3.0253763,-7.4387484,-4.841417,-0.028614273,-3.002907,-5.5912485,0.0855291,-3.658164,-2.5167668,-3.8298376,-1.2601427,1.7238293,2.5767298,6.059388,7.503043,3.7176259,1.8387902,0.4513333,1.8123055,1.7018834,7.9851747,3.4510298,5.1481943,3.1364036,5.5990105,happy,19,03-01-03-01-02-01-19.wav
-536.40204,95.682594,-5.9250474,19.296978,-8.596777,14.1130085,-6.9408784,-10.72451,-15.710387,-3.184794,1.7150087,-12.327733,1.4134593,-3.9051766,-3.5734098,-1.3656148,-9.226305,-1.6616305,3.6330943,-5.7294135,-7.6314387,0.2564004,-4.1017427,-8.036327,-3.1140583,-4.0694666,-4.1687317,-1.9575505,-2.2479873,0.78036773,-4.4996696,-3.5060503,-3.3624072,-3.9349005,-3.9861038,2.7495065,-3.8063612,-0.6895346,0.28617576,6.3342304,happy,19,03-01-03-01-02-02-19.wav
-405.47217,85.58959,8.05461,18.224846,-9.318314,-0.74533916,-15.911004,-8.201494,-18.150322,-11.976809,1.1808119,-15.044244,-4.913465,-3.2757797,-4.9651036,-4.088336,-9.061795,-2.0059006,-4.4447103,-5.789257,-8.084369,3.475818,-1.2228928,6.776948,1.6424106,6.864745,-3.7662096,5.8558054,-2.0620828,6.7563334,1.6647847,1.6338984,0.91511637,2.033744,2.1779323,3.0672,-3.7106724,-3.0105488,-4.165793,3.9905922,happy,19,03-01-03-02-01-01-19.wav
-425.72522,58.926,-21.048546,-1.2837843,-8.78071,1.7954202,-17.089504,-22.40607,-13.135632,-8.709044,-1.1106014,-10.591422,-7.0097504,-6.4600706,-4.76748,0.47036442,-7.949767,5.4473033,-5.319289,-4.157574,-6.1461205,1.8299094,-2.4065998,14.561057,19.86333,27.613169,18.663116,15.134477,-2.6010542,6.2895164,2.0896995,6.0885463,3.7539413,1.7929603,-2.3501651,6.5050244,0.098340616,1.3807061,-3.0704315,-0.6424904,happy,19,03-01-03-02-01-02-19.wav
-441.78503,51.0097,-8.482155,10.401074,-4.781408,3.7071533,-12.685447,-15.406024,-12.355777,-4.0645165,-0.51667714,-11.82725,-1.627331,-3.9012609,-7.059668,-0.32112122,-5.74478,-5.4073277,-2.7760658,-3.8421752,-6.5519032,1.9185947,-1.842326,3.4180257,4.890292,8.210803,1.9460962,7.7160587,1.4292852,7.6816025,7.2973914,5.856023,5.4934335,6.591254,2.92598,6.040634,1.4392993,2.3561666,1.9515555,2.7836645,happy,19,03-01-03-02-02-01-19.wav
-428.33145,82.73383,12.656023,26.30574,-8.382487,2.8815653,-10.508602,-8.41574,-18.374722,-10.108137,-1.0614698,-17.209263,-3.9084914,-4.610153,-5.7823577,-6.6528325,-10.554858,-2.2904732,-0.708899,-5.418689,-6.9728217,-2.383311,-6.2299595,-7.106775,-8.415012,-0.7988961,-8.445903,6.5696144,0.96336514,6.6286697,4.0794683,2.3922365,0.87762076,4.2483454,3.2265134,8.925389,2.1595669,2.3943524,-0.84241164,5.070397,happy,19,03-01-03-02-02-02-19.wav
-531.9287,113.77131,19.577011,23.54788,4.183104,11.627732,-2.6436515,-15.663201,-12.057413,-8.356371,-3.2866569,-14.14265,-0.56905013,-6.857507,0.744466,2.0615072,-13.430015,-0.5773933,-5.0544324,2.6384249,-14.046522,-1.6500425,-4.3982773,-6.522787,-2.3989248,-0.25055248,-6.398904,1.0793766,-5.4437394,2.3894308,-2.5573454,-3.8731906,-3.7973416,-2.6483767,-4.0079613,0.59908247,-3.6328015,-5.0841007,-7.4586005,-4.223409,sad,19,03-01-04-01-01-01-19.wav
-563.0532,110.87023,17.974457,23.695436,5.3814006,14.45474,-4.6901603,-19.019537,-7.8554826,-9.182684,-3.0521247,-12.70812,-4.3216934,-5.8612504,-0.32489848,2.0727623,-9.847255,-2.3785517,-6.022339,-1.6326264,-10.753366,-2.2260368,-6.472337,-3.7221675,-4.910443,0.92530894,-5.6915665,1.4950659,-3.6087236,1.18221,-3.0353932,-1.7795527,-2.967331,0.31653056,-2.9841487,1.9168314,-4.6519594,-3.8029685,-6.329685,-3.3706794,sad,19,03-01-04-01-01-02-19.wav
-525.2134,128.45673,15.61961,23.124062,1.2106333,14.718792,-8.523552,-22.827675,-13.0805,-3.271362,-0.5643352,-14.377301,7.9532943,-7.7149253,-4.668103,4.8712893,-7.325314,-4.3606887,-0.18115063,0.42711943,-12.995912,-0.30520254,-10.648652,-1.3136561,-4.983179,-1.092286,-2.553982,0.8684274,-2.7565572,0.020607946,-1.2376972,-3.936825,-5.5028844,1.3557686,-5.4702725,2.2873173,-5.5207872,-3.5805287,-5.9736075,-2.6680799,sad,19,03-01-04-01-02-01-19.wav
-558.6544,127.59971,15.0656185,31.50775,2.624708,12.463265,-4.143959,-15.238551,-14.7045965,-7.590405,1.9633094,-8.812372,6.295679,-1.3940241,-5.6913533,4.1834064,-8.476293,-5.4076715,-5.5730715,1.5788962,-11.406519,2.8773527,-6.8783545,-5.050213,-3.8085973,-2.5695992,-6.6926746,3.4030013,-3.6147358,1.2696953,-3.5928175,-2.4335783,-3.3922138,-1.663877,-3.1058497,0.2555217,-4.0695634,-6.901074,-4.6055636,-4.894275,sad,19,03-01-04-01-02-02-19.wav
-374.48245,87.62781,-0.06228606,20.181156,9.207521,0.22456558,-24.117043,-14.444356,-10.158678,-17.15181,-8.977575,-11.712877,-9.812791,-5.323526,-5.118653,-3.989575,-5.4063106,0.13788368,-3.3854523,4.282504,-1.0132266,2.9693973,-3.2616582,3.1360056,-1.3519778,3.2746139,-1.1279895,4.056385,4.2045546,7.757077,5.8817606,7.32981,0.13313825,6.1478686,4.030377,6.3131795,2.6863697,3.4230132,1.1030741,6.9516187,sad,19,03-01-04-02-01-01-19.wav
-589.1282,79.144745,-4.0874352,19.146395,6.67637,5.221814,-10.841188,-8.066203,-6.445977,-9.417638,0.09436595,-3.5416045,-4.4524035,-0.06947546,-1.1721642,-2.7511902,-0.6560263,1.6608721,-2.353008,3.9598308,-1.4984088,0.36206588,-5.8679094,5.097246,-3.7798622,-0.54863167,1.3800466,2.9917643,-0.7924641,2.8489518,2.8173075,0.5874594,-0.70785326,3.1942477,2.0438826,5.091103,1.8913783,2.6859727,-0.9504911,4.475817,sad,19,03-01-04-02-01-02-19.wav
-477.57278,116.3431,-1.688489,16.6452,-0.88136727,4.1014876,-27.589287,-14.759426,-8.494492,-25.24257,-15.051889,-6.9112763,-9.718393,-11.628975,-6.470238,-8.595603,-8.718368,-2.7250144,-8.122543,1.6875832,-3.4776237,-7.8743386,-8.570767,1.0156773,-9.166005,0.35716587,-3.3770068,4.171203,-3.8973587,1.6530178,-1.1176673,-2.2440217,-7.2301126,-0.25443786,0.12188553,0.48298624,-1.1539651,-1.7968256,-2.4755468,4.9038005,sad,19,03-01-04-02-02-01-19.wav
-454.10654,112.356895,-11.933058,19.39671,7.811203,3.851996,-26.352436,-8.892223,-11.131342,-25.529837,-6.733322,-11.2041645,-7.773674,-0.7510809,-1.407676,-0.2333698,-5.3866296,0.070389174,-3.336102,8.329766,-6.1933045,-4.351329,-3.046152,4.922267,-2.932081,1.3250879,-2.3207166,5.664283,-2.2171211,1.1354595,-0.22118488,-0.3335473,-3.845525,2.57912,7.84878,7.5245223,10.116547,14.155809,11.892448,17.737774,sad,19,03-01-04-02-02-02-19.wav
-328.43027,79.59604,-20.77696,27.929688,-2.4050896,-12.963584,-11.833523,-7.709658,-20.586222,-11.216592,3.4580932,-16.668814,-1.9872286,-5.6784067,-12.247257,-2.2534516,-8.240546,-6.5529385,-2.891278,-4.766041,-8.901016,-1.329507,-5.2089167,-0.24410227,2.6127844,6.164292,-1.4326358,7.5364056,1.8895746,5.67257,5.8907657,2.9298296,2.0598955,4.0506372,1.4322675,6.0828147,-0.6015696,0.719271,-1.3688493,3.7000902,angry,19,03-01-05-01-01-01-19.wav
-384.32318,102.18163,-8.30444,32.734055,3.5981498,-5.764699,-12.1202545,-4.405859,-18.089338,-7.864761,2.8998814,-18.015877,0.33360028,-2.4618366,-11.584152,0.32327005,-10.129812,-3.2864196,-0.35085398,-0.05029959,-4.9700766,-2.262003,-6.7452135,-1.5096598,-4.161871,-1.4871964,-6.689984,0.70478326,-5.4968286,-3.0874932,-2.3080273,-4.67242,-1.7810206,-2.0063179,-2.7413876,4.9030204,-1.239188,2.2642958,-1.4919155,2.822635,angry,19,03-01-05-01-01-02-19.wav
-380.732,73.13912,-3.3617623,32.495384,-8.323191,-0.70753044,-12.452491,-12.789602,-18.647202,-5.205586,-4.1430893,-18.913994,6.181963,-9.231854,-14.935624,-6.7724457,-13.805791,-0.8363091,6.17146,-4.6357837,-10.219136,-4.3736625,-15.055212,-4.5966425,-1.5933533,4.9363036,8.615777,13.086471,-1.1783801,-0.07377296,-5.526576,-1.9647686,-1.5684763,7.4915543,0.0041923393,2.350635,-8.045563,-1.6152133,-0.5784109,2.5316017,angry,19,03-01-05-01-02-01-19.wav
-367.7185,83.13592,1.0343714,31.566435,-5.4879317,-13.534942,-11.294381,-7.3739977,-24.978468,-9.244049,-1.7333536,-21.740332,-3.1064334,-4.0299644,-6.599373,-4.144975,-11.078159,-1.1623667,-0.97131664,-2.76426,-9.03059,2.7686737,-6.1393995,-10.365249,-7.9351096,-1.5120625,-9.293414,1.33863,-3.7868907,-2.8693829,-2.0033343,-2.2856603,-0.8378627,4.3792562,5.799417,8.503993,4.8743863,3.6820595,1.0686134,5.2852397,angry,19,03-01-05-01-02-02-19.wav
-198.89682,54.04528,-43.128906,16.004133,-16.614132,-24.209549,-16.755575,-5.270354,-23.538933,-10.937726,0.8616516,-21.831348,1.3709736,-5.079447,-15.5749235,-3.923114,-7.2838163,-8.289124,4.177346,2.5469532,1.9682928,8.90642,1.053512,10.25681,7.057887,10.275183,2.6291106,11.250934,6.28575,7.214637,3.7196991,0.102605626,3.0666056,7.7374697,2.8486366,5.31808,0.41803628,1.6658249,0.6748282,0.82071435,angry,19,03-01-05-02-01-01-19.wav
-184.9937,51.695377,-62.58051,2.3067703,-31.962572,-24.148788,-15.59957,-5.521819,-22.166983,-10.023331,6.9309506,-20.327364,-1.378781,-7.0107217,-14.828045,-6.4303584,-2.229743,-8.092868,10.524315,11.546117,9.540924,18.716635,11.582132,3.507498,0.2414489,11.365523,-2.2287946,10.950535,0.18133432,2.2675247,4.176513,3.7936435,0.57669157,3.107177,-2.8132582,5.090555,1.9841256,1.5541168,1.1000153,8.528698,angry,19,03-01-05-02-01-02-19.wav
-151.63496,49.307636,-61.320553,-6.3307986,-29.041739,-20.644875,-23.078253,-4.2325225,-21.446598,-9.59111,4.8879538,-21.588825,0.30853677,-11.758521,-14.173425,-9.071324,-2.5528286,-7.4535356,13.162201,11.550742,5.6304564,13.051289,10.108561,-1.2267048,0.74752223,6.9435067,-6.097917,8.352158,-0.22657096,4.2991166,2.1900096,2.0763152,-4.0118876,5.3434825,-0.5719306,2.6696754,1.8291365,2.7986507,3.315104,7.1496444,angry,19,03-01-05-02-02-01-19.wav
-239.28178,45.249474,-42.240063,19.098406,-15.315551,-25.345398,-19.356108,-7.7582893,-25.231922,-9.761906,3.1529093,-19.254622,-2.2828693,-6.8049355,-18.990616,-7.4587984,-10.012963,-15.181224,2.048794,1.6104248,-3.0614634,4.2020106,3.1930206,-0.96032447,4.3240185,10.694381,5.109348,14.533808,8.132555,3.2240186,1.9908202,2.5458555,-1.3203145,5.1558266,-1.9168918,4.0773354,-0.6227959,-0.89399594,2.2810922,8.036466,angry,19,03-01-05-02-02-02-19.wav
-433.92993,80.66301,-9.578831,19.18943,-8.099235,-6.8846116,-15.809013,-17.791452,-14.276699,-12.592928,-3.5329578,-17.745632,-0.16947897,-8.684051,-13.281446,0.7556959,-10.151799,-4.860794,-0.7516699,-4.016372,-6.546741,-6.1139936,-9.0636215,-5.266659,-8.666599,-1.7391601,-8.241892,2.3613787,-5.347256,-1.7720402,3.150909,-3.8122313,-0.93790054,2.664227,-1.1615853,5.960993,1.0880249,3.4855127,0.26349148,3.8630137,fearful,19,03-01-06-01-01-01-19.wav
-517.362,77.7813,3.3027322,18.510117,4.785666,1.8082651,-13.960257,-13.469462,-6.092827,-4.332999,-4.1629734,-8.323489,-2.868033,-0.78210425,-7.005008,3.6486378,-4.805001,-4.7012124,-4.6368637,0.7263248,-5.3397317,-5.2463007,-5.371648,-1.7409894,-6.2972026,4.589201,-1.8395303,2.9116526,-2.4855425,0.79955494,2.9157689,1.2410923,4.9922123,11.4050455,5.237474,4.612474,0.21729936,-1.7127975,-1.1515155,6.0977206,fearful,19,03-01-06-01-01-02-19.wav
-457.45993,44.107143,7.99109,15.993543,-11.782222,7.7308226,-12.702397,-22.477463,-8.453768,-7.2876267,-13.166736,-14.357263,-4.032944,-8.680569,-10.666044,-1.2249854,-13.513786,-7.0470743,-0.3641982,-6.762289,-9.296405,-7.277866,-6.250811,-0.636975,-4.3570004,8.733614,0.9312749,3.3508027,1.6344203,5.2638507,4.544405,7.7220397,8.460883,11.791161,4.490629,5.9391212,1.2554989,1.0856645,2.5224853,8.564858,fearful,19,03-01-06-01-02-01-19.wav
-459.54355,76.53998,11.134808,25.057447,-6.1797156,8.997189,-12.69009,-19.69706,-10.26975,-4.9801116,-8.947291,-11.937758,1.4497702,-7.3182406,-11.2643,4.9683585,-10.273428,-5.054072,-0.76460195,3.1740966,-6.7575107,-8.478053,-2.5198982,-2.1357312,-12.874167,7.188592,-7.5184355,-0.4237527,-2.6125295,-2.3246043,0.22213867,-2.301686,-2.7537894,0.67350733,-0.43932134,-2.180964,-1.3763244,1.2740941,0.60414344,9.425473,fearful,19,03-01-06-01-02-02-19.wav
-338.45023,62.20172,-51.057796,-0.49807966,-26.647005,-17.257296,-31.01114,-24.078535,-24.371975,-15.6655035,8.997333,-20.729818,0.72899896,5.8051786,-10.675319,6.197671,-3.4622219,-4.262696,-0.73514396,3.2095714,4.3262553,7.3338375,13.330288,19.86538,13.472168,16.904007,0.4528812,5.9244585,3.0022054,-0.4488037,5.22636,3.0211284,-2.3072155,0.82626134,5.2766547,0.0035389087,-2.965202,0.5248509,-2.9326897,0.3417393,fearful,19,03-01-06-02-01-01-19.wav
-285.22528,23.621565,-48.188522,-3.122339,-25.81087,-19.147257,-31.888523,-29.492819,-16.385086,-9.436431,-5.012237,2.249287,4.563741,19.722193,-3.2290187,-6.599323,-7.1664934,-10.24872,3.5096421,19.791395,11.795707,11.178408,8.342936,16.36764,-2.732202,1.8303779,2.3740635,6.765595,-0.93953705,-2.4716556,-1.7359196,2.2037737,-2.244257,1.9012754,-1.0961237,-1.1550453,0.16065587,5.6498313,-3.8820205,5.512893,fearful,19,03-01-06-02-01-02-19.wav
-273.98944,27.13631,-40.063976,-9.485448,-36.62775,-10.009985,-24.529596,-24.695272,-8.926198,-12.0628605,-6.122032,-11.951655,9.973477,1.4770095,1.7305019,8.014623,0.16371317,-4.2091494,15.24498,16.271952,9.94998,10.531978,6.259259,2.2982998,-0.8829794,12.770693,-0.07274088,2.7670925,0.40093696,0.88330585,-3.8694658,1.808124,-2.4026594,1.5449483,1.7579086,12.184191,0.19724199,0.26937753,2.5050647,10.333104,fearful,19,03-01-06-02-02-01-19.wav
-271.76392,20.507885,-37.203827,-4.542401,-32.974514,-11.932735,-24.29868,-29.869967,-7.236844,-7.964372,-6.4284754,-9.266165,4.3500466,-2.6401737,-6.0814447,7.9006004,-2.6780078,9.629928,14.564612,18.387781,11.32797,2.0564213,-0.084781244,1.442958,-3.4260354,10.045518,-0.29160237,0.63289183,0.9500972,5.8882995,-0.025537683,-0.55748075,-0.09263755,1.3674247,3.5969653,7.1781754,2.4558969,6.217982,4.0504646,5.312302,fearful,19,03-01-06-02-02-02-19.wav
-485.99063,91.229256,4.749969,26.6512,-8.395662,-1.5479411,-13.134599,-14.208253,-5.8602138,-15.164107,1.5633532,-11.140594,1.720973,-7.293598,-6.9108157,3.7242358,-8.620066,-4.3297377,-2.9557343,0.63176847,-7.54945,-4.6395354,-5.311049,-3.5017073,-4.980727,-0.5562056,-3.4966116,0.60211307,-3.823887,2.1475694,-1.999131,-1.6981491,0.1399703,3.3459382,2.4113665,0.27366883,-3.2198455,-2.8481808,-4.374497,2.5281382,disgust,19,03-01-07-01-01-01-19.wav
-479.09756,105.297356,-1.8790247,11.079032,-10.030081,2.1216059,-12.975159,-25.046812,-7.272672,-10.899259,-1.023515,-12.603074,1.9593419,-12.833581,-9.368542,1.9952488,-9.488882,-2.1352484,-6.2360783,0.5600645,-5.0174775,-5.38904,-4.450044,-0.17544198,-6.251333,4.3286595,-5.141321,3.5706687,-2.5483685,0.39656225,-4.4881525,-0.009004275,-0.8691587,1.5271381,2.6150265,2.3945332,0.71776754,1.0311129,0.75854456,2.9383352,disgust,19,03-01-07-01-01-02-19.wav
-471.8101,75.07548,13.8132105,18.130373,-14.161836,3.9889727,-15.919492,-14.729013,-7.3841977,-3.0864725,-4.1795115,-10.975789,4.755495,-10.005144,-3.8517199,0.9220621,-6.2593827,-2.653567,-5.4737563,5.1176343,-4.7749586,-2.2557385,-4.702353,-2.1263983,-6.0335736,1.1130402,-4.5920305,0.57701784,-3.9132254,1.6418056,2.4698982,4.132826,6.107832,6.9079394,2.7817302,4.5372405,0.19816901,0.84575313,-1.0108119,3.2103326,disgust,19,03-01-07-01-02-01-19.wav
-455.2125,85.88302,-0.5686763,11.906749,-16.356962,-0.580524,-17.23479,-21.39323,-11.308575,-9.781984,-2.2057931,-14.501376,-1.5786144,-12.897819,-10.864122,-0.43605474,-12.096878,-1.2700498,-2.3390515,0.8935827,-5.3043056,-6.1470037,-6.838605,-3.6005602,-9.457185,0.4007781,-5.350828,3.0565803,0.91487265,4.5152893,0.5757214,-1.0107787,-1.7581437,3.1695335,1.3552197,4.5066404,-0.8641423,0.43603596,0.49560788,3.845857,disgust,19,03-01-07-01-02-02-19.wav
-424.09006,51.435257,0.61788005,15.454509,-9.741163,-5.179098,-11.699243,-18.158018,-13.550903,-16.947319,-0.19626528,-10.569986,-10.632794,1.6891266,-10.523283,1.532691,-6.7347484,3.16582,2.250195,4.4286175,-2.1510918,-1.0478225,-6.294204,-0.77811,-2.6653225,0.2688766,-5.8193893,4.9179006,4.9282203,8.313492,5.2635875,2.4401147,1.2334104,6.2437615,5.57507,12.347073,7.798497,3.4521825,-1.3325906,2.496836,disgust,19,03-01-07-02-01-01-19.wav
-370.0437,44.832096,-12.592927,9.018906,-19.518362,-10.649513,-14.610464,-15.352371,-13.571148,-14.222754,-3.4205508,-11.727844,-8.857902,-6.6617126,-13.460386,-0.52714145,-8.956203,-3.0969205,-3.7375894,-4.552699,-2.7193868,-0.8820136,-0.2747371,5.8515267,1.6199944,7.8849463,3.4791763,5.198925,1.8546809,1.2683749,2.4643278,2.396147,0.35500696,5.188198,4.592769,5.169611,0.5472488,1.4767852,-1.6695993,3.7638998,disgust,19,03-01-07-02-01-02-19.wav
-290.2415,4.643664,-8.697795,2.5282218,-41.051914,-3.0643315,-19.556295,-25.770569,-11.024046,-9.368533,-6.7634077,-6.8480253,-5.9201903,-7.946978,-4.776104,2.318477,-6.645318,14.70532,8.712061,6.2981977,4.0970626,3.84071,0.86910343,9.63422,11.017736,12.844028,-0.77563035,8.587691,5.802907,6.554046,3.2429419,-0.93900996,0.24518822,6.7403526,6.3028355,9.110924,2.0231826,3.3429167,-1.9678141,4.4997816,disgust,19,03-01-07-02-02-01-19.wav
-331.1277,54.202557,-3.8347979,19.371494,-5.877377,-10.894356,-9.1678915,-8.048177,-14.636434,-6.911502,3.3414443,-11.041761,-4.040782,-0.0021264534,-14.45342,4.953856,-3.9823222,-2.3883476,-0.049740452,1.8540494,-1.7127188,-0.021438269,-1.4224541,7.178022,0.29117677,4.827144,-1.3882061,4.361416,1.2801524,6.5917597,4.481414,2.9469168,1.0408057,9.98382,6.9889417,5.8747487,3.22046,3.2534716,2.480155,5.756888,disgust,19,03-01-07-02-02-02-19.wav
-476.03015,114.22123,2.764902,23.469418,0.7819295,3.4406822,-10.815365,-16.364569,-16.911472,-9.908715,-3.3990526,-12.927054,0.0012401439,-4.252929,-7.9257765,3.1236434,-7.48751,-5.619658,2.4029071,0.12519369,-4.356207,-1.717736,-3.527016,-3.7096648,-2.4606528,-1.0720906,-2.32413,2.6680775,1.1791265,0.2846042,1.2958939,-0.25615463,-3.04104,3.747015,-0.9894707,4.497996,-2.6514947,0.68685293,-3.6800086,2.4094114,surprised,19,03-01-08-01-01-01-19.wav
-474.6424,133.79228,-4.87655,15.332252,-4.454916,0.120206065,-15.06548,-25.59481,-12.042969,-15.647011,-4.098614,-17.467922,-1.8225455,-5.979332,-18.310053,4.146698,-14.176653,-7.64708,0.4262638,0.37372932,-6.7223253,-7.7228694,-6.670103,-4.1510067,-8.407281,1.962616,-9.187824,1.7772031,-3.936582,-3.8765523,-0.45779625,-2.5944424,-3.7911367,2.1584923,-1.6093932,-1.082899,-4.090844,-3.0718517,-5.9006176,0.8882141,surprised,19,03-01-08-01-01-02-19.wav
-506.2353,92.79704,7.070658,29.372572,-7.935613,-2.5791142,-4.6187334,-19.473146,-8.982443,-0.59027123,-4.9173903,-12.690266,2.5989387,-7.326753,-11.662698,7.565591,-15.354968,-5.422781,1.1824718,1.0167421,-7.542049,-3.596144,-3.496535,-3.7825148,-5.237247,4.4378066,-6.221183,4.694429,-3.2091107,-0.13902256,-2.2452183,0.99612164,-0.43162063,1.9827538,-3.4114387,-1.108882,-5.1177692,-2.0317984,-2.0890255,1.4053285,surprised,19,03-01-08-01-02-01-19.wav
-505.86105,130.42006,17.006792,33.079586,-6.651993,1.2932415,-2.7279234,-18.614588,-20.993906,-4.4764247,-1.2227488,-17.36701,2.7871673,-9.128547,-9.003131,1.958433,-11.701542,-5.6931577,2.4931347,1.679521,-5.4271884,0.037023086,-6.4741783,-0.4438807,-3.8611648,1.2593807,-3.8154728,1.8674254,-5.7905145,0.83369476,-2.7932942,-0.9578028,-1.8394648,2.1412776,-3.8500865,2.702357,-4.6482677,-1.4824384,-3.6938457,0.6919386,surprised,19,03-01-08-01-02-02-19.wav
-419.7602,99.01197,-0.64128685,12.383444,-4.689144,-3.778058,-13.687948,-25.761927,-13.419056,-17.188232,-8.852038,-14.7012615,-3.143559,-2.8730433,-11.224354,6.314547,-13.679239,-7.8521585,0.65117353,-4.15979,-3.063129,-3.8374417,-10.468049,-5.33212,-11.014362,0.47013843,-5.9911475,-0.3392043,0.6682548,-2.594158,-0.46505532,-3.7919304,-0.6046199,3.5173607,-1.0727932,3.0090995,-3.8954458,1.4287387,-4.2819223,3.2531486,surprised,19,03-01-08-02-01-01-19.wav
-426.03094,81.08604,-7.7431774,17.28149,-0.3374509,-3.4441102,-16.6197,-22.849157,-18.329174,-9.205457,-1.6855863,-15.8812,2.6309092,-1.2775959,-8.307621,2.0353928,-12.916646,-8.136822,-1.7290828,-7.1174345,-4.9439425,-3.3309476,-6.195106,-2.8242557,-6.8837104,-1.0341786,-4.1347113,1.1916809,-2.0372941,-2.0174892,-1.9118948,0.28219616,0.14179918,4.407879,-1.1987736,4.0101614,-2.9357834,2.762163,-0.13265817,4.111697,surprised,19,03-01-08-02-01-02-19.wav
-503.4038,97.728806,3.962231,17.87754,-1.7359581,-3.2440646,-7.6503906,-14.589349,-8.213982,-4.4020205,-5.683986,-12.727469,1.9071729,-2.710588,-2.9892578,5.3175015,-9.500175,1.1900549,-2.9962125,0.19718206,-5.685327,-4.178097,-4.533684,-3.6432593,-4.3277593,0.10114613,-3.246817,0.94239855,-0.52084154,2.2884722,0.8380712,2.2115395,1.3159604,0.8535315,-1.3604723,-0.67460334,-2.6416428,1.6608597,1.2971053,3.721561,surprised,19,03-01-08-02-02-01-19.wav
-448.22284,110.59051,12.62094,21.52041,-12.433006,4.7566953,-11.447458,-23.466734,-11.607637,-12.045408,-3.510761,-18.675127,-2.1955068,-5.4438577,-8.023557,-5.6328645,-8.540816,-1.7813215,1.8762528,-2.0028708,-7.0839868,-0.8293838,-8.610627,-5.9847093,-8.977048,-2.291968,-4.778121,-0.1690277,-2.293561,-0.18052861,-0.94833726,-0.2831864,-0.9319049,0.9234703,0.89292854,4.654663,-1.0506252,-0.4867381,-3.6612024,1.7419631,surprised,19,03-01-08-02-02-02-19.wav
-518.54156,76.190445,-16.842327,13.821867,-14.871604,-17.6465,-16.85593,-26.550781,-12.113519,-11.421177,-4.070334,-14.200352,-10.54588,-4.728432,-14.408878,-12.133831,-8.501685,-6.758052,-9.681288,-7.656556,-7.5455456,-3.770646,-6.5541987,5.07487,2.5904949,3.7958329,1.8538954,0.97971356,-0.36728674,4.518323,4.7903523,8.458824,4.1057997,6.4244437,4.791163,8.905499,4.072419,4.0944743,-4.6979895,-1.1370989,neutral,20,03-01-01-01-01-01-20.wav
-493.6309,69.20292,-23.215168,14.035439,-17.048046,-23.504269,-14.612152,-26.58987,-12.612149,-9.903218,-9.973638,-9.35693,-13.113143,-1.623702,-14.899014,-11.208585,-6.8801265,-6.872641,-4.811376,-4.5963793,2.175911,2.6126192,-3.211302,2.6249824,-2.2461004,4.811549,8.938835,11.014628,5.491417,7.0975723,-0.78308517,2.1997013,-2.0754402,1.7345065,1.2819374,2.627136,-1.6530632,-2.5279908,-5.687461,1.0712632,neutral,20,03-01-01-01-01-02-20.wav
-500.88998,73.256,-12.14497,10.036036,-18.471115,-19.63119,-18.007704,-28.123764,-11.709196,-10.607985,-7.7974367,-12.645973,-10.505935,-0.64149487,-14.742309,-8.630666,-6.411353,-5.383961,-7.9723,-7.427968,-1.0751847,-3.6643472,-4.0601206,5.6038837,4.107002,7.426348,6.9202967,9.518025,4.0163584,6.8707757,3.7759254,7.5272746,2.418292,3.4472885,-0.2146202,0.51158106,-1.0445464,1.6213722,-0.53177786,3.2403808,neutral,20,03-01-01-01-02-01-20.wav
-499.14502,61.55229,-15.287717,10.438796,-16.222551,-22.699509,-17.907076,-29.72442,-9.507405,-11.772216,-7.909416,-11.493903,-11.540662,-1.0116364,-17.487118,-9.008357,-6.4781003,-6.861826,-6.57894,-7.4610662,-1.3235086,-1.3674686,-0.9638251,9.404967,6.87636,8.8528805,4.5943484,5.4443927,0.7640709,5.4511065,-0.017977025,4.469186,2.0604193,6.2575183,0.7064263,1.891305,-3.1642613,1.068844,-1.7739468,1.1770874,neutral,20,03-01-01-01-02-02-20.wav
-577.0322,66.56717,-13.66922,19.065928,-9.712803,-18.578974,-19.722446,-24.616241,-11.736934,-10.635083,-4.66689,-14.349218,-6.8298693,-7.335462,-13.042237,-7.5373673,-10.637652,-5.8299804,-7.659812,-10.95994,-4.7849145,-7.875464,-9.706284,-2.1522074,-6.676598,-4.6341195,-3.0720727,-1.7385906,0.3613404,4.779987,1.1083648,9.170555,7.633101,14.766715,12.841013,13.334407,7.4513917,3.989632,-1.0659201,4.032934,calm,20,03-01-02-01-01-01-20.wav
-587.3826,68.84049,-17.933878,10.739393,-10.698599,-14.253781,-20.705517,-24.79371,-14.894381,-9.688412,-10.651117,-16.988901,-9.452884,-2.735116,-15.055635,-11.358738,-10.827605,-7.0377812,-12.054032,-11.87424,-6.270857,-5.707521,-7.6341705,2.6109543,-1.5199329,0.807688,1.99823,-2.904894,1.0126548,0.78913295,-0.33293593,7.5445704,5.763429,13.202346,12.662098,15.927211,9.79376,8.678936,-0.48091248,2.2291553,calm,20,03-01-02-01-01-02-20.wav
-597.5547,66.69286,3.4251177,10.5546255,-5.9196978,-8.57339,-17.912706,-24.820324,-16.575865,-8.977597,-10.43887,-11.258239,-8.58611,-2.0128372,-17.988935,-11.949329,-7.5610256,-4.9899483,-7.943823,-9.869333,-3.478706,-6.5929656,-7.4737296,1.7942604,0.24607268,3.2104397,3.5835433,1.277012,0.22650139,1.1641866,-2.859284,4.6193767,1.3880967,6.409043,5.5110044,11.210577,8.405383,8.502937,-1.8765458,1.898642,calm,20,03-01-02-01-02-01-20.wav
-573.8327,63.22548,0.4125421,10.87098,-6.164119,-11.946331,-15.742212,-23.537186,-8.845351,-9.429682,-4.761532,-14.402067,-6.846823,-1.3134745,-15.923586,-9.383202,-6.429104,-2.46365,-9.80189,-8.759997,-4.01375,-5.384007,-10.24087,0.02072957,-7.500622,-3.1150954,0.6260883,2.050783,5.904642,7.6644773,3.17145,9.302194,4.666364,11.63987,9.03152,14.948576,6.451708,5.492064,-2.410487,2.8727825,calm,20,03-01-02-01-02-02-20.wav
-614.1666,80.53908,-7.0043015,16.513859,-4.7802405,-13.761139,-18.288614,-21.530329,-10.335439,-11.691041,-8.301237,-8.464896,-7.631199,-3.1668208,-13.433922,-3.2480223,-11.931982,-1.7368361,-5.092559,-10.511915,0.043558106,-1.0098807,-3.5201793,3.7153103,-2.8815084,-3.3410206,-2.1954472,-3.4288208,-0.8802878,0.8347051,-1.5724449,4.6279936,4.1123905,13.183098,13.498864,12.462911,5.5945625,2.3723328,-2.1031785,2.4766498,calm,20,03-01-02-02-01-01-20.wav
-641.46826,71.56754,-10.443538,22.745922,-0.74376595,-11.808691,-11.21498,-22.08765,-9.956633,-7.900132,-9.312508,-12.097683,-7.316227,-1.5609227,-16.042482,-8.788991,-10.648599,-5.961662,-7.940363,-11.562849,-4.3619027,-7.627486,-9.4069805,-1.013546,-6.9961963,-4.2858415,-2.1574185,-3.7616847,0.4753403,3.8545434,1.7685616,10.499164,6.0243692,14.36734,9.7660885,13.594912,7.888002,8.356061,0.8567042,3.2650285,calm,20,03-01-02-02-01-02-20.wav
-594.60724,77.333084,-2.1789775,18.422096,-4.3335786,-12.455678,-16.873312,-25.17998,-7.9396415,-2.808373,-6.9451575,-9.964534,-7.991289,-4.004737,-13.285137,-6.5165005,-6.7934966,-5.48244,-4.8358254,-12.445808,-3.6649268,-6.597119,-7.3098574,1.2200935,-3.800318,-3.627443,-2.5464685,-5.049435,-3.5979846,-1.7397723,0.9803946,9.303244,8.164258,17.573906,9.854373,10.064888,4.291709,4.443602,1.3462907,8.219246,calm,20,03-01-02-02-02-01-20.wav
-636.7262,60.792793,-0.118102394,15.71899,-9.61011,-8.211663,-15.083988,-21.886662,-12.834841,-7.726949,-10.68095,-15.100575,-8.6787615,-2.1400168,-18.023438,-8.469402,-8.201616,-6.4715476,-9.793003,-7.7407937,-2.6956606,-1.1430411,-4.102976,1.8205125,-2.886073,-3.7644937,-0.33336115,-2.6470053,-3.7329915,1.6957049,-2.713326,3.5069127,4.598817,11.031484,10.903464,15.2189045,9.413843,8.579571,-0.59073925,3.0607107,calm,20,03-01-02-02-02-02-20.wav
-362.9684,66.32353,-41.122875,8.691272,-23.287008,-32.24733,-12.308286,-36.190674,-23.1118,-12.763047,-23.142632,-2.4810019,-24.28609,-3.0957475,-11.507585,-14.020305,-3.0117831,-5.3954606,-5.681612,-3.7261615,6.233009,3.2313347,0.2155632,1.7076085,3.7265239,6.609209,4.853988,3.519393,-3.2372434,3.9527218,2.5256836,3.5375855,3.012569,1.6821179,-5.869448,-2.7357166,-2.778697,1.827575,-1.2566555,1.5078198,happy,20,03-01-03-01-01-01-20.wav
-428.83148,60.789177,-31.077137,3.4894803,-21.662157,-27.865454,-10.366693,-32.924397,-10.733037,-22.173683,-11.016672,-5.8142867,-21.567204,2.6698148,-20.603928,-7.7771215,-9.836103,-9.901831,-7.7961054,-2.16722,5.051278,6.574981,6.69577,8.913126,3.7939024,-0.9872987,0.6766203,2.5050805,4.7682357,6.3021517,-0.10596733,2.5390122,-0.47735396,2.755782,-1.7409838,1.8629774,-0.71205044,0.902779,-3.2727,1.1080554,happy,20,03-01-03-01-01-02-20.wav
-449.3733,62.56678,-8.0373,17.297956,-14.711437,-13.4545555,-16.445335,-27.618116,-16.100332,-17.539055,-11.30733,-2.6512089,-18.758419,-0.9873909,-15.601424,-14.847131,-3.6221786,-9.790044,-15.6111145,-7.089928,-8.905911,-9.596561,-10.048454,-10.054576,-7.126244,-4.732834,1.7541165,11.171029,8.077242,14.41965,2.0044153,1.9847686,-0.06987551,4.0405116,7.1820455,7.8646564,2.5267656,1.0668284,-2.0275815,5.293055,happy,20,03-01-03-01-02-01-20.wav
-457.24557,48.03399,-32.47687,-3.830415,-16.121655,-26.512789,-18.787668,-38.303963,-17.353046,-17.151585,-13.597155,-1.468833,-19.969797,5.0071044,-12.4262705,-6.57334,0.9090745,2.699458,8.578729,10.335079,10.494526,6.7360287,-0.4379765,0.25078374,-0.81219816,1.1551206,0.33823624,2.9565423,-5.3475995,0.84279954,-8.553821,-0.4357965,-1.1243017,4.4217525,-0.7910289,3.3003943,3.6135561,2.7661285,-2.939485,-0.20909189,happy,20,03-01-03-01-02-02-20.wav
-330.27002,59.963596,-74.63818,-8.058481,-38.4148,-39.91541,-20.872477,-37.5362,-22.847446,-6.6751423,-26.116608,-3.2645638,-20.417717,-4.7801332,-2.6687863,-1.7345349,11.438301,7.2661123,4.8298254,2.069215,12.07242,7.296617,1.2763628,4.359849,1.1192788,5.122913,-0.28097695,1.8415089,-4.7037635,3.2004807,1.8504031,4.2618494,0.24668056,0.36563316,-5.350736,-1.3715084,-2.3827105,-0.3093119,-2.861798,1.314464,happy,20,03-01-03-02-01-01-20.wav
-360.745,44.983257,-53.829063,-8.130307,-29.384233,-33.098167,-12.017739,-30.884233,-17.517683,-12.187616,-17.854256,5.046388,-8.560005,13.77685,3.6573932,9.039029,8.766148,5.1139045,5.0088625,1.8683264,-0.14202242,-0.73722166,0.9017429,3.0274298,-4.5219493,0.00084259035,-0.7526107,1.0861273,-4.5169835,5.897123,-2.115928,3.6610706,-1.1632736,2.965936,1.6171236,5.757538,-2.1450465,-1.3353692,-1.3030744,1.8813404,happy,20,03-01-03-02-01-02-20.wav
-279.99353,42.502808,-64.69974,-8.236274,-40.283318,-39.361115,-31.771896,-37.027462,-18.6181,-10.02057,-8.313095,-1.9721047,-7.878833,5.9015074,-9.221987,-1.933841,7.7926435,8.138545,8.794184,-0.5816723,3.7812636,2.6573784,-0.13317835,3.618844,1.9359105,0.12389058,0.53731084,0.8544936,-1.9886904,5.0167294,-3.2679837,3.4771256,-1.7077327,5.1084657,1.2671173,1.9973028,-0.029625475,2.579153,1.7472734,1.9849224,happy,20,03-01-03-02-02-01-20.wav
-289.58325,16.319489,-61.593426,-28.993134,-35.379345,-38.710938,-22.047052,-32.04109,-12.989047,2.408732,10.7665,29.785625,11.313316,15.872208,-13.457126,-11.133041,-0.155194,-11.516371,-6.1487947,-1.0658659,12.385531,10.995724,-1.008389,0.80850613,-2.008651,-3.8049572,-5.1346292,1.6579086,-0.825313,6.9555097,-1.7092868,1.9537308,-4.278618,1.720919,0.83388007,0.69793856,-0.7616013,-2.3346245,-4.7320275,2.9493313,happy,20,03-01-03-02-02-02-20.wav
-580.7377,67.64791,-11.354424,21.580004,-11.436257,-4.4804864,-13.241746,-27.464754,-6.9093504,-6.5289607,-9.202698,-11.2199135,-5.575688,-4.5317435,-10.748482,-5.777916,-10.796713,-3.0519168,-8.917273,-6.5982723,-6.738414,-2.2449007,-11.123836,-1.5686575,-7.461941,-3.413149,-5.2321377,-3.4191527,-6.6589785,-0.4438996,-2.7115583,4.549428,6.06982,10.313433,14.004091,14.339881,7.0778885,3.5474372,-0.78422993,1.1868942,sad,20,03-01-04-01-01-01-20.wav
-619.61566,89.10881,-8.450399,20.312164,-5.0433044,-2.9984207,-15.918676,-21.6104,-15.632571,-9.889025,-5.3343554,-11.677977,-2.5948453,-5.6679807,-10.7401495,-8.373029,-10.913153,-3.4864655,-8.151255,-9.0066805,-4.890233,0.3169761,-8.86901,-2.679211,-4.960192,-2.431177,-2.7228084,-0.71242064,-3.7835584,2.393247,-2.1965985,4.7202554,0.40603378,6.4786325,7.061146,12.453783,10.4341345,11.1122875,1.2400864,2.7024128,sad,20,03-01-04-01-01-02-20.wav
-590.5323,64.9035,-6.3046985,16.450891,-6.612506,1.5756512,-10.906693,-27.38005,-8.742891,-5.7641063,-7.38594,-8.796955,-6.268974,0.24950385,-12.542427,-10.262698,-9.27264,-2.8459373,-13.118605,-8.47372,-5.297614,-2.3746395,-9.126039,0.203533,-6.6475744,-1.7517204,-1.6046203,-2.1340957,-4.326,-0.5700197,-0.97294134,3.100542,4.0164604,10.693518,13.6314945,12.864395,7.5042534,6.1710997,-0.08842887,2.3494937,sad,20,03-01-04-01-02-01-20.wav
-595.1709,83.516975,5.085144,25.271645,-3.7835908,1.2031674,-11.38196,-27.428339,-17.22703,-7.627746,-6.195104,-10.752348,-7.4398403,-2.5692875,-13.43442,-10.972786,-10.140082,-5.413474,-8.582019,-8.732783,-8.761135,-3.6412373,-10.127593,-0.5284694,-5.8108907,-3.260119,-0.16678633,-2.624979,-6.201177,1.844351,-1.9081858,0.40335312,-1.124186,3.278156,3.2243822,6.212122,1.6606306,3.0784535,-1.9453967,0.70396584,sad,20,03-01-04-01-02-02-20.wav
-557.2844,84.78603,-17.784687,13.816237,-5.508537,-30.31488,-18.619572,-28.409277,-23.8548,-6.2773404,-16.316929,-1.301002,-13.376255,-12.570542,-2.5303786,-11.72399,-10.121159,-8.515324,-7.7813964,-11.423408,-6.6761255,-1.3483659,-2.981168,6.5647388,8.676588,7.6519723,7.3647714,2.4038293,1.8054053,8.261052,8.30006,8.894745,2.3150558,1.5604683,2.707081,7.5527945,4.3351593,3.0309553,-5.304988,0.6889573,sad,20,03-01-04-02-01-01-20.wav
-450.03867,33.269012,-38.872494,-8.805067,-15.088057,-31.028715,-12.143364,-24.641241,-26.708406,-0.6743329,-16.665472,-1.2068684,-2.1367126,-0.4461142,7.270766,1.4995469,9.121559,13.93432,4.4759064,0.7714487,-1.8475381,-0.8236366,-1.6367433,-0.60102487,-3.4886966,-2.318262,-1.4442925,-3.7770324,-4.858572,3.2801936,2.4169939,-0.22748287,-2.380508,1.570202,0.70408934,2.9046717,1.6622198,3.7496097,-1.8364359,0.95645845,sad,20,03-01-04-02-01-02-20.wav
-558.14075,76.14758,-6.0739913,3.2072327,-7.069233,-23.779291,-23.691725,-34.68363,-24.1022,-5.964456,-21.505322,-0.03202705,-10.359452,-9.231927,-1.6887478,-15.326875,-5.874532,-1.8584745,-7.8102674,-0.45607597,1.5833591,7.1783695,-0.27559358,10.91785,4.638627,8.492015,2.433434,-0.13164431,-6.6238284,-0.76364714,1.2856883,1.3584485,-2.794854,-3.3938732,-5.77621,-2.1983945,-1.6309202,-1.6153816,-4.7639956,-2.0067234,sad,20,03-01-04-02-02-01-20.wav
-393.4905,45.438396,-54.514397,-12.487363,-23.589243,-43.294533,-26.21503,-29.530207,-44.238785,1.9172914,-15.882141,-6.4398885,0.6421051,-2.1074123,14.614787,8.191997,5.1693277,22.312822,4.290745,0.821695,-3.212865,-3.6617785,-8.855738,2.215743,-2.6133401,-7.149085,-2.8343043,-1.2453368,-1.1310148,-0.18218449,0.2814305,1.091844,1.6419207,2.44764,-0.5284532,3.488171,0.3459414,5.6287975,-3.1996176,-1.5331419,sad,20,03-01-04-02-02-02-20.wav
-505.30774,85.84819,-7.828193,8.105436,-13.009482,-9.734363,-13.844334,-27.446833,-14.801428,-19.74113,-7.225401,-8.468214,-16.095474,-4.3478985,-14.729414,-8.426714,-13.59393,-6.2536573,-11.466913,-9.160203,-8.491233,-6.153187,-9.998832,-3.884143,-5.316981,-1.4487503,-2.1794033,-4.360838,-9.311904,-1.5547144,-2.09837,7.8406386,4.1754904,9.980107,7.0262637,8.672613,4.536172,5.930514,4.498656,8.731501,angry,20,03-01-05-01-01-01-20.wav
-369.77716,55.04271,-27.812595,-9.965761,-25.077522,-19.568361,-9.972006,-25.61102,-19.867987,-15.066585,-12.878171,-7.490961,-17.486055,-5.922109,-19.034998,-9.10921,-9.209937,3.126019,9.708635,13.754762,15.185536,5.111654,3.5436263,6.1185865,5.1739907,2.1939237,-2.3253872,-3.3602173,-3.5602007,1.935662,-4.7254806,-5.8789444,-6.2795305,-0.92257017,-0.56256366,3.289015,0.826847,4.77284,-0.41455266,2.2028215,angry,20,03-01-05-01-01-02-20.wav
-432.34775,65.34581,-30.147497,8.597895,-20.463335,-17.1586,-20.801292,-28.914007,-14.179684,-8.376013,-9.691067,-6.5187883,-14.549316,-6.075846,-13.018624,-9.45228,-7.977664,-5.4364347,-12.892966,-10.527441,-4.965914,-4.6349864,-8.9072695,-4.957551,-4.9624043,-5.948921,-4.8693676,-1.2188433,-1.5645278,8.255127,9.322288,11.4140415,13.565321,13.07281,10.898743,12.844542,5.9294467,5.1321573,-0.80872303,4.042371,angry,20,03-01-05-01-02-01-20.wav
-363.53146,43.886375,-29.206358,-9.830856,-25.33494,-31.508682,-15.3944645,-30.01342,-19.491673,-14.496657,-13.719725,-9.158169,-21.275179,-6.7014976,-21.939812,-15.282826,-12.335929,-14.738725,-12.636928,-2.752998,3.6595678,9.835319,5.634378,5.9980984,2.0891159,1.4856848,2.6535885,0.6935035,-0.45446992,5.7183185,0.077239595,3.9745789,0.5379719,0.9198618,-0.25290808,0.40707558,-0.011547908,-0.05019742,-2.0297906,-0.95970505,angry,20,03-01-05-01-02-02-20.wav
-290.665,59.990334,-16.561705,14.876846,-25.636211,-22.279238,-3.6387215,-20.529305,-13.07199,-16.851902,-12.869885,-4.5012093,-14.445194,-1.6520816,-11.684102,-5.937296,-4.011156,-4.937077,-9.596061,-6.7174473,-3.5578814,1.485231,-0.08785441,3.1787903,-2.5083299,0.017283102,1.8377097,3.2421455,0.5034863,6.775942,2.9781075,4.3216233,-1.0400271,1.677052,0.82026505,4.45908,1.3097663,2.4980927,-0.120505035,1.9397315,angry,20,03-01-05-02-01-01-20.wav
-210.13704,47.910957,-52.633263,-19.776234,-37.738956,-38.398247,-11.103189,-23.24787,-13.149235,-6.4734106,-7.066844,2.0332584,-14.600067,-0.65380186,-2.1639447,4.5599475,10.147002,11.183157,5.525874,6.480816,3.8538277,-3.9519885,-5.833655,-1.6530385,-8.310132,-3.7544436,-0.3108984,4.999333,-0.08710559,5.4846373,1.5564634,3.9416368,0.49160793,3.9057512,-1.0752927,4.8614554,0.24614598,0.3510158,1.382112,2.76507,angry,20,03-01-05-02-01-02-20.wav
-199.03523,37.81666,-49.595997,-23.933565,-28.568085,-29.543839,-11.031125,-16.958801,-12.568596,-9.830302,-6.943745,-8.0981455,-5.343575,5.7798743,-3.7704523,5.4376388,3.1587126,8.767541,-2.7119286,-0.7990496,0.2502999,1.2305044,1.0969955,1.9935471,-2.5445163,-1.5605799,0.04662593,1.3325164,-3.8076038,3.0192363,1.858687,2.8097126,1.2599291,3.247675,-1.2908069,1.5244131,-0.17907707,3.08162,1.7062479,1.9628745,angry,20,03-01-05-02-02-01-20.wav
-283.885,46.497715,-15.922793,13.279677,-29.58007,-17.459402,-17.79817,-28.746763,-15.815356,-19.421036,-14.586379,-11.228774,-17.907297,-5.47702,-12.492361,-7.5001216,-2.0466664,2.6856852,2.3135734,1.107035,0.73520327,1.0431545,-3.4039128,2.8836443,1.0156349,2.2432697,1.5237672,0.7636719,-1.1583402,2.4220572,-2.1781747,0.08484641,-2.0848308,2.677702,-0.71277815,3.9578774,0.6797485,3.3170185,1.3507094,3.2386465,angry,20,03-01-05-02-02-02-20.wav
-585.75214,54.097744,-15.616067,6.897913,-15.753677,-16.947979,-14.102257,-23.508593,-9.010343,-8.58736,-14.549813,-4.6586156,-12.304302,-4.563402,-6.729218,-10.166697,-5.9990177,-5.433514,-8.572021,-6.8132176,-1.621781,-3.0561562,-2.5438533,2.2818902,5.2147627,7.606077,11.434632,10.794669,5.08861,8.563056,-0.60351896,5.0048018,-1.8719307,3.5963397,-2.6229827,1.615242,-3.7913094,-1.7338009,-3.9627552,-1.1663516,fearful,20,03-01-06-01-01-01-20.wav
-618.1311,45.959877,-13.441983,2.1777427,-11.335291,-20.920303,-15.575717,-25.123358,-3.673549,-10.690028,-14.37578,-1.67806,-12.310119,-3.902821,-5.6558557,-10.202412,-5.3296657,-5.2608337,-6.7841334,-2.9815824,-0.59044737,1.8498007,2.5330305,7.0586104,6.0440454,9.401829,8.616083,10.488245,1.8054397,3.6747859,-4.432239,0.895694,-2.979153,3.158248,-1.3129505,1.154003,-3.6253488,0.4775291,-0.39243928,0.8743114,fearful,20,03-01-06-01-01-02-20.wav
-623.18,38.269115,-2.430148,12.231396,-5.7751994,-9.234113,-23.630167,-26.395584,-0.2106289,-9.130067,-10.700249,-7.332898,-6.8620944,-1.0553571,-6.989845,-8.568024,-4.75121,-3.9459066,-5.888851,-6.255523,-3.1425211,-3.3593066,-4.229332,-0.30401573,1.1638926,7.017028,9.811387,10.084539,3.8068807,7.14936,0.16576275,7.3231688,4.2505918,7.4246016,-0.14458854,0.32644698,-2.0100808,0.50331646,-1.6551877,0.59348553,fearful,20,03-01-06-01-02-01-20.wav
-577.36725,58.752647,-0.60382116,18.009184,-8.455551,-12.498721,-24.873451,-32.410885,-5.8673253,-11.262378,-14.97675,-4.629219,-10.812064,-4.43629,-10.183039,-11.731186,-9.988378,-3.916148,-10.097792,-9.598344,-4.968879,-7.0276313,-5.7798953,0.71929574,-4.184841,1.5768129,3.1543493,12.060948,6.513332,22.776064,11.766931,20.336811,10.3356,14.330647,9.210643,6.710641,3.0058038,1.141912,-0.55197906,0.3456138,fearful,20,03-01-06-01-02-02-20.wav
-198.90752,54.31865,-56.62439,-29.35206,-34.5392,-36.96302,-14.837568,-28.60478,-7.354479,-10.997048,-2.7796645,5.3973284,-7.258383,11.873651,1.1518906,5.100446,11.755384,3.505502,3.1204937,-1.3161626,5.4499464,6.5601645,-1.863409,-1.7056978,-9.39975,-4.6616254,-2.0482929,-1.2418019,-8.915459,3.9542449,0.554943,9.194689,2.9780073,6.8543415,2.463491,5.3333826,-1.2674509,3.2054706,2.3545742,2.4175901,fearful,20,03-01-06-02-01-01-20.wav
-207.74022,43.599342,-62.813187,-36.301437,-40.982147,-41.58317,-13.519443,-30.372284,-10.723236,-5.538933,-7.5933795,16.717745,-0.88181376,17.97552,6.5086436,2.1286528,6.3518286,1.3788749,-1.1829257,5.804393,6.688041,2.4004433,-5.2915716,0.32981306,-1.7681961,-0.29550236,-2.8553276,3.3680136,-5.261249,1.1830665,-7.61125,2.7354257,2.1163204,3.573683,1.7010491,4.4051633,-2.1851006,3.27792,1.016395,2.9487638,fearful,20,03-01-06-02-01-02-20.wav
-170.28583,39.339725,-74.50992,-40.603855,-36.269547,-43.85893,-20.82795,-26.036028,-7.8862305,0.5069858,4.0989776,-1.3606926,-12.775088,8.342044,1.4969038,6.743903,4.574512,-4.6305842,1.4135053,-1.3118131,-1.1595347,-4.160928,-16.045578,-4.172506,-8.741852,-0.4036503,-1.711182,1.2794553,-0.69895095,10.809385,-1.775316,-1.7707537,0.52324843,4.3745685,1.3671123,1.0281643,0.51876336,0.413074,-6.2530236,0.5998037,fearful,20,03-01-06-02-02-01-20.wav
-220.21092,14.81623,-44.764442,-24.805689,-32.806274,-36.61634,-16.689005,-25.33015,-12.036293,9.4798975,10.360438,35.247852,7.442966,11.182088,-13.882267,-12.835581,6.9255056,1.9755483,-6.904643,2.7169225,11.715157,13.636341,-4.385794,-7.541645,-5.4686503,-0.63332236,-6.3278127,1.8206093,0.26500216,6.629343,1.9059088,3.4983037,2.0086827,-1.6347709,-0.40094706,0.7352691,-0.8411426,2.2282763,-1.1062082,2.229234,fearful,20,03-01-06-02-02-02-20.wav
-460.46857,65.99195,-19.566782,1.3110976,-17.873753,-18.825336,-15.916037,-22.165636,-16.058022,-6.676105,-13.0079365,-10.911763,-7.247307,-8.7314,-11.7145195,-13.142254,-10.167306,-3.841066,-9.07217,-2.6841867,-0.5980416,-1.2379977,-5.1997123,0.35399374,-1.4396726,-0.34956324,0.41503567,-1.1826735,0.7104582,6.404739,3.0888312,4.6207733,-0.29249382,3.2058098,3.192637,4.6138864,-0.096445404,1.6562413,-2.365787,0.20038135,disgust,20,03-01-07-01-01-01-20.wav
-521.2976,81.68193,-9.886653,5.9497795,-8.976536,-19.32158,-18.680536,-10.746568,-5.4891996,-7.527548,-8.803656,-5.8972716,-8.212697,-3.5587885,-6.9193587,-8.020833,-9.498433,-4.0097938,-9.432214,-7.5662,-4.559301,-1.2766069,-4.138215,1.0019479,-0.829257,3.592728,1.6761093,3.3593745,2.1714694,3.541189,-1.3340049,0.69140434,-0.77364564,3.6302524,3.4789689,7.086557,3.8926563,4.779659,0.43286702,0.8550819,disgust,20,03-01-07-01-01-02-20.wav
-510.27054,63.499466,2.1112497,-0.57460225,-12.032623,-10.1049185,-21.322004,-22.458698,-9.21444,-9.798065,-11.079002,-10.892359,-4.3822203,-6.644001,-9.817245,-12.242535,-9.3869295,-6.3447547,-12.085675,-10.924202,-8.698483,-5.9512076,-12.329137,-5.0985875,-8.293298,-1.4513375,0.8651454,3.8395143,2.341083,8.294464,4.496783,8.408665,6.112985,12.077123,7.1054463,6.552291,1.177637,2.6300533,-1.7261269,1.7637557,disgust,20,03-01-07-01-02-01-20.wav
-534.0446,48.557682,2.969507,-1.0758883,-8.92802,-14.536366,-23.827978,-19.360043,-10.058361,-12.087052,-14.119811,-10.201341,-9.685083,-6.2120094,-13.846165,-12.582454,-10.789304,-8.087772,-11.128884,-13.060388,-9.287774,-5.717623,-6.087984,-1.05388,-5.956055,-2.1201544,-2.0356648,2.1886866,3.662032,10.216332,8.396816,8.769576,4.0984664,4.975975,3.8575804,5.5923357,2.1244667,1.7713189,-1.4543233,3.279343,disgust,20,03-01-07-01-02-02-20.wav
-480.84924,54.3691,-7.6172447,3.2571447,-14.67465,-13.611237,-11.960843,-19.52045,-20.113754,-3.5683446,-9.386343,-10.1960125,-3.0308123,-2.7429724,-7.104459,-7.6086664,-7.812259,2.993422,-1.5092703,4.5931363,3.5716908,2.2080493,2.1719692,3.7612338,1.0086403,3.4947495,2.686965,-0.026538018,0.21972488,1.4450966,-1.946165,1.9921371,-1.9553715,2.1412172,-1.3704536,1.831525,0.03218377,0.71027964,-0.3190213,1.2496246,disgust,20,03-01-07-02-01-01-20.wav
-472.7908,43.629887,-15.041972,-1.4440624,-12.096652,-16.832336,-13.6754,-16.490803,-12.321804,-9.766672,-10.01884,-5.325398,-9.933532,-4.895876,-11.807432,-10.391695,-9.349295,-5.521187,-2.429833,-2.5326486,3.6890547,2.4706752,-0.42052293,5.0540648,4.425985,10.004843,11.861951,6.588047,2.359226,-2.0062354,-2.078183,-0.5420291,-4.622567,0.7395679,-3.8825557,-0.4969478,-3.8809338,-1.4675523,-3.894154,0.11063441,disgust,20,03-01-07-02-01-02-20.wav
-460.9789,28.331491,-12.230952,-19.214361,-18.590158,-21.380743,-22.529934,-22.459475,-17.860527,-5.320111,-14.864613,-15.200613,-7.501809,-6.5043616,-9.795058,-4.967202,-1.3197906,0.7143424,0.28343147,1.510339,4.04971,2.8580105,3.983427,-0.19364093,-2.3562891,0.40969083,1.185022,0.2897328,1.1877953,0.45849377,-0.86173725,1.2533422,-0.21508396,1.827902,-0.2339934,3.562425,-0.19464244,1.1157478,-3.847335,3.837109,disgust,20,03-01-07-02-02-01-20.wav
-412.2653,41.612274,-12.673832,-16.570322,-20.568762,-14.992747,-15.922478,-24.270605,-19.374104,-8.599107,-12.181863,-13.785141,-11.876456,-9.735255,-15.451673,-8.6565695,-4.8191404,3.9198756,-0.70302653,7.1803904,7.479768,5.8893013,-0.74774474,-0.4031527,-6.392364,3.5298398,2.038637,-2.635471,-1.4809749,-2.8650525,-2.522149,0.93070245,-2.9464824,-0.8529284,-1.8696342,3.162136,0.18796618,1.2538352,-1.864457,0.8223907,disgust,20,03-01-07-02-02-02-20.wav
-428.52676,67.408,-40.60059,10.762961,-21.619026,-19.361547,-21.301043,-38.192204,-15.28301,-15.372902,-18.18307,-8.980163,-17.411358,-8.090202,-13.588119,-14.68376,-15.165697,-13.816444,-9.006941,-8.628505,-1.1351806,-1.231468,4.167935,5.7017903,4.7429667,2.0994911,3.8060806,6.0501738,6.1640096,11.746723,2.6427233,0.72819793,-6.926758,2.875321,3.4510171,4.390068,-3.4559891,-2.5231233,-5.503604,2.253042,surprised,20,03-01-08-01-01-01-20.wav
-376.59927,67.654526,-30.612219,1.4623348,-19.93073,-23.196152,-14.965822,-24.455564,-15.202863,-14.124674,-13.1943,-11.676026,-14.61115,-8.679192,-14.552429,-9.680808,-2.8267663,3.3990078,7.284365,5.1574483,12.084821,6.6015697,7.1568947,4.5120354,2.418219,-1.9426723,-2.7716136,1.4829068,-1.0810698,1.2339607,-4.7701993,-2.4863272,-2.648372,5.6563773,3.2338002,4.2181206,-0.17187169,1.94382,-3.5872455,1.7073479,surprised,20,03-01-08-01-01-02-20.wav
-453.81415,63.187946,-19.767302,2.5248182,-16.630074,-10.007224,-22.70544,-32.08785,-13.178533,-11.964881,-15.4065485,-10.606611,-11.867295,-11.181605,-13.168178,-9.694436,-11.0433035,-7.967371,-8.147877,-7.5951266,-0.38872164,-1.8037899,-5.3823524,1.4325142,-3.6401803,-5.6238813,-3.4279478,-3.242694,-4.7915516,0.58092105,-2.8531582,3.8527374,4.537028,8.918641,5.840701,4.52007,3.3494885,4.8653092,0.32182696,2.7011702,surprised,20,03-01-08-01-02-01-20.wav
-439.30374,78.65732,-39.110077,8.650291,-24.720661,-20.601706,-23.330757,-39.034832,-6.4771776,-18.62283,-13.335897,-11.229114,-4.357258,1.6233054,-2.8549194,-5.7571216,-6.316509,-5.939831,-6.908906,-6.7898726,-6.3816977,-3.3011396,-7.7839055,-1.2861251,0.046149347,0.29949754,3.6991534,3.1506667,-3.1917903,1.2587019,-5.6085787,3.886069,1.613768,8.044254,6.9920096,9.453757,6.002514,6.5257125,1.5343088,4.283462,surprised,20,03-01-08-01-02-02-20.wav
-306.26572,57.745296,-34.719074,-4.412021,-28.922077,-28.641823,-16.941662,-29.272398,-17.84968,-14.34581,-20.534449,-5.9360194,-12.81393,1.904968,-2.7303734,0.18222651,5.4214177,1.6483364,1.282745,-3.1953597,2.6903193,-1.6893983,-1.7355295,5.4905286,0.7799527,0.2701609,2.0417151,3.4713423,-1.244878,2.930999,-0.8304695,5.931122,0.510313,4.2610016,0.10644332,4.698132,-1.0600315,0.9143185,-2.4677756,3.0693798,surprised,20,03-01-08-02-01-01-20.wav
-424.3724,76.56256,-41.215534,2.6241732,-26.92292,-20.86299,-20.036201,-35.49096,-16.813944,-17.96632,-19.393534,-14.217481,-17.255203,-9.541612,-12.788619,-10.450899,-8.157082,-11.70783,-6.092712,-7.7665977,-0.32614493,0.4138214,-4.2915316,1.4906211,-1.1202574,2.1108255,-0.41073412,1.6723936,-0.8393325,4.673047,-1.2534174,2.691672,2.1342046,5.910679,1.2608094,2.5244677,-3.0831823,1.7666191,0.5124528,1.8286375,surprised,20,03-01-08-02-01-02-20.wav
-361.63815,44.239677,-35.97518,2.2704687,-14.486474,-18.296595,-16.09347,-31.054218,-19.151691,-7.027259,-19.454243,-8.667035,-13.366817,-4.170502,-11.970232,-10.715564,0.31720063,4.038717,3.5035663,3.4496086,10.540387,4.1176515,2.308641,5.655392,1.9761411,4.558675,1.0600146,2.6386588,-0.18067688,4.2972403,-0.7471231,3.690168,-3.2941604,2.6165652,-0.97020996,3.857922,0.41226664,2.7486374,-0.16738394,3.4164405,surprised,20,03-01-08-02-02-01-20.wav
-384.22842,53.008537,-33.082535,2.8109586,-18.44395,-18.751541,-24.117779,-33.639175,-7.8110385,-10.949248,-17.33553,-7.974873,-15.704857,-7.205505,-16.16281,-13.077427,-15.552778,-12.257924,-13.365379,-10.348322,2.7895548,7.144294,8.611951,13.212855,7.728736,1.4000373,2.5367656,3.6103165,4.5222526,7.59621,-2.0003724,0.9317158,-2.4689007,2.7736022,0.41239357,-0.6393826,-3.4169297,-5.8093657,-4.7982435,-0.9910932,surprised,20,03-01-08-02-02-02-20.wav
-438.6317,125.54373,2.636831,23.492798,13.30619,-19.216675,4.0269213,-9.984864,-22.741745,-5.167351,-4.189884,-10.072243,-4.3067613,0.40395793,-6.236867,-5.867632,-8.880255,-2.6584659,-2.2779262,-3.7561278,-7.6623015,-0.911398,-9.471548,-8.083551,-5.8614135,-5.3659363,-9.672425,-1.9932985,-4.3235855,-1.8426685,-3.4096174,-2.9653273,-6.4648848,-1.9424725,-3.805641,-0.46015406,-5.9208965,-3.476815,-4.6638327,-3.9558048,neutral,21,03-01-01-01-01-01-21.wav
-473.07806,125.80694,9.407579,25.107803,11.23299,-12.751669,4.6139812,-10.047829,-18.794949,-3.724726,-2.7558668,-7.1198025,-3.2540169,0.5340971,-4.8209815,-3.7532835,-7.2245307,-1.8761412,-0.7379604,-3.531103,-6.2613244,-1.0841509,-7.089439,-6.5868926,-5.308925,-3.9363492,-7.347907,-1.8859203,-3.2758572,0.7361258,-3.9007766,-1.8638113,-5.6570306,-1.2696875,-3.9553668,-0.854057,-4.6351566,-3.9979513,-5.288812,-2.5466754,neutral,21,03-01-01-01-01-02-21.wav
-420.38907,131.47256,2.4275885,22.723156,10.848782,-11.228093,2.2417903,-14.132343,-22.566635,-6.1630187,-2.0262182,-7.2210007,-8.04153,0.26998216,-4.9162645,-3.4598994,-3.7722309,0.062135346,-2.1892877,-5.344217,-8.810708,0.042792823,-7.949627,-8.584868,-5.976287,-1.7237346,-8.780749,-3.3516665,-2.7804196,0.3881147,-4.2923636,-3.8734987,-5.909965,-1.9020239,-2.589459,-1.0086287,-7.0734725,-3.937619,-7.0193167,-3.7057676,neutral,21,03-01-01-01-02-01-21.wav
-442.60287,127.62446,0.3757516,22.239153,14.969151,-7.4939117,-0.99639744,-14.555318,-20.254793,-3.6294293,-4.012698,-6.4140778,-4.0154676,1.1471968,-6.007714,-5.283927,-8.594397,-0.8924196,-2.932353,-4.7087836,-8.476926,-1.8405914,-6.7161865,-7.433159,-6.2490325,-4.9010687,-6.5914187,-4.273801,-2.6950378,0.3278395,-6.2157483,-3.795191,-6.475254,-1.3077338,-4.1598086,-1.2160816,-6.2832165,-4.5069256,-6.6237106,-3.3083718,neutral,21,03-01-01-01-02-02-21.wav
-489.5427,127.36662,15.35316,26.804594,16.234655,-6.74445,0.9728328,-6.889416,-11.56525,-5.30772,2.3735907,-2.0959644,-2.6113563,-0.7425474,-4.5428643,-5.7673173,-9.524603,-1.368426,-3.5089016,-3.8753107,-8.889167,2.2659996,-10.322086,-5.733958,-3.1155896,-4.3868227,-8.323883,-1.8755141,-3.8870018,-0.97054654,-4.457219,-4.614615,-4.4950867,-3.079413,-6.301963,-1.9686929,-5.5246587,-4.165576,-6.7797728,-3.996462,calm,21,03-01-02-01-01-01-21.wav
-470.7639,135.99669,6.7995687,21.573658,17.75546,-14.452895,3.5477664,-9.707428,-16.111696,-3.5354283,0.16390389,-6.098853,-2.8328178,2.1363277,-6.2262683,-4.682302,-8.991385,0.21081632,-3.4760997,-3.8715773,-8.411067,-1.234483,-9.405455,-6.0744376,-5.0042257,-3.9374626,-7.8249273,-1.9403888,-2.8417974,-0.5771576,-3.8555896,-3.6362865,-5.645678,-4.059227,-6.0761547,-1.3632315,-6.1982746,-5.0700912,-7.2615614,-4.0351977,calm,21,03-01-02-01-01-02-21.wav
-471.50757,124.2331,16.688858,28.498926,14.930269,-6.7902713,6.534554,-12.901771,-13.01588,-6.1979556,-0.25223115,-1.3558601,-0.6999182,1.7330892,-0.62286246,-1.9027311,-6.5831375,0.9962416,-1.1062757,-4.3667192,-7.8708615,1.7022135,-7.8701663,-5.695643,-4.449769,-2.730277,-6.492091,-1.9666364,-2.4616516,-0.89235,-2.905765,-2.8634763,-4.4852843,-1.3487475,-3.4996667,0.32534873,-5.6102195,-2.8395627,-5.128242,-1.8396028,calm,21,03-01-02-01-02-01-21.wav
-486.9534,117.84332,15.122431,29.28552,15.401127,-6.54385,-3.1782079,-10.840442,-11.403576,-4.6684923,-1.8729588,-6.534552,-2.2163513,1.0836458,-3.2250855,-2.4118576,-8.648319,0.32454282,-1.2961993,-4.6421733,-8.744378,1.2440668,-8.945237,-7.0687923,-6.260769,-3.1496046,-4.043771,-2.2894218,-2.0248694,-0.5936945,-3.735971,-2.241284,-5.0856194,-1.5103574,-6.0723,-0.98238,-7.8606925,-5.021608,-6.7564015,-2.858517,calm,21,03-01-02-01-02-02-21.wav
-469.10074,108.36728,13.424786,33.354218,14.674576,-5.282587,2.104066,-8.799703,-8.630747,-4.315914,1.5637506,-5.6080112,-2.6462984,1.1920096,-5.253029,-3.1625109,-7.9609933,0.39208445,1.1985008,-1.9048659,-7.234116,0.3979634,-9.392356,-5.0246687,-3.5490718,-4.589365,-6.350636,0.51484454,-3.7561939,-0.50127923,-4.8790665,-4.003651,-5.256836,-4.7314353,-3.3809946,-1.181209,-6.5364366,-4.181524,-6.724369,-3.0085282,calm,21,03-01-02-02-01-01-21.wav
-486.87726,114.138664,5.1815553,34.01788,14.194252,-8.05047,0.82750475,-11.03711,-12.602543,-1.735388,-1.2537154,-6.781499,-4.073551,-0.56539696,-4.5945406,-3.6730905,-8.981948,0.0906186,-1.2042465,-3.9654844,-8.269419,0.14941354,-9.176479,-7.1169496,-3.889755,-7.1685505,-7.279214,-1.3905599,-2.4838018,-0.579738,-5.3098807,-3.3040125,-5.31173,-2.8486068,-3.2503042,-0.7261484,-6.600406,-5.52843,-7.605208,-3.0737133,calm,21,03-01-02-02-01-02-21.wav
-447.9992,109.61258,-0.13005401,27.803007,16.316753,-16.079985,-1.941808,-10.8610935,-12.528286,-4.909187,-3.7898602,-7.46989,-2.2370632,2.0981896,-3.4352698,-1.913756,-10.18759,0.63733655,-0.98959947,-6.212202,-9.065445,2.5677118,-9.397669,-8.296171,-3.7261322,-5.966631,-7.6703978,-3.18617,-3.259696,-1.2035769,-3.52596,-3.6646245,-6.032395,-4.3270626,-3.7567816,-0.62971896,-5.519102,-5.0464644,-6.114975,-3.3778617,calm,21,03-01-02-02-02-01-21.wav
-464.15814,117.03114,8.387106,31.128626,18.142328,-7.578311,-2.6737328,-12.567308,-10.7096615,-3.7664723,-3.8007324,-5.0050163,-4.315673,1.9248427,-2.7383947,-1.9930648,-10.597266,-0.46843153,-1.0344671,-5.874338,-8.401574,2.9824939,-8.726032,-8.035341,-4.7007623,-5.7604384,-6.541855,-3.600453,-3.0268488,-1.3882418,-4.5066442,-3.9717977,-4.519734,-2.7771804,-4.9167,-1.708448,-4.8164163,-3.2156234,-5.788561,-3.580845,calm,21,03-01-02-02-02-02-21.wav
-411.9539,123.69035,-5.4781003,26.173288,12.225884,-16.664524,-1.4533224,-10.736485,-22.353033,-3.2964003,-7.3613405,-9.538066,-1.9386249,-4.9201307,-9.651234,-7.949568,-9.1591,-2.6166275,-4.158762,-7.4128475,-6.7100353,-2.4861622,-10.2205,-8.234622,-4.0216045,-6.632878,-6.0247493,-2.424657,-3.3907957,-1.0965946,-6.841404,-2.081527,-5.319784,-3.5060909,-4.869772,-2.1103878,-6.233896,-4.9764967,-6.3895597,-4.5766253,happy,21,03-01-03-01-01-01-21.wav
-390.67065,121.96744,-14.348775,26.993906,18.479374,-19.678482,-2.325208,-7.638145,-25.851854,-3.3887584,-6.3132863,-10.954929,-1.689742,-3.279541,-7.6296563,-6.7901607,-10.501868,-4.5248566,-3.934978,-6.045087,-8.794074,-0.873335,-8.444773,-7.533968,-5.2314386,-6.1930323,-7.804349,-0.4626888,-3.6009982,0.14061256,-6.5610776,-2.2800176,-5.451804,-4.9294615,-5.4700823,-2.8838382,-4.9221177,-5.9277616,-5.5851626,-2.0246544,happy,21,03-01-03-01-01-02-21.wav
-361.56427,116.225716,-18.123278,28.676424,10.515721,-17.608675,-3.5264568,-16.500772,-27.771427,-4.659845,-10.473333,-11.778638,-3.529439,-3.3885725,-8.799689,-7.7204103,-14.2927265,-2.712841,-3.559918,-7.769766,-11.483654,-1.14331,-8.847366,-10.474039,-2.7072334,-7.964247,-6.844988,-4.033576,-3.129816,-1.3206377,-6.2033005,-1.5469365,-7.0595393,-4.3802586,-4.4145293,-1.0907512,-5.6272044,-5.7280717,-4.418263,-3.131957,happy,21,03-01-03-01-02-01-21.wav
-399.20087,116.77229,-7.7288737,21.81193,7.2328577,-11.723669,-7.7562413,-12.748509,-22.057028,-8.0545435,-8.252445,-10.966693,-5.0004115,-5.3021817,-7.6730847,-8.462638,-12.617598,-2.4756536,-6.003544,-9.164667,-10.568134,-1.2925922,-9.0196085,-8.987028,-4.0297546,-4.55192,-7.5124216,-2.2042787,-4.0593762,-0.56809705,-7.779415,-2.5985181,-6.111411,-3.8691494,-3.7022867,-3.198258,-6.0469375,-5.992287,-7.5289617,-3.8469722,happy,21,03-01-03-01-02-02-21.wav
-296.5778,112.06667,-34.093395,22.14576,6.0752926,-26.485718,-8.239046,-11.181506,-33.213295,-4.3619123,-9.016579,-19.925377,-1.3698488,-10.564341,-9.45266,-7.5671144,-12.144806,-8.774891,-6.819823,-9.565406,-12.180301,-3.6011522,-10.4038515,-12.092885,-6.8331475,-8.869576,-11.1130705,-2.960306,-2.4056623,0.15147234,-2.3774989,1.3110644,0.07360422,0.8630817,-0.12110896,1.259542,-1.9724473,-3.11827,-4.1275153,-0.15623891,happy,21,03-01-03-02-01-01-21.wav
-322.4092,99.711555,-32.060078,17.848091,11.357586,-23.826773,-7.9169736,-9.502047,-34.47603,-2.7796712,-8.903451,-18.371967,-3.6859636,-8.357383,-11.680409,-8.09618,-13.036419,-9.197535,-4.9209223,-9.11169,-10.453079,-4.531425,-11.176225,-11.757222,-5.960589,-8.592506,-9.124095,0.69477993,-0.5023038,2.4738157,0.516895,2.4986145,-2.6125462,-2.663069,-1.4125586,3.1199746,-1.5786325,-2.0478106,-4.34681,0.053485837,happy,21,03-01-03-02-01-02-21.wav
-316.91846,119.390594,-24.658884,17.622782,6.6860356,-22.873539,-12.45863,-15.035731,-32.826122,-2.043479,-10.782774,-16.910103,-3.2028437,-11.493916,-8.395491,-7.609858,-14.871881,-4.9733887,-5.539282,-7.9097342,-9.756105,-3.8182704,-7.7406616,-12.2472315,-5.8822446,-7.2959576,-9.305302,-4.055426,-4.214425,-1.3855703,-6.5653677,-4.1376095,-8.196393,-6.4679193,-7.3216486,-4.911837,-6.273755,-6.491987,-3.14693,2.621917,happy,21,03-01-03-02-02-01-21.wav
-289.38556,104.31131,-29.974146,18.138828,0.2590369,-23.434074,-11.390055,-13.015305,-35.547943,-6.78015,-10.297028,-19.34515,-4.3989143,-10.338057,-11.543935,-9.366587,-16.010696,-8.519754,-5.196405,-10.71633,-12.225493,-4.21822,-10.338823,-13.174228,-5.4947634,-7.1260314,-6.060822,-2.473876,-3.141719,-0.89948416,-5.9248967,-4.448712,-5.1697927,-4.1214895,-1.1011692,0.17223223,-2.0394652,-3.3262308,-1.4859962,1.610844,happy,21,03-01-03-02-02-02-21.wav
-520.60645,108.501564,5.4614496,29.720844,13.426675,-9.992172,5.680758,-14.709641,-15.407611,-6.0709653,-2.9348495,-11.070636,-3.0783184,-4.2005925,-3.5137334,-3.715374,-9.779193,-0.36185202,-4.4360795,-2.1348453,-6.9280286,1.1685746,-7.637012,-4.455858,-3.0291796,-2.1996765,-7.6793456,-1.4877553,-2.6553996,0.24435006,-5.155774,-0.6775574,-3.940739,-0.006316285,-4.422165,1.2704083,-3.2134237,-1.9230747,-4.509764,-0.97233206,sad,21,03-01-04-01-01-01-21.wav
-537.1662,108.58854,8.919357,29.846432,10.17941,-6.1608253,7.3800664,-12.868204,-9.168315,-6.6567907,-5.459705,-7.7127614,-3.0858073,-3.6544554,-2.3999515,-3.6169305,-9.858431,-0.7509167,-4.7497087,-3.497523,-8.511674,-1.6036782,-9.268577,-4.2067285,-3.2621167,0.2450449,-6.5357294,-0.8515907,-2.745992,-1.0331852,-4.422167,-1.9399657,-3.8838408,-0.3308722,-4.9835873,1.1762277,-3.8099992,-2.6183794,-6.7423825,-1.5974206,sad,21,03-01-04-01-01-02-21.wav
-456.70312,98.653854,1.4033098,33.12155,8.996665,-6.8635964,3.8051987,-15.032476,-14.660717,-2.0568576,-1.6910932,-7.059757,-3.5618358,-2.7213948,-4.5394225,-6.20594,-13.079585,1.8012578,1.7494416,-3.5875912,-9.768562,1.9181887,-8.887195,-5.172605,-4.8996367,-3.2218719,-5.614055,0.9364673,0.20765583,-3.2399924,-2.7542539,-0.5766942,-6.0050974,-1.7332209,-2.8620176,2.802482,-6.5034885,-2.0552187,-6.6746674,-0.81035453,sad,21,03-01-04-01-02-01-21.wav
-476.7634,107.79573,-1.2755367,29.24844,11.2368,-7.8060026,4.911186,-16.188229,-16.971882,-4.60035,-3.6209123,-10.485874,-2.6481175,-3.4031882,-3.9088886,-2.5740242,-11.20831,1.6818765,-0.87374586,-2.6041646,-8.3916445,1.6240137,-9.138327,-1.8959574,-5.3639784,-2.0371041,-7.3254886,-0.64044315,-2.0389407,0.5203485,-5.213272,1.5127815,-5.541765,-0.8599801,-2.283737,2.0758994,-3.0876718,-1.8721879,-5.6115584,-0.91131437,sad,21,03-01-04-01-02-02-21.wav
-353.9298,118.255196,-32.098286,20.452803,20.378897,-18.899673,-30.14942,-2.247575,-42.39432,-14.504719,1.46243,-25.404753,-12.036918,-2.0456247,-15.296128,-1.9285468,-12.202852,-6.533941,-2.2098646,-10.069489,-2.0039685,-9.10223,-4.358369,-4.6135683,-7.794772,-2.62131,-7.022456,-3.4446623,-4.929071,-0.98323077,-1.9630866,-6.0892253,-3.0217705,-0.43635166,-5.4040275,1.0626175,0.95175236,1.5298582,-1.2006612,3.7113597,sad,21,03-01-04-02-01-01-21.wav
-388.452,102.26569,-25.662868,17.99756,18.83621,-17.33518,-26.829025,-5.764417,-39.311214,-11.277892,3.7377589,-24.628567,-7.802387,-4.38539,-14.41306,-2.952333,-10.910593,-6.070118,-2.2713418,-9.159271,-0.8532196,-7.7459693,-4.8802547,-3.6493487,-8.112441,-2.2811985,-6.559256,-1.8242438,-5.7619805,0.382759,-0.7036518,-6.704023,-3.2170856,-0.012016118,-3.5728595,3.5441198,2.9874794,4.5817995,0.898047,4.376634,sad,21,03-01-04-02-01-02-21.wav
-404.27902,104.02337,-19.85462,24.405832,21.27443,-22.469383,-10.820529,-12.251979,-34.31362,-3.8282673,-5.788004,-18.295835,-6.889651,-8.501739,-9.513844,-5.8770165,-10.687114,-2.0216641,-4.507452,-2.8306477,-7.7176614,-2.9775145,-3.5345175,-6.41489,-5.1587033,-3.3901384,-6.9504576,-2.4613264,-3.7606442,-0.8711461,-4.915844,-3.0182137,-2.1370745,-3.8114483,-3.8227177,-2.0944827,-1.6505545,-4.739129,-3.3341968,-1.542164,sad,21,03-01-04-02-02-01-21.wav
-398.72177,112.75583,-21.361668,23.126556,22.84015,-19.413105,-16.32398,-7.753366,-36.03501,-5.099927,-2.1836433,-19.53542,-7.0870814,-5.710177,-10.684571,-3.13655,-9.791417,-2.2797244,-4.6680374,-4.3767996,-4.3722205,-5.0501413,-3.1133296,-3.314778,-7.0542693,-0.33746526,-7.599084,-3.5357516,-3.3287284,-0.23039728,-1.4656831,-6.0174003,-1.2491549,-2.3995218,-2.880614,-1.3781006,0.88030964,-2.4322839,-2.0470045,1.8736397,sad,21,03-01-04-02-02-02-21.wav
-278.96985,85.08565,-29.279919,26.27054,10.325978,-26.784792,-3.8770254,-9.0245695,-34.49045,-1.9500042,-4.969932,-16.815983,-4.792128,-4.054672,-10.845398,-5.3492756,-14.24718,-1.8398329,-8.526296,-5.065568,-7.534843,-5.2718587,-5.9198947,-8.358975,-5.020545,-3.8657026,-9.78751,-3.0224504,-4.843079,-1.8794739,-4.8094807,-7.3026752,-8.237661,-7.1823745,-6.54868,-0.9498361,-0.7872662,3.3810723,-1.3447887,0.782745,angry,21,03-01-05-01-01-01-21.wav
-281.55328,93.81277,-27.773073,24.685194,13.181329,-26.915007,-2.0127149,-9.03271,-34.721806,-1.7982568,-4.966938,-16.890709,-4.900214,-3.9728627,-12.81346,-2.7224817,-14.101596,-2.1980565,-6.884314,-5.485781,-6.117778,-4.5216436,-5.4778132,-8.789224,-6.4685755,-3.9337358,-8.749317,-3.1935909,-6.3009887,-3.0669057,-4.511716,-4.7144413,-6.051409,-5.4016232,-8.963547,-5.21861,-5.188104,-0.10965702,-1.5079995,2.7239542,angry,21,03-01-05-01-01-02-21.wav
-262.782,79.02017,-20.500484,22.9518,6.283386,-27.39689,-4.127715,-8.6197195,-33.37577,-8.4220085,-7.0846286,-19.783516,-5.768257,-6.9943924,-7.98087,-6.1886272,-13.818135,-1.0853783,-5.887806,-7.850531,-8.349456,-2.9214933,-7.7421293,-9.0317135,-9.968405,-5.92791,-11.821221,-5.176448,-7.2356796,-3.2346869,-4.5743937,-5.5215106,-6.305705,-3.1844635,-1.0093015,1.7592894,-0.23083088,0.018881308,-5.3114657,-1.6721741,angry,21,03-01-05-01-02-01-21.wav
-262.15396,88.4742,-25.514538,24.735523,9.590441,-27.72202,-4.448762,-10.855247,-37.34447,-3.5811164,-6.457077,-21.83997,-5.826704,-6.819727,-11.354839,-5.1802697,-14.605066,-1.0288033,-7.309684,-4.4465137,-8.639875,-4.063411,-5.1359825,-9.286711,-7.242332,-3.7745085,-10.61767,-4.7526717,-7.696579,-1.5741297,-5.2080226,-6.3099008,-9.535451,-5.7018414,-5.5667152,0.4824074,0.5239026,4.852212,-0.84130234,0.55264866,angry,21,03-01-05-01-02-02-21.wav
-211.914,78.320145,-33.04227,15.74694,8.388038,-28.330866,-10.473735,-5.091641,-31.00728,-2.4259174,-4.32808,-16.292166,-4.176532,-5.6876016,-10.087602,-6.3523936,-8.511641,-2.1879842,-8.185933,-8.572911,-10.047896,-7.333298,-7.517408,-11.505215,-7.9243083,-8.070281,-12.7592745,-5.242349,-2.1105163,5.4379306,10.024,11.395877,3.901271,3.41702,-2.386852,4.323851,1.4504423,6.8725295,2.7406204,1.1018438,angry,21,03-01-05-02-01-01-21.wav
-216.7071,75.41893,-39.947323,14.920409,7.6472487,-21.506426,-13.786635,-8.044992,-30.495367,-3.4964013,-5.066974,-17.574432,-3.6833918,-8.19796,-11.051121,-10.107192,-9.68916,-7.36758,-10.257013,-10.48658,-11.163922,-5.906274,-8.118597,-9.290167,-1.4741246,-0.8410735,-4.1861897,5.967628,0.7121898,6.2881737,5.636406,6.7893395,2.9641814,7.065848,1.800205,4.832437,0.07329824,3.6212947,-2.4383996,-0.39060837,angry,21,03-01-05-02-01-02-21.wav
-240.07332,70.93083,-27.502892,15.382599,5.6341853,-25.74647,-6.465823,-12.963715,-34.041473,-5.6357746,-8.199035,-19.005997,-7.5374007,-5.4931707,-8.708164,-6.849119,-13.180899,0.6766156,-8.732948,-7.2324066,-7.9928412,-6.674698,-9.38536,-12.926773,-8.959223,-7.0983152,-12.202177,-4.696972,-9.662902,-5.1710625,-6.399334,0.5996728,2.573191,6.169765,5.595717,7.3432446,1.705873,4.340772,0.0023884613,2.7595842,angry,21,03-01-05-02-02-01-21.wav
-218.17165,65.99395,-35.849907,15.060009,5.7315183,-27.745129,-11.018027,-11.569979,-33.78353,-6.499649,-7.162273,-16.76908,-5.058094,-5.065584,-8.246097,-8.715749,-13.456337,-4.775569,-10.618833,-11.308312,-13.449085,-8.623936,-9.97935,-12.74991,-9.559391,-5.5130324,-8.11995,2.0148962,2.8094795,9.448794,7.127949,4.792589,-2.6036317,-0.20495579,-2.6955695,4.1862807,0.77413964,5.6255617,1.8579141,4.7243433,angry,21,03-01-05-02-02-02-21.wav
-420.93085,116.17944,-7.46922,26.507717,13.57631,-14.924009,-0.93028516,-9.152849,-21.81276,-3.7514677,-3.9959078,-16.166124,-6.492144,-0.043803755,-8.284128,-5.1491756,-8.823523,-2.182092,-6.7423954,-3.3141656,-7.8123026,-3.1341577,-9.665492,-7.303461,-4.048616,-3.817783,-7.0570345,-1.242495,-2.9347444,-0.17296545,-5.117158,-2.5053604,-3.978576,-2.4966176,-5.5756216,-0.18915299,-3.5375144,-5.0054827,-4.7591095,-0.75748533,fearful,21,03-01-06-01-01-01-21.wav
-411.87326,115.60181,-8.787842,25.359913,12.24673,-16.942884,-2.3797987,-11.255196,-21.53546,-3.7865694,-6.0717344,-15.118954,-7.2942815,-3.7468798,-8.429253,-4.8817863,-11.180384,-1.2337089,-6.604653,-4.5259633,-9.862345,-2.5950155,-10.753399,-6.2894826,-4.402149,-5.1780887,-7.765071,-1.6985344,-2.7721312,-1.827103,-5.810118,-2.8565,-5.482773,-3.24608,-6.12428,0.95584613,-4.391981,-5.8458157,-5.601507,-2.1294835,fearful,21,03-01-06-01-01-02-21.wav
-427.99246,94.992805,-7.4097238,20.706623,13.94491,-8.826496,-3.7400444,-12.859994,-20.362473,-1.7505041,-10.204237,-13.87422,-4.404544,-2.6033306,-3.1292078,-3.5161333,-12.397163,-5.9059787,-5.9047074,-3.9790025,-11.397208,-4.9896827,-6.9912977,-7.8054905,-4.4840426,-2.993251,-7.410876,-2.2886074,-3.2077649,0.6885631,-6.32559,-3.2617583,-6.4644027,-2.9552975,-5.0890512,-2.595904,-4.3649974,-8.599265,-5.804368,-4.2784214,fearful,21,03-01-06-01-02-01-21.wav
-457.94635,97.342255,-0.016730392,19.962517,7.1099887,-8.210814,3.1927373,-13.213784,-17.327381,-4.2766876,-8.482234,-12.607701,-5.2792997,-2.8105094,-4.4981604,-4.9765515,-12.771439,-5.8234596,-4.6691966,-6.2534356,-9.890753,-3.325758,-7.925583,-4.0548134,-2.9745889,-4.023448,-5.5471706,-0.39316022,-1.7146915,-0.40596774,-4.7031198,-2.0930612,-4.333901,-2.78832,-3.516231,-0.8957175,-1.2183828,-5.4472437,-3.08625,-3.498079,fearful,21,03-01-06-01-02-02-21.wav
-337.48203,83.98307,-25.158087,19.415071,11.325435,-19.16436,-9.019397,-5.611476,-29.126734,-4.0565324,-5.5840235,-15.01297,-5.236764,-2.7442424,-8.660486,-4.737239,-14.899277,-4.9742646,-6.9509687,-7.1793466,-7.1226034,-6.641992,-6.906244,-6.719281,-6.868127,-6.2947845,-8.369722,-4.458448,-4.342515,-1.3920225,-6.3839135,-3.4345818,-6.9794416,-5.5786858,-7.2888765,-3.762769,-5.1464753,-2.2214217,-2.7318475,2.176378,fearful,21,03-01-06-02-01-01-21.wav
-328.8151,88.67743,-23.527721,16.742464,8.252582,-16.018011,-11.937544,-5.25393,-29.482126,-8.759186,-4.6220317,-17.4642,-7.3965416,-5.324659,-9.553092,-3.886198,-16.62908,-4.30087,-6.103128,-7.9074802,-5.910561,-9.187322,-4.7635818,-8.250429,-6.9143734,-5.4812274,-10.278343,-4.508462,-6.763151,-1.949083,-8.595943,-7.5544157,-5.5072904,-3.4425933,-5.609778,-0.5378209,-3.7888045,0.52048546,-1.4697032,4.9935055,fearful,21,03-01-06-02-01-02-21.wav
-303.63818,103.48154,-21.52412,19.646418,10.997242,-16.89929,-8.860215,-12.645268,-32.18462,-8.725484,-7.7986193,-16.730984,-8.439439,-5.09854,-10.479661,-3.6988366,-16.372103,-6.6260595,-6.7573123,-7.992766,-8.655823,-7.7525177,-7.7239494,-9.570292,-9.196714,-5.7799363,-9.856552,-3.332,-3.1008139,-1.8860602,-8.89356,-3.5782177,-6.2853484,-5.6819835,-5.3858366,-3.7939918,-4.859391,-8.536818,-4.1783695,-1.1534364,fearful,21,03-01-06-02-02-01-21.wav
-314.63596,99.558,-14.772273,19.002953,13.198146,-18.447586,-9.037883,-7.957331,-29.21664,-8.976843,-13.003867,-18.11455,-9.0368805,-5.6341133,-11.007921,-3.4596977,-16.78948,-5.5446343,-7.6255746,-6.1551337,-10.998582,-6.9308686,-7.0860624,-9.124899,-6.3215113,-6.1108727,-11.562395,-3.7197354,-4.1815987,-2.2158663,-7.709922,-1.7852666,-7.2820973,-6.468283,-6.388982,-3.3857841,-4.037665,-5.381532,-5.8643355,-4.855136,fearful,21,03-01-06-02-02-02-21.wav
-371.8425,105.99236,-8.966209,31.694357,14.230092,-22.53858,0.97702605,-7.676653,-23.100592,-2.506191,-3.2447684,-13.1121435,-9.785122,-4.4803395,-8.0149555,-5.8322287,-11.049565,0.11977338,-6.085934,-4.6578574,-8.868619,-0.588262,-10.599975,-4.7804627,-4.873874,-3.9441721,-6.2209616,-2.5057,-1.5552493,-2.3363407,-3.4053369,-2.8630183,-5.4604177,-3.5842354,-3.0414376,0.043448426,-4.9118013,-2.4273016,-5.45244,-3.1340463,disgust,21,03-01-07-01-01-01-21.wav
-372.20135,103.82173,-16.878317,26.887377,17.468187,-25.379187,1.123309,-8.627088,-19.47053,-3.9424264,-0.36717528,-11.015729,-7.6535554,-0.14667977,-9.578346,-4.9572263,-12.2393,-0.08514864,-7.641675,-3.9618683,-6.0386395,-1.4189168,-12.100705,-4.393794,-6.3594527,-5.6685057,-6.4722414,-1.9028392,-3.3092833,-1.6699352,-3.6337755,-3.2854986,-4.200365,-3.37904,-3.4618294,-0.102844976,-5.7529263,-2.7505648,-6.3653674,-3.2898722,disgust,21,03-01-07-01-01-02-21.wav
-363.33582,103.56189,-10.474603,25.338432,17.235197,-24.334072,-5.1032195,-8.406224,-23.396479,-1.8394405,-8.124955,-13.7352495,-9.195599,-5.568245,-8.377512,-2.835709,-10.0385,-0.3112358,-10.292826,-4.0769444,-7.507694,-1.3683746,-10.657957,-4.0733805,-8.426762,-6.465505,-4.456295,-3.1043708,-2.4739716,-3.1346407,-3.0524209,-3.418476,-7.2691627,-1.258673,-3.4227457,-1.9768502,-4.8849454,-2.5050545,-7.0257363,-3.4876657,disgust,21,03-01-07-01-02-01-21.wav
-346.49664,98.5063,-15.307326,29.68909,16.40127,-27.846401,-4.85439,-9.500466,-26.418182,-1.1622202,-6.628515,-12.246333,-7.6424594,-7.5421786,-9.655485,-3.6034257,-10.363621,-0.5842114,-9.989305,-6.0625134,-7.6805096,1.5053777,-11.135793,-4.36733,-6.3161926,-4.815465,-7.0151706,-3.3183768,-1.7898833,-1.8854976,-5.4258895,-3.7363622,-7.405671,-3.1295743,-3.7949803,-1.9760369,-6.2526374,-2.8575807,-7.348115,-4.2782984,disgust,21,03-01-07-01-02-02-21.wav
-407.12738,103.05591,-16.392145,22.471369,22.261887,-24.613377,1.4702781,-8.421724,-14.5570135,0.56506026,-1.7467461,-6.987937,-4.5066752,0.972526,-5.8688817,-3.3329914,-11.652051,3.398147,-5.8844953,-2.4941263,-7.8011746,0.45244125,-10.75512,-4.1952415,-5.601467,-5.454167,-7.29653,-0.8882548,-1.7296194,-2.2248256,-3.4900165,-2.2912283,-3.5244515,-1.7041227,-3.86401,1.1932399,-4.0458894,-2.974548,-4.8425417,-1.4937941,disgust,21,03-01-07-02-01-01-21.wav
-404.99307,108.00055,-16.151358,26.384762,18.344803,-24.233097,7.2001157,-7.9610195,-19.950523,-0.21716517,-1.5851911,-7.832196,-4.2409472,0.806839,-5.647869,-1.7120774,-11.200389,1.5724586,-4.234461,-1.4922396,-7.0109973,2.1711643,-10.342113,-3.8829865,-3.1424,-4.534962,-7.2333975,-0.50225693,-0.2885313,-0.062173657,-2.5909498,-3.1864092,-2.3825207,-1.3296884,-2.9978032,-0.1609401,-2.1708128,-3.8077698,-4.294816,-0.41823354,disgust,21,03-01-07-02-01-02-21.wav
-395.4608,84.03857,-10.607633,28.458975,14.339398,-21.643959,-1.927633,-5.024559,-18.780159,-0.36642542,-5.044331,-9.053013,-3.8799787,-1.7000256,-5.0496035,-5.6435227,-12.486762,0.8227588,-6.9598107,-5.2335224,-7.073644,-0.10071803,-11.775948,-3.7750487,-5.703295,-5.326052,-4.687364,-2.9044025,-3.247719,-1.7769855,-4.258564,-2.260869,-4.837358,-1.6875122,-4.0869684,-0.02713207,-4.8545194,-1.9204917,-5.2423964,-2.4662054,disgust,21,03-01-07-02-02-01-21.wav
-390.50717,97.4018,-7.9636087,29.564651,18.841011,-18.766386,-0.7441111,-3.7476223,-19.948978,-0.73344404,-0.6911918,-6.182279,-2.1651993,2.6635356,-5.168103,-5.1215053,-9.310777,3.3232372,-5.571087,-1.5175791,-6.4368563,0.9479804,-10.736615,-3.8990736,-4.633396,-5.797407,-4.212519,-2.0200408,-1.5900594,-1.2856882,-2.8289998,-0.81241363,-3.6571772,-0.90149117,-2.7119567,1.7124784,-3.3511262,-2.0811832,-3.8911693,-2.2225566,disgust,21,03-01-07-02-02-02-21.wav
-337.28976,118.54192,-11.964613,15.813251,9.136379,-25.396324,-6.938912,-11.000513,-29.299864,-4.751547,-13.828858,-17.677744,-4.302269,-10.811584,-10.048164,-6.4389257,-13.99967,-4.6243505,-4.7058992,-6.226161,-8.284855,-5.08417,-10.34718,-8.198655,-4.313839,-9.204694,-8.846002,-2.923441,-5.9471264,-0.7849291,-8.114883,-2.8994937,-4.901137,0.1393004,-1.7945563,2.7739246,-1.2400771,-1.536272,-4.0709467,0.0541901,surprised,21,03-01-08-01-01-01-21.wav
-343.10703,110.77907,-7.844528,14.965044,8.500267,-20.797237,-2.6469913,-9.333149,-27.69966,-7.138447,-11.997093,-17.798214,-7.908984,-11.560665,-9.925526,-6.552107,-12.836102,-4.441143,-6.9791546,-8.063156,-10.471937,-6.2953434,-9.439207,-7.6234903,-5.654129,-7.3202877,-6.604285,-0.94049466,-3.6010458,2.6698182,-4.5619802,-0.20005727,-1.2397115,1.418014,-2.7119694,3.092434,-1.8538203,-2.050258,-5.4437456,0.5541549,surprised,21,03-01-08-01-01-02-21.wav
-332.40027,102.48174,-14.929201,15.142315,2.9751408,-19.723219,-7.357532,-14.6625805,-27.956486,-7.1833563,-17.076,-20.958658,-8.85139,-8.843364,-7.9643226,-8.216545,-14.643738,-6.913796,-6.1068697,-9.021377,-10.661612,-3.2526681,-5.1214957,-11.583993,-4.8530517,-7.3186398,-6.4061985,-0.60875076,-5.1879816,4.265965,-2.5395403,0.116853945,-3.764464,1.9725724,-0.79910046,2.9120772,-0.0030087964,-1.6064072,-2.7358716,-0.37398928,surprised,21,03-01-08-01-02-01-21.wav
-336.34927,105.80048,-1.1067005,12.555741,6.2798715,-19.81841,-5.3387794,-13.610387,-24.940134,-3.9969306,-15.085725,-17.57247,-10.994337,-9.435874,-8.560175,-5.5538383,-9.475175,-3.8571234,-7.4349213,-10.541541,-8.34862,-2.8782194,-7.2870636,-12.413453,-6.086231,-7.0141444,-7.127715,-3.0268724,-4.5619116,-1.8557281,-9.386017,-5.0127544,-5.868529,-0.71930814,-0.1687324,2.1873922,-2.8904405,-0.3582391,-2.201931,0.88193166,surprised,21,03-01-08-01-02-02-21.wav
-304.73584,90.50011,-15.705558,18.459576,3.1488297,-20.907495,-12.301697,-8.347818,-34.633446,-4.041151,-13.908389,-21.825277,-4.461261,-10.469735,-9.545752,-8.292986,-15.547403,-6.939052,-3.7934592,-8.700414,-5.4418244,-5.2686105,-8.980661,-7.747972,-4.1808534,-5.8122163,-4.0005264,3.6060023,-0.80062485,8.199363,-0.18235612,5.3270583,-2.3032389,-1.3268541,-2.4330266,0.7573117,-2.564187,-0.39530498,-3.1201465,-0.6666013,surprised,21,03-01-08-02-01-01-21.wav
-302.63522,95.37713,-19.091265,18.38451,0.92934847,-23.914597,-12.81353,-6.180795,-33.557854,-8.368512,-12.011649,-21.317034,-4.4480834,-12.534086,-8.337531,-10.248601,-16.563784,-6.8728247,-7.4724927,-9.630914,-6.413502,-6.5139894,-7.0910573,-4.837293,-1.5133504,0.13883747,-3.2433639,4.377129,-3.8794684,2.745064,-3.173977,1.4026865,-0.37101224,-1.1723303,-3.0975425,0.78490955,-1.3806275,-0.27045482,-5.3433685,-2.0461032,surprised,21,03-01-08-02-01-02-21.wav
-309.09512,89.80571,-10.165434,19.765284,6.0275564,-21.874676,-9.267019,-12.112451,-34.57389,-2.4482841,-14.818833,-19.848494,-5.665826,-10.405409,-10.616406,-8.185082,-14.389422,-6.823495,-0.7803398,-7.8438025,-8.160114,-3.3534513,-5.5528975,-8.891538,-5.3155384,-9.51861,-7.0882583,0.552562,-1.5635351,5.621952,-0.6535805,4.4535184,-1.8398186,2.2766812,-2.059615,2.8086858,-2.3656123,-2.183664,-5.0534024,-1.7700661,surprised,21,03-01-08-02-02-01-21.wav
-305.37924,80.95285,-5.792329,21.74364,2.5527546,-18.951923,-12.878373,-10.539213,-32.826168,-4.920534,-16.020538,-19.06407,-5.836749,-13.571136,-6.291339,-6.842931,-13.739221,-5.912298,-4.2390504,-10.697728,-5.92921,-5.4534607,-8.1191435,-7.6930814,-5.579163,-3.5719893,-1.5815187,4.3539057,-0.33761147,5.9725595,-5.316812,0.8328031,-2.4957638,2.586673,-0.541979,0.19924177,-5.412983,-2.966679,-5.084212,2.7953618,surprised,21,03-01-08-02-02-02-21.wav
-514.27435,85.479485,-0.6224793,1.3896875,1.5399501,-16.726814,-10.588173,-12.684253,-24.121853,-8.622521,-5.8955803,-12.959922,-5.161939,-10.730161,1.0956093,-17.153385,-6.133935,-7.1255193,-9.841525,-9.47791,-10.78518,-6.9388843,-9.379405,-4.997982,-9.280457,-5.342944,-11.245049,-2.6323771,-4.18602,5.920735,1.8170321,4.14832,-2.65683,1.1931789,1.207897,7.7970433,11.552512,14.984983,5.2890735,9.784964,neutral,22,03-01-01-01-01-01-22.wav
-490.58878,77.76964,-0.4721911,-2.061642,2.5158913,-19.3656,-17.403667,-15.151785,-24.842106,-8.382772,-10.334984,-14.048423,-9.327298,-11.402677,1.0966848,-17.601223,-4.8123107,-7.970505,-9.482945,-10.0487585,-12.242431,-6.663696,-11.921598,-6.418891,-9.19563,-4.3032036,-4.3441906,3.4947584,0.58171815,6.5907917,0.7545778,2.7580347,0.56175727,6.186055,6.6597195,6.9924836,1.737718,6.282388,1.6429498,10.367663,neutral,22,03-01-01-01-01-02-22.wav
-499.23544,80.29662,0.10576355,-6.7992725,0.1284899,-12.03197,-15.91076,-18.965305,-21.818771,-4.9448833,-5.806871,-16.968441,-7.0914674,-6.897611,-0.3169038,-16.184864,-1.5912626,-7.9101048,-10.952654,-9.965742,-9.078767,-6.912775,-10.701553,-3.8018925,-6.0747504,-3.4491665,-4.3229756,4.504187,0.40341547,7.698844,4.6896205,6.7974024,2.370488,9.793933,5.3030133,6.7039633,2.820396,6.0627985,1.0629871,10.851555,neutral,22,03-01-01-01-02-01-22.wav
-501.62616,73.711365,7.3278484,0.66142374,2.2337847,-11.370276,-12.910631,-18.005848,-24.297247,-7.6115074,-6.751208,-15.08361,-7.3428555,-9.699579,-2.628152,-14.826309,-4.4595456,-5.1400337,-11.30175,-7.989378,-10.293665,-8.16016,-9.9172,-5.599693,-7.6530294,-4.93561,-7.026707,2.167459,-0.41314974,6.3249807,2.5881708,3.7123892,0.92370135,10.867378,6.9462137,10.83599,5.194384,5.8673677,-2.0948963,7.0403814,neutral,22,03-01-01-01-02-02-22.wav
-536.35504,79.0741,6.034645,2.9486136,2.9925532,-11.078197,-14.71648,-12.267792,-19.81592,-7.059899,-8.518894,-16.331497,-5.1196923,-11.387382,0.82454324,-15.116654,-3.8889186,-5.681308,-10.701621,-7.767577,-10.479697,-4.994717,-10.5528555,-1.9521652,-11.180329,-1.7906971,-5.5771976,4.3170934,-1.0624698,6.7186084,-0.8724134,0.18554041,-4.434258,3.2987142,6.1322155,8.967325,8.321499,9.197095,0.015631255,6.960352,calm,22,03-01-02-01-01-01-22.wav
-538.042,83.60419,5.910155,6.0644827,3.2714138,-10.805609,-11.260294,-9.5923,-19.089176,-7.2086434,-7.2450356,-14.965755,-5.195887,-10.635403,0.42636,-15.42,-6.5662446,-6.555154,-11.261093,-10.066287,-9.538659,-4.1356583,-10.164694,2.8097575,-2.0863547,4.939693,-0.89273447,0.1524284,-3.498284,-0.03917895,-3.1977606,-2.6444716,-1.5467898,1.6698188,3.383797,6.1147895,2.3333006,5.116558,-3.8552127,0.65793765,calm,22,03-01-02-01-01-02-22.wav
-509.7793,77.70599,6.61778,-3.124361,-3.0201528,-9.738316,-17.310474,-17.47038,-20.111794,-7.983906,-7.7716126,-16.454348,-6.795137,-10.073055,-3.3960671,-14.65746,-4.8524327,-4.949914,-10.921516,-8.122692,-11.437301,-6.7307105,-10.307781,-4.5537763,-6.189318,-0.8079529,-2.7241104,2.654407,1.10709,4.9494386,0.8930399,2.7264054,3.6143475,11.535622,5.823616,9.348567,3.887769,8.032144,0.23846485,5.2935715,calm,22,03-01-02-01-02-01-22.wav
-513.8761,70.77693,6.6430507,3.7852561,-3.1033936,-4.556912,-13.573615,-16.403992,-23.151241,-3.76138,-7.5687127,-15.761306,-6.479691,-7.4446006,-2.8782165,-13.645075,-6.54628,-4.012736,-8.387356,-9.243461,-10.063523,-6.234646,-11.592615,-3.227552,-7.948828,-1.4280984,-4.0002255,4.03007,-2.9877264,3.3200514,-1.2971755,-0.92954445,0.95070046,9.660384,9.727338,11.207788,4.344629,4.2859764,-2.4849746,6.1549706,calm,22,03-01-02-01-02-02-22.wav
-536.26483,69.1481,2.2707949,4.1571755,1.9035987,-9.201808,-10.12913,-6.7688146,-14.88539,-6.7855773,-6.1667795,-13.992957,-6.8647056,-8.11624,2.566796,-14.236013,-5.398029,-5.265598,-10.322425,-8.15685,-12.041556,-3.2584305,-11.935096,-3.4666157,-11.147276,-4.225965,-8.824212,0.8605142,-2.1764479,7.778142,0.24282177,2.1620219,-7.086044,0.68185014,-0.07109251,4.374491,4.173664,7.7432094,2.1070628,6.9326468,calm,22,03-01-02-02-01-01-22.wav
-520.11676,75.32835,7.022054,1.6642329,-2.1235278,-11.391646,-13.826711,-7.125785,-16.785133,-4.790461,-8.247882,-14.142224,-2.7757685,-12.665394,1.4989833,-11.518265,-7.5217443,-5.4256797,-11.746909,-7.8982787,-6.9574423,-4.41277,-10.6124525,-4.2158046,-12.008827,-1.6584649,-6.6295447,3.7768128,1.1293615,6.4040346,-1.2119538,-2.4361498,-4.851074,-2.733263,2.3643086,5.682661,6.494069,8.683273,0.10741163,8.671843,calm,22,03-01-02-02-01-02-22.wav
-531.9307,76.16747,-1.7403045,-1.2684532,-4.2188783,-7.6866865,-11.22723,-12.850009,-21.519556,-6.3573327,-4.729037,-17.995964,-6.703912,-8.616302,-2.8215692,-13.062292,-4.246672,-5.4359183,-10.056054,-9.503224,-9.033322,-3.488848,-10.1618395,-2.9404519,-8.134859,-2.5748603,-6.159283,-0.15379566,-2.4543066,7.9168067,3.217117,9.492249,2.1406317,9.721946,5.986638,5.6219835,3.3727636,7.7369566,-0.43710694,7.848694,calm,22,03-01-02-02-02-01-22.wav
-525.291,72.380974,4.263692,-0.010587787,-4.0198975,-10.499061,-9.36069,-16.335651,-21.23901,-6.2750497,-7.0240707,-16.309223,-5.641931,-8.766419,-3.163971,-13.452066,-3.9133942,-5.617015,-10.451635,-5.218927,-9.418353,-5.141315,-9.200178,-4.552818,-7.3770065,-2.4817848,-8.221334,0.6200823,-4.878951,3.6663547,-0.45311928,1.7075125,1.6584473,9.5870695,4.824832,10.138577,4.6068,5.527173,-2.195781,5.3241854,calm,22,03-01-02-02-02-02-22.wav
-496.50348,90.216194,-8.824782,-4.3176064,1.3104424,-9.516083,-15.286782,-16.392818,-19.745392,-6.5382133,-11.935316,-14.893471,-5.7495794,-13.63641,-1.5983139,-14.039988,-6.181154,-4.8984284,-12.63127,-8.698662,-10.063724,-7.770891,-9.058061,-1.0110027,-8.058095,-0.5066891,-6.843435,1.3731716,-5.533045,2.8490646,1.1039051,5.2990375,4.0403175,8.644487,6.5483828,6.934483,6.5962067,5.353843,0.19904263,7.072525,happy,22,03-01-03-01-01-01-22.wav
-442.03864,86.37607,-21.833025,-11.340225,2.2594779,-20.715153,-22.0066,-20.590906,-27.731352,-5.720726,-16.010872,-14.317343,-7.108682,-15.696345,-2.4800062,-16.220547,-13.216395,-5.929828,-11.49049,-11.019834,-12.468887,-3.9593716,-5.4785867,10.405286,4.9425874,8.127191,-3.7150474,-2.4071672,-4.633558,6.2175703,6.758446,6.8169937,-3.3148534,0.27029106,-1.0115001,8.077115,6.9512033,7.078933,1.1562667,8.16611,happy,22,03-01-03-01-01-02-22.wav
-439.56952,76.07794,-12.186356,-5.651559,-6.8213377,-16.581268,-22.80733,-20.921635,-25.269176,-3.9523556,-13.168932,-16.3153,-5.401209,-14.899776,-1.5409383,-16.084007,-8.590855,-4.983402,-14.005562,-7.7276883,-10.961622,-6.302692,-13.038009,-4.104866,-7.6526003,-2.9480531,-3.792023,11.348861,6.3608117,18.330683,13.140628,9.557156,0.26898494,5.602705,-1.5126368,6.3076077,2.586252,6.9962845,2.6337543,8.609077,happy,22,03-01-03-01-02-01-22.wav
-449.1318,83.58095,-3.815133,-12.490698,0.7745607,-10.06335,-21.361534,-19.269295,-27.698027,-5.758906,-12.614219,-16.849335,-3.8739285,-16.188093,-3.5039072,-14.391002,-5.9532504,-3.0140285,-12.3078375,-7.856641,-10.703447,-6.484521,-13.298134,-2.9773602,-8.944016,-4.903145,-4.3468637,0.78363264,0.50004363,5.510524,-3.846725,-1.0663558,-6.830219,1.1198316,-1.1638501,3.8597782,3.0019987,7.600909,3.9582524,15.591054,happy,22,03-01-03-01-02-02-22.wav
-316.4689,69.53693,-39.451336,-20.592249,-13.969653,-28.049526,-29.45414,-19.9867,-36.08643,-8.070568,-14.295793,-19.790121,-14.111753,-20.480064,-6.081093,-18.790768,-6.522638,6.0298486,-1.0403919,5.3123775,2.918967,2.4097238,-6.2402263,7.909514,3.9907975,8.312198,2.536403,2.5364394,-5.0660896,4.810883,-0.42670202,2.7223787,-3.1785684,2.8778827,-1.9117614,5.9231195,4.9772153,2.9698105,-3.0361602,0.87822217,happy,22,03-01-03-02-01-01-22.wav
-324.69092,69.05794,-21.888296,-15.535275,-5.452437,-22.228458,-27.667208,-18.776617,-30.266424,-8.664815,-13.506303,-22.497534,-9.454489,-16.19233,-9.555233,-20.091469,-13.602154,-5.13468,-7.295974,0.9409677,3.0559602,7.5062833,-1.9232981,9.568174,4.1905,12.223277,6.944033,5.0080457,-5.36887,2.854053,-2.4784868,2.363834,-2.796609,-1.3956972,-5.999075,2.828029,5.132402,4.042321,-2.3809702,1.9202338,happy,22,03-01-03-02-01-02-22.wav
-308.53918,48.570698,-7.914248,-21.136675,-6.9401364,-18.49448,-24.941761,-21.597542,-32.998764,-5.744931,-20.233274,-23.429842,-9.407987,-17.610413,-11.066824,-18.84228,-9.068394,-2.5013597,-2.5176773,9.030228,6.2815537,9.788084,-0.21745357,10.04735,3.602452,4.0896573,-0.09639562,0.6404124,-8.098386,6.34325,-0.064842,-2.919971,-7.611885,-2.4368894,-2.872751,7.998179,4.0420156,3.8729148,-1.2595841,7.1151934,happy,22,03-01-03-02-02-01-22.wav
-338.90405,56.002075,-22.10116,-20.205439,-4.63255,-24.093582,-26.409868,-22.94163,-30.256489,-5.7363133,-17.5946,-21.754045,-10.321064,-16.472383,-12.852483,-19.269245,-9.3014,-6.670856,-4.0853553,4.633432,3.3571174,4.6959515,-3.0601323,9.565856,4.6527476,9.846936,9.135259,4.8758183,-1.5077758,5.904407,0.2459464,1.9125223,-4.2255564,-0.18048677,-6.066515,5.1893525,3.333016,3.8969467,-0.6470404,5.488923,happy,22,03-01-03-02-02-02-22.wav
-484.75302,85.93299,-7.042152,0.43536842,3.9060006,-18.602331,-17.033113,-17.006388,-25.088947,-3.0620778,-10.668354,-13.107343,-5.4200735,-10.416526,-0.28428873,-12.581977,-7.9609914,-7.205321,-5.477926,-10.100742,-9.84279,-6.333465,-11.316251,-4.1111684,-8.559555,-1.3918668,-4.151619,2.3012173,-2.3627284,3.3776333,-1.4954522,-1.4937471,-1.8143042,1.1367904,5.9504304,5.6782503,8.487263,13.151203,7.016764,13.699543,sad,22,03-01-04-01-01-01-22.wav
-482.44733,79.86224,-9.416576,-3.8589602,1.7580544,-16.960007,-20.04861,-17.372622,-25.51688,-6.1990166,-9.408027,-13.854282,-6.424709,-11.459471,-2.3827107,-12.232639,-9.055652,-7.5339684,-8.593985,-11.657318,-10.821487,-6.6251473,-10.147542,-1.1849025,-5.5084777,0.7356309,-4.454874,4.1700854,-1.0919697,4.3231416,0.89940476,2.8852415,0.102971956,3.331335,5.6914535,10.885348,14.748692,20.157307,12.137989,8.597992,sad,22,03-01-04-01-01-02-22.wav
-481.25986,63.815205,-0.7574196,-6.936033,0.25879297,-12.020659,-19.93249,-23.656004,-23.027435,-5.423343,-7.724794,-17.661785,-4.590831,-10.505355,-4.381383,-14.665277,-6.952466,-5.395134,-8.064273,-8.855683,-6.7049704,-5.6448007,-11.90551,-6.164183,-10.537193,-3.1934898,-1.2644035,7.57842,5.100828,8.72692,0.93735194,0.55602586,-1.3647125,11.06039,14.79073,18.751165,15.240911,13.118281,0.31772378,5.085978,sad,22,03-01-04-01-02-01-22.wav
-464.824,62.17388,3.6843343,-8.069396,-4.9783998,-9.808974,-18.253658,-23.833475,-23.853065,-5.304819,-9.687357,-17.621658,-3.5462167,-11.565524,-4.1470027,-14.702977,-7.615135,-3.3265784,-10.182736,-10.622263,-8.788644,-6.8971696,-11.716705,-6.161798,-9.661418,-5.4660563,-8.557305,5.455441,-1.2366697,8.336318,3.205045,3.1650193,1.8894224,10.604383,14.48071,19.513607,16.01438,14.289364,-0.7446136,2.9740539,sad,22,03-01-04-01-02-02-22.wav
-467.2872,85.07468,-14.825999,-1.1712422,1.663746,-15.0427885,-20.314785,-14.827665,-28.947613,-6.619339,-12.167568,-16.810137,-3.6049237,-13.262417,0.32592332,-11.086695,-14.033693,-4.3452063,-11.681486,-8.756722,-11.205009,-4.214782,-12.38432,-3.4915547,-9.457454,-0.7620086,-5.5241027,3.2393923,3.725499,9.258099,6.49629,8.6834,5.026701,7.167676,8.844276,14.248242,13.329902,14.211148,1.4999212,-0.22257008,sad,22,03-01-04-02-01-01-22.wav
-454.1222,72.421364,-17.26452,2.463008,0.12461679,-18.646515,-22.364376,-17.835238,-25.843681,-8.555934,-13.309874,-15.623649,-2.6099966,-15.05583,0.9506523,-10.478016,-12.937853,-2.8130708,-11.162307,-8.491867,-12.50399,-5.0414987,-14.142752,-4.683709,-10.975115,2.5087745,-3.395154,9.195809,7.4594474,12.879569,6.096517,10.471661,8.705973,16.844374,15.855596,13.590327,3.367865,-1.3889658,-5.4159803,1.9731275,sad,22,03-01-04-02-01-02-22.wav
-462.7334,63.045288,-4.611673,-3.5143356,-0.991901,-10.702368,-20.276688,-20.208496,-28.97322,-5.708317,-11.341205,-20.629982,-4.0693717,-13.2060375,-2.9016173,-12.850035,-11.95715,-2.0800083,-10.272269,-7.6959147,-12.920529,-4.9370837,-12.071695,-4.7794347,-12.682715,-6.2631516,-13.31203,-0.07803414,-1.627362,12.656074,14.302895,16.389896,15.391693,18.244448,14.458928,14.183807,7.4589634,6.879372,-2.8951526,0.6815509,sad,22,03-01-04-02-02-01-22.wav
-445.32623,69.86182,-14.191337,5.1331763,1.6462225,-14.474046,-22.957958,-18.843597,-29.744675,-8.026334,-11.775467,-19.065763,-1.9193991,-13.90479,-2.4142659,-11.836172,-14.071565,0.862838,-12.448519,-8.357706,-12.188855,-5.989268,-12.826258,-4.491432,-10.790012,-0.031833205,-11.334442,-2.790713,-8.16626,2.7531931,6.0063257,13.962218,18.220837,22.185148,17.10703,14.18695,5.462366,7.052719,0.5850755,4.3920856,sad,22,03-01-04-02-02-02-22.wav
-431.91638,83.43045,-2.1464615,6.948652,-6.465089,-19.076908,-16.308401,-10.636178,-23.93894,-9.521521,-4.375829,-18.441166,-2.71793,-12.929783,-5.089717,-10.479573,-7.9213605,-3.1795955,-13.00761,-8.329788,-10.742763,-9.370965,-10.417947,-5.075424,-3.864963,-0.68645,-0.78977364,0.33538997,-2.7587438,-0.018935945,-0.9531838,1.5117518,1.3499417,5.4833922,-0.4465526,2.6076188,1.0131707,7.975359,2.266565,6.141666,angry,22,03-01-05-01-01-01-22.wav
-447.42786,91.583916,-3.0838046,1.77116,-4.0571594,-19.385715,-18.185488,-7.2737308,-26.21501,-6.958261,-6.4974422,-17.64498,-3.660319,-14.146208,-1.5455706,-10.08528,-10.690966,-3.1425216,-11.664292,-6.979246,-10.227091,-5.720251,-9.640985,-0.532854,-3.7266808,1.6102386,-0.9698007,0.13257219,-2.5096889,3.1767757,2.4545107,4.633127,-0.44504854,-1.2420126,-3.283493,8.420286,11.619716,16.25358,4.2166514,-0.17410485,angry,22,03-01-05-01-01-02-22.wav
-411.3694,71.12703,-15.365035,-2.115775,-9.3424,-19.522472,-20.072432,-12.734809,-27.533836,-8.316872,-7.519685,-19.58716,-0.90079683,-14.940836,-6.0912604,-13.2891865,-9.933122,-2.2105799,-10.15406,-8.21978,-7.617439,-4.212206,-3.387557,4.4528494,0.9118468,2.720718,-1.029805,4.194864,1.566086,7.7582736,3.388888,3.3552222,-1.0360839,-0.34797445,-2.4167213,4.6812124,4.3322873,8.130935,4.6569834,4.475198,angry,22,03-01-05-01-02-01-22.wav
-409.40427,65.76999,-9.757773,1.0004581,-8.955502,-21.306595,-17.635878,-15.417286,-28.714926,-10.523206,-9.2225,-21.437773,-5.59049,-12.423299,-6.313346,-12.525034,-7.8229575,-3.7557335,-12.920358,-6.510102,-9.729847,-6.602713,-13.2362385,-3.8399842,-7.783839,-2.8719847,-2.378334,5.673845,7.015982,11.939037,5.250957,4.815611,-4.306395,-2.5145102,-0.8299934,8.134539,8.0433445,12.908246,4.699663,4.995101,angry,22,03-01-05-01-02-02-22.wav
-302.44818,61.45092,-28.394127,-2.327053,-12.432035,-28.269344,-15.6138525,-18.92527,-25.87169,-5.216237,-14.813379,-16.564167,-8.333524,-15.135667,-1.9516205,-18.071156,-13.267902,-8.4990015,-16.83521,-5.546435,-2.3515913,3.4171627,-1.6190456,3.9418895,-4.1153893,4.0988846,6.2313123,14.36731,10.933252,11.930998,0.98374957,1.8350669,-4.4672995,5.699139,-1.2915474,3.042653,-0.5402136,-2.8499997,-5.0912576,3.3776464,angry,22,03-01-05-02-01-01-22.wav
-322.03622,71.55067,-28.174498,-4.699234,-10.8685665,-23.709063,-18.977154,-14.097096,-30.091827,-5.876371,-12.056703,-19.167511,-7.1707335,-17.361496,-2.9916615,-16.065172,-15.399883,-4.790511,-16.801493,-10.351031,-8.623786,0.25138527,0.716919,5.4508743,2.274818,6.4362345,3.2863624,9.596804,10.448626,12.926625,6.159026,4.042643,-5.0264997,-0.3777215,-2.9821863,4.437124,2.8833106,0.4058922,-7.1535144,-1.9755023,angry,22,03-01-05-02-01-02-22.wav
-274.3189,40.34872,-28.253733,-5.9938035,-13.119903,-27.487106,-17.734695,-21.140495,-32.305393,-7.9436774,-15.349725,-16.744062,-5.239407,-16.406643,-3.9688206,-13.978144,-16.818336,-2.6404831,-21.915167,-4.312258,-7.527248,-2.4869826,-6.4195337,5.2964554,6.2594543,11.845314,9.288773,10.674047,7.231041,7.4772563,4.7702627,3.358632,-4.9990807,1.3778899,-3.5298371,1.845341,2.2828336,0.43819448,-5.6260896,0.20624381,angry,22,03-01-05-02-02-01-22.wav
-276.25253,39.984924,-33.494015,-6.805959,-15.224491,-29.52179,-17.535883,-24.588747,-30.991339,-7.5490284,-10.850215,-20.51902,-4.7000337,-18.307337,-7.432648,-18.368612,-16.775915,-3.2490218,-19.718065,-1.5315008,-5.2805176,-0.47713012,-5.226451,7.5437913,7.6911564,16.14703,11.421805,11.571083,3.736596,2.196287,-0.35088646,2.3991957,-2.664458,4.0319586,-6.1799664,0.06336923,-1.7178311,2.687955,-0.65783167,-0.97759646,angry,22,03-01-05-02-02-02-22.wav
-404.1744,61.103497,-15.20444,-0.3693131,-1.2155693,-22.040432,-23.520117,-20.589314,-28.075174,-7.681689,-15.214366,-12.516937,-6.6328325,-17.82767,-0.2594117,-17.836325,-13.536066,-2.9969985,-12.940421,-9.354618,-11.270078,-10.228334,-15.162331,-7.0446086,-8.160373,7.774145,2.6849794,11.893086,1.7279698,7.9710913,3.5994453,11.01377,13.241113,19.79127,12.896516,7.8748918,1.3002651,1.8638744,-1.1178232,3.7301018,fearful,22,03-01-06-01-01-01-22.wav
-395.96036,64.957954,-19.811771,0.17779028,-3.9969156,-18.657545,-24.290804,-17.534111,-28.939463,-8.553763,-14.184017,-17.235931,-4.5737743,-14.532069,-2.8163354,-14.8525,-15.07084,-3.0968573,-13.471687,-9.212236,-10.641481,-7.625062,-14.989531,-5.3070445,-7.0387487,5.1935396,-0.99092036,9.418488,0.86786586,7.0322256,6.3500376,13.871111,16.214828,18.436071,14.290463,6.617192,-0.093780816,-0.12482322,-3.2851322,3.424671,fearful,22,03-01-06-01-01-02-22.wav
-403.1043,58.004635,-21.478735,-0.055088043,-5.24436,-19.32568,-22.648937,-25.96841,-24.795345,-5.955788,-15.963446,-13.4530325,-6.4682193,-12.448141,-2.0562556,-16.410622,-8.360975,-3.498066,-11.461849,-9.671498,-11.066462,-6.6599283,-12.274553,-6.141488,-12.256344,-5.985639,-11.233782,5.699222,1.5960025,17.947598,16.399069,20.604277,18.091047,18.014355,10.436829,6.638694,4.005664,3.961874,-1.8546774,3.210939,fearful,22,03-01-06-01-02-01-22.wav
-391.1603,65.11173,-12.967607,-5.6416235,-1.1458467,-20.873322,-27.949167,-23.356695,-28.474718,-3.698275,-12.6697645,-17.15316,-4.0171704,-14.45772,-0.5793238,-15.824999,-12.223686,-1.8604301,-11.684702,-9.614843,-8.639334,-9.444373,-13.348877,-6.171821,-7.753415,5.197455,1.1341307,13.307341,3.8875036,10.830676,8.764336,12.33623,10.744899,17.148062,10.93241,12.145414,4.409514,4.7255383,-2.880463,2.731159,fearful,22,03-01-06-01-02-02-22.wav
-321.2689,45.81744,-35.945827,-13.971891,-22.49086,-24.579876,-33.557182,-18.799961,-31.129284,-7.684321,-21.93666,-22.53945,-6.930517,-22.074661,-0.4748311,-7.9260607,-15.531339,7.4945035,2.8647814,15.746035,21.07878,22.255196,9.047148,10.175674,-6.395134,4.3473787,-4.5518394,5.169448,-4.198895,2.0549638,-2.5233777,-2.2232418,-7.50854,-2.2533193,-3.5420656,-2.0694478,-1.2034539,0.4258656,1.0180265,2.0805554,fearful,22,03-01-06-02-01-01-22.wav
-318.7564,45.6079,-38.147305,-10.622588,-17.494661,-25.948563,-30.82191,-23.950779,-28.971186,-8.418411,-23.110085,-16.43186,-6.704477,-22.802128,2.326962,-16.45038,-16.838999,2.6444848,-8.113192,2.1690848,7.8140125,15.933753,15.412606,19.555634,2.8955052,11.460327,-3.5138295,6.965518,-1.4192315,5.7318845,0.121151835,-1.9189079,-8.639085,-0.47874755,-1.9524994,0.120665506,-0.55481946,-3.4435122,-4.916875,0.006713251,fearful,22,03-01-06-02-01-02-22.wav
-307.92984,29.323421,-35.30921,-7.7977786,-11.839371,-28.884787,-37.054966,-24.234945,-29.629574,-8.598105,-23.556986,-18.51796,-5.9651694,-21.788483,0.38441145,-14.285296,-23.01849,-3.960705,-18.127182,2.0078897,12.126402,25.327415,24.583097,25.169304,6.9294763,6.335929,-8.017146,7.6455226,2.2414203,8.223784,-4.2523646,-3.0441449,-8.483956,3.5895388,-1.1483238,-1.5674658,-5.535315,-7.1179523,-3.886116,1.6813409,fearful,22,03-01-06-02-02-01-22.wav
-312.7581,26.618664,-38.346413,-13.398034,-17.272995,-25.815413,-36.152035,-20.246382,-31.71736,-9.38688,-24.078793,-18.528334,-3.768947,-21.118826,-5.298617,-13.0157385,-12.001006,18.158129,16.22487,25.126118,21.067116,16.770697,0.7364725,1.5672557,-3.3155186,5.71075,-11.304797,3.9931283,-6.1807566,1.7406275,-5.980362,-5.8286414,-8.11822,1.0976747,-1.5158312,1.151762,1.5667568,2.8139622,-2.621532,-2.537554,fearful,22,03-01-06-02-02-02-22.wav
-423.92114,93.77498,-30.353722,0.056221925,-7.2806115,-19.85397,-21.951735,-11.735265,-23.373037,-6.260922,-10.081447,-19.349276,-1.3421187,-18.15832,-0.1398952,-8.64952,-17.878609,-1.3778083,-10.633281,-8.949798,-9.301296,-7.817714,-10.095727,-6.5777087,-9.005567,-2.5409367,-7.1323075,1.6495068,-4.564038,2.7336252,-0.5013441,-0.7212213,-1.7002968,0.18614398,-1.2514199,2.9040432,2.1711013,9.701577,8.34886,14.631607,disgust,22,03-01-07-01-01-01-22.wav
-456.39108,110.56284,-30.58535,-10.877131,-3.692386,-19.895918,-25.065435,-7.934751,-24.68098,-9.70113,-0.89682186,-22.573982,0.7115229,-16.239332,-4.8472657,-9.91538,-15.12597,-5.141526,-9.995885,-9.784774,-10.042359,-7.866211,-8.732141,-4.7418246,-7.0508423,-2.424916,-7.971591,0.7744395,-4.2817216,-0.6041082,-2.4401119,-2.13637,-4.597644,-0.43637547,-0.020436937,4.9915686,4.7214885,11.067207,8.589892,13.976063,disgust,22,03-01-07-01-01-02-22.wav
-432.64468,89.35237,-20.789986,-7.1380615,-4.005748,-14.79022,-27.716686,-13.275433,-26.284616,-2.871363,-7.190638,-19.746613,3.0452626,-19.7371,-0.76409507,-11.702531,-14.224508,-0.13724394,-13.362592,-8.609418,-10.4429865,-7.645138,-8.567727,-4.3491826,-9.782774,-1.6682664,-10.8158,-1.0524634,-4.272832,1.3575639,-4.397626,-5.21741,-10.029944,-4.392405,-0.160544,7.175969,10.039851,14.190272,9.892033,12.395516,disgust,22,03-01-07-01-02-01-22.wav
-428.3061,89.035805,-23.594908,0.11289316,-1.2529305,-16.78794,-21.25909,-15.991863,-26.131893,-1.677447,-6.0335793,-20.58092,1.4097192,-16.688416,-1.5048865,-12.912338,-15.063439,-1.6789265,-10.598036,-8.48351,-9.184667,-6.255464,-9.623049,-3.2598011,-9.219547,-4.91027,-12.421763,-2.3021302,-5.3026943,-1.5952852,-1.8597009,-2.2227604,-7.216952,-1.6036974,-0.9611257,5.6008606,7.9905944,14.920845,11.408944,18.932362,disgust,22,03-01-07-01-02-02-22.wav
-413.1075,71.78941,-26.924782,-1.4795749,-8.659196,-17.326355,-24.695448,-14.266292,-18.809473,-5.6347303,-7.3241363,-18.93347,-1.7536892,-19.168549,-2.4567,-13.103138,-12.681386,-2.6638966,-13.808989,-9.018232,-9.645948,-7.022818,-9.5952015,-6.8605065,-8.504704,-3.5746415,-8.556657,0.13252264,-6.400859,2.1323738,0.7568719,7.413388,5.5785556,8.935286,3.342306,5.270769,2.411006,8.853879,5.7251334,8.632158,disgust,22,03-01-07-02-01-01-22.wav
-422.2715,81.01441,-16.647888,-1.9600377,-14.737138,-17.385475,-25.064056,-6.71605,-23.400393,-8.428215,-0.6472274,-22.904318,-4.197845,-11.471791,-5.599875,-8.558537,-13.8808155,-2.676285,-12.903976,-10.453237,-8.676423,-7.2702456,-11.414757,-4.184608,-9.190032,-2.480479,-8.436744,0.0332556,-1.2019789,3.123543,0.82639277,4.1546955,-1.2050457,2.1066144,0.7535511,3.9772427,4.6103253,10.364003,6.8678923,7.935083,disgust,22,03-01-07-02-01-02-22.wav
-420.25848,63.81002,-24.733559,3.315102,-12.284268,-17.084715,-31.216358,-11.67567,-22.375637,-3.5527244,-14.580136,-17.289036,-2.4351184,-20.172228,-1.3002545,-13.487056,-14.347002,-4.7267365,-11.509691,-10.715844,-10.692437,-7.6873317,-13.284094,-6.3267064,-10.161074,0.5034806,-1.5600315,6.4693537,6.9597206,6.3245454,6.6021748,7.378569,5.318543,10.160269,8.3174715,11.069895,6.783304,6.625616,0.28744176,4.766988,disgust,22,03-01-07-02-02-01-22.wav
-401.2066,69.91958,-21.413885,0.98905724,-9.146634,-23.824236,-26.769293,-15.508087,-25.114584,-6.3120503,-7.754648,-23.054726,-4.468588,-18.009003,-4.8648934,-13.014782,-14.081681,-1.514296,-14.750458,-8.610199,-10.195523,-10.276361,-11.9565115,-7.6788044,-10.422037,-3.9624476,-5.631723,0.9627067,0.3970876,3.2651584,3.8158932,9.829802,8.162949,15.870855,12.548628,11.523807,3.8442514,3.2608554,-2.580662,4.548904,disgust,22,03-01-07-02-02-02-22.wav
-383.98047,102.8961,-27.39855,-16.36488,-10.360808,-25.686249,-25.092068,-14.255565,-29.146881,-6.9052725,-10.747981,-24.75169,-5.997551,-20.290781,-1.3455727,-9.362881,-5.740961,4.161281,-4.0003643,-5.8960443,-3.0430481,-2.2444758,-1.4492127,4.8290296,-3.0964148,1.2251954,-6.3022313,-0.66878587,-0.2663455,2.7741568,0.79826283,2.82615,-1.3937207,6.816706,4.236516,3.6473062,2.712103,-0.63239795,-6.1117153,0.30670598,surprised,22,03-01-08-01-01-01-22.wav
-371.86874,89.73742,-31.112186,-14.383829,-17.861393,-28.756882,-28.519485,-19.350998,-32.228977,-8.503304,-15.055668,-21.876083,-7.160062,-23.512348,-0.54565483,-11.454048,-9.72649,2.9305375,-2.3060997,-3.8012664,-2.7430656,-0.2739251,-2.546471,3.7241693,-3.3846016,3.4470546,-3.712587,4.43398,0.056164075,4.52982,1.5810606,2.5719001,1.1444496,6.6743574,3.419241,1.4347277,2.0317383,1.3596859,-2.9162903,-1.9679985,surprised,22,03-01-08-01-01-02-22.wav
-362.24088,87.60307,-25.57046,-14.786324,-16.300434,-19.709509,-29.3575,-24.576696,-33.57046,-5.5441084,-13.66376,-27.736774,-6.1449466,-18.941723,-2.593951,-3.9799688,-5.80158,5.6242304,-7.9936314,-6.3586392,-3.679385,-2.6192677,-6.0984874,-1.2533417,-9.055856,-0.9186254,-2.890796,3.9040995,-1.3153056,8.379075,3.283757,2.4044347,0.9613386,6.0620537,4.9479885,6.456405,4.3089247,2.6836257,-2.7216003,0.83004045,surprised,22,03-01-08-01-02-01-22.wav
-349.57397,72.74328,-27.355244,-14.353802,-15.020592,-18.167673,-30.127981,-25.71839,-35.518696,-4.107262,-17.696218,-25.559395,-1.0119647,-13.291552,5.9101367,-7.484108,-7.4096355,-2.0410087,-10.178494,-4.653095,-3.4262946,-4.217026,-6.3406267,0.4249597,-3.2202353,4.313038,-2.7925606,2.8071227,-1.1238837,10.779098,7.9334393,7.576457,4.0395308,7.026237,-1.9871613,1.1561972,1.469056,3.384165,-0.8287605,2.7336276,surprised,22,03-01-08-01-02-02-22.wav
-350.46927,74.31714,-19.77745,-16.13796,-13.211571,-23.526356,-26.121166,-16.655043,-35.598732,-4.084314,-14.548279,-20.954823,-10.065045,-19.456995,-3.304601,-13.019619,-6.69397,3.3800383,-3.976942,1.1887047,-2.5305047,-0.45399302,-1.6551902,5.582281,-1.6666253,1.847408,-5.626309,4.8342714,-1.0524399,3.6621857,-0.90956247,3.4196754,4.8592143,10.3751135,1.3664516,4.9426336,-1.1914258,-0.5664139,-4.3655767,3.1247988,surprised,22,03-01-08-02-01-01-22.wav
-333.63525,74.42698,-31.799852,-13.534993,-13.20438,-25.096687,-23.868504,-16.769287,-29.174648,-3.7835245,-14.862056,-18.828037,-5.753113,-20.684639,-0.26858485,-9.686135,-4.8926487,5.954137,-1.8123218,1.5644526,-0.6100221,1.8152114,-0.6387471,3.1800566,-7.3487954,1.7681162,-3.498141,5.8810964,0.46665996,8.158349,6.398211,8.1347,4.062573,4.2271314,-1.4172399,1.0814182,2.6166573,4.498363,-0.3174335,2.6509273,surprised,22,03-01-08-02-01-02-22.wav
-313.28635,48.975994,-17.244257,-20.579674,-16.220886,-20.35442,-33.856327,-20.443893,-34.342552,-8.024498,-14.979009,-24.35523,-6.9638457,-13.835111,-1.3913199,-1.0252647,2.522204,4.6464334,-7.7296867,-3.179598,-5.7920585,0.6117164,-3.4779963,2.7668638,-3.8040822,3.2349694,1.0379238,6.464125,-3.4766133,7.083721,1.3863978,-1.4907057,-2.877423,1.922734,0.33490556,1.819297,0.9008282,2.7023387,-1.021016,1.0498762,surprised,22,03-01-08-02-02-01-22.wav
-334.41196,42.93097,-24.24969,-13.941218,-10.0302925,-20.550077,-30.167952,-15.826791,-28.162535,-6.7054195,-13.9304,-23.95362,-10.923524,-24.353624,-8.18523,-11.874295,-2.544348,8.608084,-1.921474,-1.9466933,0.27643037,1.6194556,2.9131625,15.346346,9.182913,7.269194,-0.9485072,3.2793891,-4.062706,6.321518,3.6841223,2.6927407,-1.9538046,1.3923697,-0.9421796,4.899262,1.327814,-2.4314456,-4.118023,2.149329,surprised,22,03-01-08-02-02-02-22.wav
-462.42923,112.11477,-18.957489,12.468668,19.969982,-16.817694,-10.83302,-8.347104,-21.166079,-14.280893,0.38797304,-11.598791,-4.6432066,-6.4876285,-11.710608,3.1794977,-13.6163,-7.3075013,-6.260074,-6.360641,-10.863755,-5.433839,-10.441655,-5.035247,-9.682304,-1.3248905,-10.751218,-4.4584517,-5.4899087,-4.390054,-6.7999516,-3.203357,-7.5752034,-2.2339807,-6.907575,0.7768221,-2.6040604,0.8075371,-1.9936259,2.326978,neutral,23,03-01-01-01-01-01-23.wav
-439.39395,112.788155,-22.930738,11.692214,26.437775,-18.935043,-4.969204,-7.1708565,-22.638601,-11.59847,2.18615,-9.0964775,-3.919342,-3.690842,-11.388449,2.7648225,-11.122218,-8.014671,-6.35387,-4.322123,-9.716006,-1.5184393,-9.838778,-3.3936577,-9.024136,-0.29819906,-8.189219,-1.7720659,-4.471292,-2.7607634,-6.632942,-2.7766747,-7.6406393,-2.5616732,-7.359962,-0.9675949,-3.531958,-0.18909988,-0.42093712,3.803894,neutral,23,03-01-01-01-01-02-23.wav
-419.63126,104.57363,-23.94789,7.8549566,21.46511,-22.665411,-7.0741835,-11.165297,-25.242811,-14.147264,-0.5520706,-9.971969,-6.968314,-2.9944577,-13.169647,0.9692211,-14.959239,-8.937826,-6.493718,-6.7035766,-14.868396,-1.5900351,-10.308575,-4.6397667,-10.908921,-3.3743882,-8.670683,-3.3895411,-4.897676,-3.6902936,-9.072874,-5.444675,-9.220716,-6.6180353,-8.343379,0.38931724,-3.821915,1.3613399,-2.7529953,2.80053,neutral,23,03-01-01-01-02-01-23.wav
-439.89413,106.111244,-18.953949,8.43524,23.093063,-20.130192,-7.6998606,-11.92713,-24.344982,-12.150199,-1.8197064,-10.205015,-6.946482,-3.1847517,-12.892634,1.2563812,-14.758174,-7.1052213,-7.687989,-6.4718704,-14.32876,-2.3614857,-8.244167,-5.1515145,-10.286156,-2.3137834,-8.959826,-2.7814696,-2.9875388,-4.1264057,-7.376527,-3.0618298,-6.8384495,-2.976451,-6.3077846,0.36127162,-3.118359,0.72563255,-1.5156102,4.321783,neutral,23,03-01-01-01-02-02-23.wav
-540.8073,109.616684,3.8806312,14.15488,18.565588,-6.2603455,-1.269953,-4.639737,-12.243202,-6.723647,-0.10349296,-6.435157,-7.693863,-2.2293103,-5.5867333,0.19490346,-11.180376,-2.5697389,-2.934534,-2.4708192,-6.903709,-2.6847851,-5.9899483,-5.651731,-9.459068,-1.3663607,-10.157985,-1.6544544,-3.055376,-2.9091465,-5.982306,-1.4366733,-6.483952,-4.8683662,-5.347496,1.2289414,0.6510927,1.8947501,-3.9788938,-3.4719555,calm,23,03-01-02-01-01-01-23.wav
-550.05994,98.67326,0.9732626,13.476867,15.667905,-3.855398,-6.219459,-8.209825,-10.838088,-10.357581,1.9743218,-8.293476,-5.7333674,-4.699881,-4.3151674,1.5233442,-9.820798,-3.1068888,-6.4658055,-4.8780303,-6.177428,-4.623314,-7.5911665,-4.596371,-8.862747,-1.6351559,-9.716228,-2.7517297,-3.186196,-4.0105577,-6.7760224,-2.1605232,-6.2675076,-4.9628954,-7.495967,-3.112055,-1.671096,4.8039427,0.336148,3.15926,calm,23,03-01-02-01-01-02-23.wav
-525.51154,96.07774,-4.439945,12.748891,10.351278,-8.088573,-5.334647,-8.56361,-14.47579,-8.219579,1.8381331,-8.904811,-7.1854053,-3.7833188,-6.1657033,-0.89996076,-13.648561,-0.17792077,-5.321287,-4.4499483,-5.5436115,-3.3391461,-5.597898,-5.426639,-10.166616,-2.405996,-7.900762,-5.9366145,-1.6717709,-3.3085983,-4.701886,-1.0900389,-4.145493,-1.6308001,-1.7527027,2.0400414,-1.637469,1.9309092,-2.5162973,-1.1114694,calm,23,03-01-02-01-02-01-23.wav
-514.4563,96.08842,-3.6141262,12.391455,13.130311,-9.037787,-5.8014684,-6.728447,-16.537912,-7.3592577,-0.4656703,-8.167467,-8.787508,-3.8036962,-8.0035,-0.19848442,-13.328476,-3.0140436,-6.0233936,-7.425116,-6.671831,-4.0879292,-5.7587857,-4.3070087,-9.880179,-2.4162145,-10.0301895,-4.882149,-3.2592602,-5.3178816,-5.2270155,-3.2949696,-4.1283226,-3.090195,-4.2516823,1.068347,-1.9248275,1.3374078,-3.8373654,-2.4863224,calm,23,03-01-02-01-02-02-23.wav
-542.38116,98.34035,0.7995825,13.232552,12.256422,-2.9348056,-8.620092,-6.61788,-11.436614,-9.979703,2.0956578,-9.541056,-6.833163,-6.017721,-6.1046996,0.1699177,-11.945911,-1.533436,-5.0866694,-4.551499,-7.1207786,-4.9658675,-7.0182967,-6.9721413,-10.504449,-2.2333255,-10.194005,-1.356651,-3.4732368,-4.467739,-8.371264,-2.232328,-6.52719,-5.443701,-6.4484954,-3.0935311,-2.7592967,-0.14627956,-3.7677848,1.095618,calm,23,03-01-02-02-01-01-23.wav
-575.35376,95.00593,2.8153443,11.446507,14.123893,-1.9529963,-5.524179,-6.1589627,-9.73616,-9.212212,3.6732671,-7.42155,-5.3213177,-4.0170503,-5.565835,1.9563043,-8.420777,-1.8086221,-4.0971622,-2.4726942,-4.4581537,-1.9927802,-4.472281,-4.342189,-8.352883,-2.1195219,-9.287467,-1.287641,-1.3917775,-1.8969926,-4.2088675,-1.7367479,-4.4082894,-3.2362266,-5.929481,-1.5909333,-2.9000149,1.1895667,-2.6473405,1.77703,calm,23,03-01-02-02-01-02-23.wav
-537.7871,94.875305,-3.158164,15.627442,17.7449,-4.0861583,-7.962931,-10.669544,-14.347588,-6.294555,2.1597455,-7.221839,-8.011797,-1.0013436,-4.5970445,0.24544063,-11.221948,-2.0542727,-3.821634,-4.6398544,-5.858447,-3.8428478,-5.926749,-4.3385873,-8.68792,-1.4646114,-7.4114175,-2.7460063,-3.1409764,-2.7223594,-6.121931,-0.7895532,-7.434408,-3.7710161,-5.6780496,1.1510427,0.1271251,1.9576987,-0.42747158,1.1010307,calm,23,03-01-02-02-02-01-23.wav
-539.2082,86.4362,-4.7434406,12.955739,12.242772,-4.912546,-6.0290666,-6.874519,-14.348881,-6.5853696,3.6008153,-9.738018,-6.5342593,-2.1668131,-6.1156673,-0.9557142,-13.582667,0.38151187,-5.443766,-4.902214,-6.497606,-4.5059915,-4.991576,-4.8133173,-9.234303,-2.3063269,-9.877831,-3.2736266,-4.706042,-3.009513,-5.63128,-1.1694014,-8.420073,-3.8419135,-6.145669,-0.37306973,-0.33397722,1.8880882,-1.3343865,-1.4191298,calm,23,03-01-02-02-02-02-23.wav
-402.07007,103.49936,-25.049297,5.4216084,8.153526,-18.709805,-16.255398,-18.320282,-29.425322,-13.5553055,-6.4644246,-11.90758,-9.109192,-11.6347275,-12.901552,2.6841886,-15.960854,-11.018698,-10.305482,-7.167013,-18.550764,-3.5946565,-11.965691,-5.5858455,-5.7133193,5.4002824,-3.813879,7.678172,0.700527,2.516226,6.12876,6.6498475,1.583729,1.3515935,-2.0824473,-1.4986156,1.5350657,4.133914,1.0545595,8.475051,happy,23,03-01-03-01-01-01-23.wav
-348.76913,95.43265,-24.150864,-0.6789699,4.96178,-18.485281,-16.230412,-16.8528,-28.835253,-12.699693,-9.251927,-12.386939,-7.3236775,-11.847485,-13.703971,5.6020317,-21.270557,-9.7628975,-11.007545,-11.715989,-16.051195,-5.253357,-7.6872425,-2.0710251,-0.1246768,7.187485,-3.1666331,6.8411775,1.2346116,5.218661,6.609399,4.590255,1.2465651,-1.5201416,-2.8847425,0.317869,0.43010765,1.2889364,-2.9010868,1.512045,happy,23,03-01-03-01-01-02-23.wav
-361.43445,93.19458,-24.167244,4.9262366,6.5518274,-19.351635,-19.565023,-19.388622,-30.24306,-11.616075,-8.216849,-14.008088,-7.218029,-11.6710615,-12.297595,3.342358,-19.68525,-6.7351117,-8.535764,-7.88151,-17.050068,-7.0135674,-9.339893,-7.3965917,-13.011535,-3.9731288,-14.404034,-6.591924,-7.38214,-7.9079995,-6.995914,-0.3728166,1.8711561,6.549087,11.409111,12.299199,9.018582,7.3344564,3.4985454,6.13848,happy,23,03-01-03-01-02-01-23.wav
-363.19626,90.28885,-13.797252,9.526238,7.8102603,-16.445478,-15.505672,-14.650832,-31.085934,-8.569294,-8.305954,-11.562033,-7.154554,-10.782037,-9.814603,2.8312745,-18.281813,-6.6588974,-8.707322,-5.9482894,-17.47562,-5.2398853,-7.4996524,-7.8417544,-11.292317,-2.6831686,-13.561124,-6.078704,-8.311338,-6.274294,-6.2513947,-1.4122041,-6.5562963,-1.598437,1.5508492,3.848904,9.501354,10.141642,6.5855136,8.045282,happy,23,03-01-03-01-02-02-23.wav
-277.68747,71.12967,-32.825386,-6.6868405,-6.889923,-20.430347,-24.546705,-15.41735,-29.12419,-15.165909,-9.645123,-15.335383,-14.683516,-13.382667,-16.33623,-2.512314,-23.947636,-12.926909,-12.872263,-8.095049,-9.239366,4.6203084,8.787156,11.1216545,11.606318,13.592121,-0.36943024,7.4910045,4.4609723,2.922008,6.923127,1.3673362,-3.6806128,-1.6369853,-1.3185388,1.3584116,0.44123298,-1.3123403,-4.095158,0.00781482,happy,23,03-01-03-02-01-01-23.wav
-273.67883,72.256454,-36.38718,-6.942166,-9.517287,-20.924356,-25.641863,-16.733665,-27.649742,-18.441221,-9.7676525,-11.483282,-16.653055,-16.292128,-17.057854,-2.1809316,-23.325836,-10.810243,-11.5695,-7.5835676,-7.0317354,2.9873276,8.70658,10.342501,10.706919,11.305216,-2.2540796,4.520547,0.43381357,1.2259997,8.0248785,2.2246656,0.7211462,0.6800137,-2.424811,1.0318512,-2.7537386,-1.2846267,-1.1645197,-0.027176496,happy,23,03-01-03-02-01-02-23.wav
-274.0996,76.670685,-30.862974,-11.0064535,-11.844152,-24.790255,-28.483652,-13.001837,-37.965294,-12.725448,-8.860865,-16.082891,-12.145161,-17.411104,-18.32318,-1.2632066,-21.791166,-10.454357,-10.683721,-10.4630575,-13.799727,-1.087568,-0.34789813,-0.37988818,0.7394952,9.639919,-1.8489486,6.4746456,6.9598823,3.4109952,5.6350255,3.9954562,-0.96326566,2.838917,3.163612,6.456397,-1.898174,-4.041117,-3.214827,-0.7863278,happy,23,03-01-03-02-02-01-23.wav
-289.44836,85.92583,-29.080963,-2.126797,-9.010902,-25.23383,-21.794258,-14.759501,-37.74316,-13.666171,-7.522446,-17.126143,-10.773058,-14.318076,-16.100878,-0.93310577,-21.51415,-7.6242194,-8.273681,-7.41075,-15.092523,-5.4720497,-3.453438,0.051567834,4.288662,13.894036,1.6569947,6.849971,1.8660918,3.284407,4.596695,5.7099295,2.5366187,1.4179784,2.9261367,6.7457542,1.7276229,1.9563031,0.3509287,-1.1532501,happy,23,03-01-03-02-02-02-23.wav
-492.44986,122.99805,-14.07368,13.866226,22.237556,-4.4003167,-7.724455,-12.905422,-19.132454,-12.938558,-3.4229922,-10.258482,-10.234497,-2.1693323,-8.679798,0.38413048,-10.640227,-4.767986,-9.290195,-2.9651675,-6.8776684,-5.9875965,-7.4369984,-3.8060465,-11.237445,-3.3347468,-10.600408,-6.792294,-6.857772,-1.0796117,-7.6331363,-2.417963,-9.109058,-5.789523,-9.36933,-3.8937013,-7.8699765,-3.1707196,-6.5564404,-3.4393632,sad,23,03-01-04-01-01-01-23.wav
-513.59015,114.404594,-8.531656,17.431116,17.736906,-3.8830647,-4.4480114,-10.926455,-14.54739,-10.677797,-2.00188,-9.589124,-10.471747,0.78870356,-7.2582607,0.70117664,-10.621879,-3.2318442,-6.655345,-3.688032,-5.57944,-5.857586,-5.997989,-4.324055,-9.453716,-1.4081024,-11.254338,-5.399776,-5.991182,-3.833792,-5.6273966,-2.319633,-6.55808,-5.470629,-8.606309,-3.5042572,-7.307812,-2.0055344,-5.464169,-2.5646868,sad,23,03-01-04-01-01-02-23.wav
-453.65405,85.48862,-6.577387,15.36402,8.14123,-2.0978992,-6.663893,-14.474948,-14.764467,-13.1494465,-1.0151609,-10.23879,-6.8941817,-0.038792606,-8.9342165,-0.25316265,-10.9817295,-4.5860744,-3.5892916,-0.43657407,-8.643194,-4.312035,-6.2506647,-2.1242325,-10.888121,-4.215635,-9.289567,-5.8777695,-3.9780216,-1.385344,-3.8342934,0.3742194,-6.2701483,-4.569843,-10.056473,-2.538185,-7.1674604,-2.3737798,-3.2059991,-2.3193154,sad,23,03-01-04-01-02-01-23.wav
-436.78052,85.360756,-12.326542,16.04596,9.410447,-3.1384635,-7.068607,-15.899463,-14.63306,-14.167057,-1.7717699,-8.910966,-8.291999,1.4179239,-9.518009,1.3429272,-9.018728,-6.8410645,-3.7971303,-3.8901877,-10.620889,-3.975385,-7.49981,-1.2669511,-7.990695,-3.2001452,-9.935104,-4.8301315,-6.3418307,-3.5266123,-6.2713904,2.0901077,-5.839593,-3.0546281,-8.265007,-3.5142856,-5.562123,-2.1549866,-5.312226,-5.49309,sad,23,03-01-04-01-02-02-23.wav
-477.13528,84.12531,-3.147766,14.097493,11.856318,-5.5390415,-11.466692,-13.770333,-15.821782,-12.076464,-6.260418,-9.5748415,-4.58145,-1.9479917,-7.907772,1.7590266,-12.416278,-2.834909,-5.3993497,-6.3547325,-8.330744,-4.7014728,-6.525797,-5.314996,-7.950267,-4.689875,-7.382361,-3.5305676,-2.5272458,1.3536757,1.5219171,3.3967886,4.608903,4.2903004,2.2404978,6.778847,3.412174,6.2882285,2.1264782,0.8077101,sad,23,03-01-04-02-01-01-23.wav
-532.7835,83.619255,-12.827554,7.826787,12.077156,-2.764533,-7.6807613,-15.0201235,-11.072185,-6.2920775,-4.2683854,-10.771729,-2.35786,1.2697387,-7.092601,-0.4846321,-9.667427,-3.9840825,-3.245333,-2.7241797,-5.0570254,-3.675768,-5.583986,-4.1662703,-5.696671,-1.8210789,-5.38912,-5.0448804,-4.951611,-3.7507243,-4.372805,-2.9397361,-2.9197876,2.834094,0.1687254,5.533364,4.567239,6.5296655,5.211589,6.722377,sad,23,03-01-04-02-01-02-23.wav
-487.82224,75.356346,3.0351276,3.621544,6.5691347,-2.0576794,-10.201976,-16.457905,-18.703642,-12.72879,-3.7636611,-16.661175,-5.3780336,-3.7909794,-8.104498,-1.1807046,-10.682554,-4.7918396,-4.21327,-2.849662,-10.921872,-3.9699528,-4.479035,-3.7341588,-7.3843565,-3.4448688,-9.526359,-5.8161373,-5.3108473,-4.396404,-6.7077165,-3.065802,-6.5580416,-3.4014814,-4.4344463,1.6731678,4.724754,9.194655,9.29281,8.795998,sad,23,03-01-04-02-02-01-23.wav
-513.027,78.31074,-10.855986,10.3203945,14.600625,-1.3183483,-5.5980415,-20.90619,-10.679031,-4.4160886,-5.1720257,-9.822722,-1.5107822,0.5067376,-5.964289,-0.26149887,-8.627427,-1.8819175,-3.36558,-0.16364262,-6.7812586,-1.5655061,-5.7522893,-4.2551875,-7.799909,-1.5372382,-5.005617,-2.352698,-4.868101,-2.0230873,-3.8204985,-2.2103276,-5.7151837,-2.307519,-1.6049958,2.5710285,3.725613,8.592146,5.6301975,5.969631,sad,23,03-01-04-02-02-02-23.wav
-293.9751,94.82182,-30.61369,2.5763676,-3.3244336,-19.492006,-15.267271,-13.061788,-30.977875,-16.929735,-6.5391464,-15.5262165,-9.401812,-2.2398696,-16.928215,-0.9583466,-19.806622,-8.760867,-10.717013,-9.314009,-15.197874,-3.7793941,-6.8111844,-5.638658,-8.222627,1.6478841,-9.812479,4.512549,3.0721576,5.376209,9.310604,6.7689896,0.6649157,-0.5025285,-1.5110986,5.0145564,1.9722047,3.4416862,-3.3671637,0.6355314,angry,23,03-01-05-01-01-01-23.wav
-292.0379,92.474495,-28.07189,6.569528,-3.3297367,-18.864372,-18.087118,-11.736149,-30.578104,-17.108347,-5.6072235,-17.836405,-10.475211,-5.2307057,-19.827599,0.14706294,-16.541317,-8.7408495,-10.979923,-11.020727,-13.997889,-2.4538312,-6.9851813,-6.1660056,-9.442018,-1.0859438,-10.7012825,2.6350932,4.009838,4.70668,4.21966,5.3229346,1.320428,2.3041744,0.85256803,2.2766418,-1.2019575,-0.022065366,-3.891365,0.64836574,angry,23,03-01-05-01-01-02-23.wav
-296.20377,89.59222,-25.616022,1.85956,0.79695606,-20.279787,-13.852105,-13.286439,-26.244886,-15.317658,-9.268364,-15.747194,-10.291838,-8.809136,-15.018936,-0.9323856,-16.579275,-8.41879,-10.140227,-13.758656,-14.585878,-5.7472897,-7.3920207,-8.321365,-10.0301695,2.1377122,-6.840016,5.4291716,3.9393053,4.8780284,5.376736,5.1988554,0.058060214,0.54994273,-3.9969478,0.26210278,-0.72635406,2.742201,-1.1296856,4.721859,angry,23,03-01-05-01-02-01-23.wav
-298.0601,82.5973,-25.65719,4.7953186,-6.626728,-20.086052,-22.02096,-8.987179,-30.011963,-18.704874,-5.150965,-19.243933,-14.905018,-7.2236414,-16.726969,-4.795,-15.985466,-8.247191,-12.501132,-10.567813,-14.184478,-5.8386464,-10.595811,-6.65653,-9.398859,3.522996,-1.5319245,4.6926827,5.7409563,4.2107525,-0.20646176,1.7598758,-1.344526,-2.374289,-3.1416254,1.5809094,0.9884662,4.7387743,0.93865687,0.7990089,angry,23,03-01-05-01-02-02-23.wav
-219.81528,65.74853,-41.18851,-2.2047615,-16.68699,-19.14445,-19.534866,-10.683106,-22.697512,-20.044151,-8.320763,-8.834368,-13.353733,-4.892573,-15.850711,0.1375789,-13.002439,-3.3328643,0.38620818,-2.7201183,0.7375052,10.724065,10.262277,13.642387,11.242696,11.763636,-4.7191706,-1.6268039,0.7983489,1.3739624,1.7148986,-2.413967,-3.824417,3.9663234,-2.289608,-0.281425,-2.379866,0.31542125,-1.1023762,-3.7073905,angry,23,03-01-05-02-01-01-23.wav
-208.46025,67.34911,-47.81065,-7.0654387,-15.657961,-25.301943,-17.912788,-15.60736,-24.713184,-18.898315,-12.75636,-12.8455305,-12.320504,-9.963621,-16.188738,-0.14361231,-19.885584,-0.9541293,1.7417074,-1.0624906,8.393841,7.391142,4.4062195,7.4352846,5.436039,11.969375,-0.21975736,2.4482996,3.0176716,1.0842093,1.8938802,-2.8448732,-3.39827,1.7320199,-4.2145314,1.8556294,-3.7777388,2.314817,-0.52909017,-0.78937757,angry,23,03-01-05-02-01-02-23.wav
-193.6109,51.699272,-50.086357,-10.15879,-15.977572,-17.278957,-20.472687,-20.487692,-22.027643,-18.528677,-11.967638,-11.640479,-9.310419,-10.014893,-15.468808,-2.7138863,-15.856755,1.1877826,11.434004,8.0467415,6.1407795,11.934025,3.8794417,0.91128844,4.9000783,13.550167,2.3126783,5.2811465,-0.06556143,-3.030769,5.0326157,1.8222715,-5.6042147,-1.2547574,-4.265339,1.456735,3.0927744,3.0996864,0.0880985,1.9768113,angry,23,03-01-05-02-02-01-23.wav
-225.9204,51.123203,-40.542747,-5.7946997,-13.889831,-22.41556,-17.84044,-14.704751,-25.421143,-20.269007,-9.967675,-17.160563,-12.483795,-12.713453,-17.129736,-6.7435536,-19.939499,-0.9081108,7.192562,2.1556387,3.7174392,8.004451,0.43002284,3.234634,7.064639,14.888868,2.6127157,7.1355395,-1.3235509,-4.341262,0.3310102,2.4750116,-0.3838004,-5.0247555,-7.833742,3.1167173,2.745933,5.156427,-1.5268584,-4.0497117,angry,23,03-01-05-02-02-02-23.wav
-389.81073,98.700134,-14.727009,14.663965,12.1143055,-11.4329,-7.8353996,-15.582647,-19.665977,-7.1869593,-4.9205365,-9.070789,-7.558339,-3.4696448,-10.98067,-1.1922523,-14.130137,-3.2175946,-4.8597736,-4.910161,-10.033726,-7.133025,-3.8648305,-6.9475493,-6.1487803,-1.5911608,-11.137253,-2.835135,-6.9459214,-4.823387,-6.8432283,-2.5570545,-9.77926,-4.00879,-5.2645597,-0.8953979,-2.2836914,0.090355754,-3.732984,-2.8434114,fearful,23,03-01-06-01-01-01-23.wav
-440.92084,109.91744,-13.683596,13.949051,12.444937,-5.7089033,-6.2360344,-10.900906,-21.694086,-11.231143,1.2459917,-14.966161,-7.470395,-2.1407287,-9.237631,0.0705494,-14.44437,-4.706975,-5.4060426,-3.6131105,-11.159545,-7.459481,-3.7519698,-5.934697,-8.901837,-2.3185937,-10.010679,-4.683837,-5.715555,-1.2236155,-6.9688473,-0.87082165,-8.945748,-3.7928483,-7.435038,-3.570174,-5.3203545,-2.0563009,-4.262648,-1.2528923,fearful,23,03-01-06-01-01-02-23.wav
-415.1812,96.39793,-15.514048,15.300538,14.775817,-6.2751265,-11.141157,-17.09258,-23.562752,-13.955492,-0.44390967,-15.543709,-5.204387,-6.2886353,-10.575543,-2.7256272,-14.7483225,-5.3675175,-3.6885726,-9.380253,-14.732701,-8.39319,-1.2858907,-10.158361,-8.50547,-0.474278,-9.460023,-4.654485,-4.826533,-5.1298285,-6.229248,-0.18160053,-9.000055,-4.814688,-5.9759746,-4.6394525,-7.0719805,-1.8510991,-2.5567977,3.321001,fearful,23,03-01-06-01-02-01-23.wav
-418.73434,100.041306,-16.216969,12.294944,8.593547,-6.6779675,-10.482779,-18.690071,-22.818926,-13.939152,-5.1675067,-11.703277,-5.375632,-5.3153443,-9.34247,-5.785762,-14.627566,-5.8229284,-5.9984694,-6.9134665,-13.458936,-8.76681,-4.2702227,-9.952178,-10.776131,-3.146943,-11.719515,-6.92941,-7.6566453,-4.861948,-6.776249,-2.3229089,-11.5489,-5.838574,-8.441051,-4.1951566,-6.3299775,-2.4310274,-4.020336,1.3193778,fearful,23,03-01-06-01-02-02-23.wav
-352.18634,88.03161,-28.218126,7.4551377,7.619623,-22.374638,-16.447126,-16.651354,-24.619347,-11.733157,-5.9930325,-17.500574,-5.338953,-7.9447875,-17.362303,1.4568876,-17.37928,-9.857604,-7.147874,-8.456711,-14.856149,-7.103112,-10.147021,-7.7096477,-13.5395,-3.9546378,-15.743327,-7.1750774,-9.375913,-7.946443,0.9544942,4.7307878,5.91865,9.236575,4.678605,7.9523053,5.564632,9.325421,9.723856,8.382137,fearful,23,03-01-06-02-01-01-23.wav
-338.99265,85.16678,-24.274643,8.58652,6.0306606,-21.085693,-10.496285,-19.11815,-21.532995,-14.226376,-7.596649,-14.406214,-5.4748693,-7.4056697,-14.65937,1.7267451,-18.80003,-5.8829923,-7.371965,-6.304723,-12.7443075,-7.6713133,-9.518155,-7.609813,-13.038856,-3.252674,-14.958391,-5.0770674,-11.922427,-9.323751,-5.93412,0.5582194,1.473613,12.664394,11.546349,13.274711,6.002605,3.5353339,-0.33124602,6.739321,fearful,23,03-01-06-02-01-02-23.wav
-268.50974,76.351006,-26.93583,1.1743546,-0.5704413,-22.199608,-21.981308,-18.889008,-26.093828,-16.088451,-5.3331647,-19.432116,-10.185268,-2.420301,-19.20543,-0.5170926,-19.573135,-9.014118,-8.336643,-7.9613304,-17.685923,-5.194537,-7.978408,-13.476591,-11.355033,-7.757988,-13.5518055,-3.0982845,-8.726331,0.22221588,-0.20200226,6.545473,2.1199996,7.496129,7.507599,11.733248,9.530966,9.493718,4.890101,4.476652,fearful,23,03-01-06-02-02-01-23.wav
-309.36102,80.45835,-19.604496,5.111291,3.4419982,-14.271939,-17.164396,-17.514534,-25.645782,-12.658488,-6.240927,-17.755024,-7.5353513,-4.5169826,-14.959232,1.3349179,-17.164228,-9.154561,-5.7016177,-11.66131,-15.2377205,-4.833035,-8.335367,-8.054157,-10.865648,-5.7060385,-14.622839,-6.5573626,-10.167618,-7.2050667,-7.016572,-1.4485201,-3.953599,4.1435013,3.8610814,7.3255706,8.081712,9.285385,6.7026005,8.248553,fearful,23,03-01-06-02-02-02-23.wav
-429.15323,94.25836,-4.5513897,16.166615,3.820085,0.49890125,-6.6064463,-7.443949,-12.247326,-12.855954,1.0187361,-6.994864,-10.250717,1.0833893,-6.487386,-1.2277341,-9.1398325,-2.120795,-7.3679466,-2.2097557,-5.568015,-5.536693,-1.4934853,-5.1076465,-6.982642,-0.45487964,-11.403098,-4.479418,-3.2920492,-3.0667024,-3.6233795,-1.791369,-6.731422,-5.808245,-6.8986974,-4.1125703,-4.3865814,-0.7582596,-2.1363733,0.7206902,disgust,23,03-01-07-01-01-01-23.wav
-439.5896,95.70361,-7.2679114,16.557934,6.108946,-4.811134,-8.360888,-10.273503,-13.657792,-10.238531,-1.0002065,-6.0452285,-8.9278145,-0.49047,-6.6667905,-1.5151072,-11.19861,-2.97743,-7.7535057,-2.9701378,-8.433561,-6.4197416,-3.8806808,-4.1744275,-7.942978,-3.3923504,-8.317962,-4.621241,-5.394847,-1.7149062,-3.7566023,-2.5630548,-6.4673204,-6.2213936,-7.2260466,-1.1275526,-1.0950408,0.20652504,-2.2492843,-1.0216432,disgust,23,03-01-07-01-01-02-23.wav
-457.41663,79.45274,2.3719783,13.733246,4.2482386,0.20075369,-8.813845,-13.225114,-9.905239,-8.892229,-2.4972665,-8.159929,-8.028127,-0.49462843,-3.9062376,-2.970355,-7.269157,-1.465208,-6.4584427,-2.9571724,-8.514331,-5.559948,-4.644176,-5.340874,-8.420417,-3.970197,-8.761827,-4.768749,-5.7759185,-3.0165834,-5.4431787,-4.512624,-8.73521,-6.571636,-5.737191,-1.3233472,-1.7461749,-1.463634,-2.444833,-2.8418713,disgust,23,03-01-07-01-02-01-23.wav
-429.06705,86.41185,2.2271516,11.437759,2.415688,-3.214204,-7.6149573,-17.049698,-15.676541,-10.687062,-5.6590557,-11.936784,-8.819332,-4.1009116,-7.566218,-2.3231812,-12.3492775,-4.0155673,-8.780212,-3.3580604,-12.029553,-6.0494127,-4.2136736,-8.17106,-11.251457,-2.139567,-10.07051,-5.960342,-4.93109,-5.678022,-5.9483,-4.20421,-6.2462974,-8.089102,-6.749644,-5.1884084,-4.509534,-2.7391288,-4.5381947,-1.2570955,disgust,23,03-01-07-01-02-02-23.wav
-435.78616,75.07601,-5.566801,11.338969,1.3519835,-3.9725742,-8.665868,-5.50598,-15.575617,-10.754347,-2.6046445,-9.379086,-5.9321427,-3.4686952,-8.098548,-2.0667014,-11.151541,-2.4979212,-7.5266438,-4.2075653,-8.963068,-3.9507227,-8.265957,-6.584772,-3.768851,-3.9987605,-7.7508917,-2.5716124,-4.4963117,-5.5889163,-1.7586808,-1.8251176,-1.2097859,2.1674662,1.4792805,3.4582043,1.821052,2.292697,0.72321963,2.3164866,disgust,23,03-01-07-02-01-01-23.wav
-413.6494,84.24621,-7.3043175,16.961752,-1.1612016,-6.970977,-9.809967,-6.8977294,-16.756588,-11.091236,-3.7545872,-12.1460495,-6.462858,-3.6770203,-4.9763465,-1.7405328,-12.815873,-1.4904218,-7.7736516,-7.0238323,-10.094866,-5.5316534,-7.095447,-6.7614594,-3.5221124,-5.253559,-11.939951,-2.7776413,-8.179399,-3.9409108,-2.1382542,-1.1253873,-1.8085649,-1.4464849,-2.9951239,1.4602879,1.5037998,3.619956,1.3277007,4.5110793,disgust,23,03-01-07-02-01-02-23.wav
-384.06204,76.64745,-3.1925278,10.974959,3.3778317,-2.3951147,-14.349877,-9.874289,-18.240381,-12.134584,-5.9756985,-14.590667,-9.373391,-4.5916266,-9.997988,-3.866033,-11.829993,-5.0498047,-8.312095,-6.68686,-12.20537,-4.654276,-8.643843,-8.67382,-9.797352,-5.118076,-10.7901535,-5.910371,-7.772862,-3.2315693,-3.5124588,0.02046255,-2.4212465,-0.77875376,-2.9811718,-0.04419339,-2.077893,1.3389112,0.5105612,2.6760254,disgust,23,03-01-07-02-02-01-23.wav
-396.07767,74.13602,-0.4144798,13.669236,2.6744905,-6.7493386,-15.146088,-7.696476,-23.893354,-11.364779,-4.102516,-14.691099,-8.114018,-5.6922703,-10.418438,-2.738281,-13.404078,-5.958418,-5.9452257,-5.1093864,-11.161761,-5.826139,-6.873428,-11.030184,-10.212359,-4.701692,-10.254001,-3.3627365,-5.195967,-3.4414709,-4.286438,-0.92100275,-3.3654628,-0.013151211,-3.9620516,0.31380165,-0.42482042,2.7184007,1.2486829,2.5128646,disgust,23,03-01-07-02-02-02-23.wav
-302.75815,96.4393,-31.515785,6.1286016,1.9858094,-21.605293,-21.109365,-23.868534,-27.834875,-12.83932,-4.936637,-15.339835,-9.826105,-8.242718,-19.299862,-1.7999284,-18.362585,-15.656471,-8.965412,-5.2797613,-10.032369,-1.8455445,-0.87901115,-2.381137,0.2746297,4.455424,-7.794537,4.679412,3.3177233,-0.2229508,5.028999,0.3415535,-5.433411,-0.13381961,-3.7506473,2.4253159,0.45292783,2.3716962,2.8069015,7.0658593,surprised,23,03-01-08-01-01-01-23.wav
-317.82578,101.02419,-31.166334,2.99023,5.0649433,-20.75796,-24.948973,-17.72291,-28.318138,-10.212312,-3.3640215,-16.713842,-10.626884,-6.4538093,-21.757227,1.3821967,-17.456661,-12.699644,-10.659258,-6.0519214,-15.254802,-0.7026477,-4.9951034,1.6143097,3.5780773,2.0045679,-1.3157625,6.522831,6.3318267,2.245363,2.5608282,4.658402,-4.3081307,0.09116346,1.7508844,3.5290682,1.5890207,3.04926,0.06736281,1.9705032,surprised,23,03-01-08-01-01-02-23.wav
-290.41388,95.174385,-28.186096,-1.7435633,-0.07773834,-15.112737,-23.446156,-15.517561,-29.484106,-11.843611,-1.8288854,-12.338943,-14.075392,-6.662057,-18.864243,-3.4746263,-19.514359,-14.957983,-9.995265,-2.6363094,-13.386546,5.77759,1.4239961,0.078496285,-1.6907865,2.7584138,-3.4739277,2.886671,6.1291614,0.11117864,-0.24577366,-1.2764437,-3.9312685,-0.24466075,-1.9189557,0.36502308,0.9038227,0.99259907,0.05224627,1.8144236,surprised,23,03-01-08-01-02-01-23.wav
-292.42566,94.38115,-33.36165,-7.721319,-3.4197035,-20.40657,-22.968372,-21.767752,-30.328814,-13.767668,-7.561206,-13.398409,-16.344683,-11.669676,-15.6135645,-7.317658,-22.226381,-11.654002,-12.008572,-4.881796,-12.349121,7.135064,-0.55678153,1.6254829,-1.1803552,1.114865,-4.7944894,0.8646951,1.3812398,-3.2875712,-0.62817997,-1.1025383,-0.37034443,4.03733,1.6733606,5.595147,2.0732515,3.9673092,1.601515,2.3449435,surprised,23,03-01-08-01-02-02-23.wav
-304.6486,77.90816,-29.070557,0.029438235,2.6796205,-15.888703,-29.136593,-19.659098,-23.693996,-12.766825,-8.605597,-14.862072,-16.85225,-10.316619,-21.36775,-5.7735524,-20.798079,-14.3365965,-4.741694,0.81415045,-0.63590187,7.843381,-1.052716,-2.6822085,-2.4141169,2.0657337,1.4761341,1.4372653,1.470106,-2.2518551,1.6481873,6.1363525,-0.1760405,-0.56467074,-2.6997972,2.7883868,1.2947383,1.9963231,0.9300582,3.8123999,surprised,23,03-01-08-02-01-01-23.wav
-286.13303,85.966225,-33.988068,-3.717278,-7.458787,-18.22195,-27.81922,-22.856918,-25.253166,-12.745653,-8.611732,-14.532351,-11.798267,-12.37064,-21.26152,-3.0033908,-23.140333,-13.07829,-5.8135324,-1.828638,-1.3204398,5.4052343,4.3575377,-1.664888,0.7585499,6.13033,-0.24738532,7.211021,5.988395,2.4356048,6.027162,3.1066768,-0.8498881,-1.2923249,-1.08304,4.927544,0.12765343,0.2252939,0.8322587,0.21988793,surprised,23,03-01-08-02-01-02-23.wav
-256.6936,68.4424,-35.15426,-11.883998,-15.065558,-18.975464,-26.422136,-24.330969,-26.350166,-15.955473,-10.364516,-13.534089,-17.551237,-14.45145,-20.263548,-9.73433,-20.85198,-11.018365,-3.3703365,3.9053078,-1.632614,10.897225,3.817396,-6.846988,-3.1913896,8.364291,1.0395792,4.915812,1.6669364,-0.7719139,5.127501,6.2784367,-1.8028022,-2.460202,-4.026827,3.4931128,2.4093225,0.4782036,1.269689,6.601115,surprised,23,03-01-08-02-02-01-23.wav
-273.8051,72.63924,-34.565327,-7.602998,-8.834976,-17.37988,-27.614023,-20.127617,-27.199823,-13.741912,-9.396295,-13.206544,-16.004927,-12.1298685,-16.248661,-7.1041026,-18.926205,-10.104578,-5.6954207,-0.47060835,-6.1825857,8.471911,7.03187,4.2451997,4.3648453,6.507498,-0.32082093,2.4485335,4.34761,1.6438638,4.288785,4.5560303,0.38210592,2.9348402,1.3910321,4.0566235,2.4596708,1.4063709,0.3920982,1.342816,surprised,23,03-01-08-02-02-02-23.wav
-530.4005,87.869675,-16.90845,0.5277295,-17.294418,-17.038265,-23.262917,-24.99861,-17.624954,-13.43298,-16.599121,-5.530056,-11.910708,-10.726918,-5.442921,-12.762608,-8.658984,-9.877438,-12.46208,-8.474994,-9.893742,-8.592384,-8.004852,-5.59636,-5.049748,1.0815587,1.2463953,4.5329795,3.5577037,8.382446,8.779251,13.789276,14.532688,12.730554,8.000326,3.4876702,-0.009669683,1.1473341,-1.4477273,-0.59468067,neutral,24,03-01-01-01-01-01-24.wav
-511.81488,82.621445,-28.590834,1.1518729,-19.143593,-21.825935,-21.661526,-27.478765,-17.001522,-11.6984215,-19.669718,-6.132443,-11.138259,-13.506908,-5.4961023,-11.800381,-10.373846,-9.084608,-9.092386,-8.614219,-8.297746,-8.390759,-6.211138,-4.989529,-4.5861435,1.0789729,-0.5221366,3.2264159,3.6266513,7.38153,8.866318,14.135132,12.281109,13.392503,5.437234,4.9686737,1.0026503,0.6908682,-0.9441952,-0.48018244,neutral,24,03-01-01-01-01-02-24.wav
-507.21786,84.164375,-18.338326,5.901207,-21.493603,-15.392064,-25.655087,-24.847631,-13.803486,-12.182311,-13.61965,-0.0074108285,-13.599493,-9.056453,-3.061377,-14.258025,-5.528405,-9.037774,-9.398856,-8.401082,-6.1134796,-4.1045523,-0.76692253,3.0929976,0.25468373,3.7517507,-1.4533504,9.572854,10.087538,17.359537,12.022583,7.4566755,1.9585012,3.2989354,4.06322,5.6944385,-1.5972776,-7.0611777,-7.6383557,-0.6281391,neutral,24,03-01-01-01-02-01-24.wav
-500.6925,75.99777,-15.167946,7.0636406,-20.454206,-12.231112,-31.337418,-24.678007,-17.865717,-13.181187,-16.175943,-2.3062,-9.937727,-11.879432,-1.23179,-13.750521,-8.410217,-7.759778,-11.855226,-9.316075,-7.3492956,-6.2809854,-6.4165764,-0.71303016,-1.0314041,1.0139489,-0.5920832,6.3788276,4.0994563,11.386872,9.499228,9.374624,5.6355205,7.026655,4.8205333,6.579087,1.9615712,-4.0270514,-8.023822,-1.8925651,neutral,24,03-01-01-01-02-02-24.wav
-569.3291,77.90151,-11.183969,5.6954236,-10.182183,-13.046706,-24.587618,-25.63309,-16.865135,-13.267747,-15.654346,-7.062088,-16.15871,-10.029013,-5.4559608,-14.137786,-7.7515993,-6.5764165,-8.542927,-6.086215,-2.860478,3.3149865,4.641175,3.9226213,-1.3370384,-1.6612902,-4.9665155,1.2970376,-0.7325894,1.98157,-0.061623104,7.582508,14.152675,17.424618,12.11124,5.4796233,0.10209892,-1.8083097,-2.8624284,-1.0890129,calm,24,03-01-02-01-01-01-24.wav
-559.90826,84.93065,-8.995932,2.9485197,-14.157211,-14.481638,-18.015808,-22.192102,-18.215067,-8.731476,-13.911963,-5.4687715,-14.692756,-7.413354,-5.0087314,-13.684111,-6.7408023,-8.605524,-9.775826,-6.7678742,-6.2838383,-1.0565357,-0.6321814,3.3725147,2.9188552,3.2025087,-4.040283,0.95685846,1.7108653,8.16506,7.917946,14.128902,12.375246,13.008097,8.07945,6.9404936,-0.38935426,-4.915113,-4.755978,0.76954,calm,24,03-01-02-01-01-02-24.wav
-561.5175,63.080143,2.6175597,10.614636,-11.199982,-6.0610056,-20.85191,-13.83194,-12.054602,-9.52622,-9.954475,-3.2983906,-15.754861,-4.327225,-6.655427,-9.650767,-10.930222,-4.584567,-7.838492,-11.783403,-4.873842,-7.9914427,-7.4460664,-5.2505975,-4.2908406,-5.1596937,-6.8953424,-0.35105464,2.2278023,12.071394,17.941418,27.259798,22.284506,20.202164,4.6783986,3.355877,1.0727962,2.0400198,2.5206134,3.1692703,calm,24,03-01-02-01-02-01-24.wav
-521.7264,65.71811,2.632654,-0.18798976,-5.5457187,-6.205471,-20.019442,-12.300355,-18.160028,-8.464523,-14.677834,-3.7585087,-13.866108,-7.694152,-5.933551,-9.668887,-7.9758677,-6.466423,-9.070337,-10.15241,-5.662294,-8.664825,-9.7089205,-4.516831,-7.302892,-6.0081882,-6.9399667,1.8664658,2.1218333,11.522466,10.862139,18.110205,16.790903,15.895635,6.6305647,6.722447,-0.60178447,-2.1432729,-3.3224614,1.8166723,calm,24,03-01-02-01-02-02-24.wav
-521.6501,77.89583,-22.400978,-1.0949228,-16.766268,-16.638609,-21.77949,-19.19595,-15.632169,-12.692764,-13.663562,-4.601821,-13.785951,-11.0341625,-4.7680645,-13.995404,-8.715489,-9.909695,-9.85752,-4.9541674,-6.850644,-4.326614,1.1915972,0.5906441,2.4001827,2.133161,-5.4160213,-0.69012153,-2.1237125,4.4611373,6.3772597,13.264508,12.592297,14.704437,8.936826,9.0955925,1.4957893,-1.9763249,-3.7332492,0.89434385,calm,24,03-01-02-02-01-01-24.wav
-540.6518,79.20972,-9.826197,9.581985,-9.7096195,-10.894451,-17.519115,-16.059782,-15.727733,-13.908014,-6.3229947,-6.511225,-14.681364,-7.179949,-3.6830688,-11.481226,-8.935954,-8.097061,-6.7562356,-8.869139,-4.0174513,-3.6232314,-0.030291054,1.3509256,-1.3130325,3.495553,-5.646884,2.8833544,2.378067,9.366535,8.087265,13.472355,8.972505,8.853721,1.9983139,4.087242,-0.4728222,-1.1794816,-3.3694038,-3.629584,calm,24,03-01-02-02-01-02-24.wav
-548.82715,73.87026,0.6387835,-1.2869402,-15.9641,-14.828072,-20.520868,-12.362692,-21.864521,-14.434844,-9.865857,-5.9738455,-15.221659,-6.7404857,-5.6326694,-14.336631,-5.965513,-5.4497266,-8.15492,-8.588409,-4.9172087,-4.570009,-6.191016,1.6028242,0.60223824,2.8683136,2.544081,8.619497,3.773958,6.233726,4.1088505,11.0923395,11.426889,15.295356,8.948162,5.6144576,-1.0020266,-1.4994491,-2.8616176,2.4757886,calm,24,03-01-02-02-02-01-24.wav
-517.31366,63.471737,-5.1540046,-2.1903086,-8.479114,-11.309629,-17.839113,-10.785672,-20.61295,-13.190623,-7.202698,-9.204591,-14.778767,-8.633046,-4.9713626,-14.001877,-8.179199,-8.4352865,-7.8129163,-7.534445,-6.0726767,-6.8699126,-8.1929035,-2.501464,-2.712335,2.1765463,-1.6627465,8.55302,1.081222,5.5946236,1.7043964,7.7162514,11.4481,14.742756,8.084443,7.218018,-0.75028145,-0.8455041,-2.3913062,1.9939327,calm,24,03-01-02-02-02-02-24.wav
-474.35266,84.271706,-22.994303,-0.33468953,-16.932314,-19.062645,-18.229094,-18.594746,-18.629284,-11.454591,-20.2667,-1.1952691,-14.245686,-10.862921,-1.1668228,-15.3997135,-8.144273,-8.808203,-12.149132,-7.1119814,-4.418793,-1.1315694,0.41737643,1.8733202,-1.7655116,2.7651846,-4.859194,1.8172414,4.1106935,11.55915,7.852388,7.865322,4.738202,8.8864155,3.5040116,6.8697553,1.7866502,-0.1779973,-0.6737728,-0.509749,happy,24,03-01-03-01-01-01-24.wav
-472.05627,85.14234,-35.174553,5.739988,-9.417698,-20.720383,-16.875647,-18.816235,-16.737394,-8.09094,-19.21786,-0.24299179,-12.300053,-11.296989,-2.372675,-14.000387,-7.8752613,-7.760645,-12.37925,-3.399078,-5.616589,0.17493477,0.5354089,-0.13633516,-3.4975913,1.1726938,-5.04121,7.0815635,5.704903,13.657332,8.554564,7.7082114,5.8336043,8.78784,3.4803343,6.058224,1.365148,1.0844314,-2.0977259,0.71073085,happy,24,03-01-03-01-01-02-24.wav
-471.24185,95.840866,-36.866344,-6.1937675,-15.256805,-16.047382,-22.367464,-21.413334,-16.98511,-11.169498,-13.277739,-2.110894,-15.366364,-9.566368,-2.7328403,-15.908785,-6.237301,-7.1192975,-9.639555,-5.7775073,-4.9636517,-2.1489246,-2.741163,-1.9761655,-0.24727458,7.4884853,3.0463982,13.028864,8.0957155,7.5661316,3.5969117,0.8491816,4.3496842,5.9672103,3.3919942,5.500926,0.06675305,-1.0464109,-6.178898,-4.5134907,happy,24,03-01-03-01-02-01-24.wav
-442.8306,67.57662,-30.193577,-1.76921,-17.95553,-17.878843,-27.20875,-18.18533,-19.580776,-14.814148,-15.479999,-3.646281,-17.435965,-10.697725,-4.570664,-17.275616,-8.02554,-7.4737763,-13.898802,-4.411174,-5.654569,-5.387062,-2.8146021,-0.18130116,0.94368446,9.160037,5.5258055,11.899216,4.2354894,1.4317086,-0.8248105,2.034547,11.0689535,13.509513,5.9920235,2.6194618,-5.6760087,-4.139856,-4.5817833,0.85738295,happy,24,03-01-03-01-02-02-24.wav
-354.87195,61.111847,-40.892746,6.6539407,-17.99367,-25.774685,-10.746428,-17.887726,-9.578487,-5.3326855,-18.131916,7.073234,-13.845654,-6.3023963,2.5397682,-16.401657,-4.0625715,-4.9426694,-8.745947,0.5867056,-0.20456947,1.1176018,6.489061,8.823093,7.4375386,9.335988,-1.5103788,7.5719204,4.1323094,12.034935,14.874657,9.545057,1.0056341,-1.3500901,0.046237446,3.910134,0.61868346,-1.9126184,-6.592382,0.5371846,happy,24,03-01-03-02-01-01-24.wav
-356.6944,70.5011,-42.953434,17.508287,-16.487453,-21.631994,-10.097528,-17.245543,-7.9279313,-3.3897128,-19.002726,11.448683,-5.05958,-9.128292,4.856066,-12.65109,-5.2990594,-4.438346,-8.7016735,0.26708168,-2.1098113,-1.4334134,1.1746025,4.277085,0.4043869,9.230577,4.417043,11.703862,2.707458,4.8892694,10.0857115,15.254214,18.382696,14.47471,4.7609987,-1.4011501,-2.6597753,1.1778134,2.2058122,1.6513749,happy,24,03-01-03-02-01-02-24.wav
-361.36075,49.41022,-35.34018,-3.4097111,-20.32605,-23.03798,-22.916111,-20.225636,-21.591272,-7.408385,-18.832998,0.65727305,-19.44456,-8.459483,-3.079625,-18.761967,-5.389041,-7.7295947,-10.541334,0.43655032,1.6446882,8.586887,9.9155445,14.49071,15.563345,12.97309,5.911855,14.242828,0.9093396,4.688441,-0.14658277,1.9262633,2.6677818,-2.083343,-2.9867961,-2.7963648,-3.772672,-2.7721388,-3.888059,-3.793498,happy,24,03-01-03-02-02-01-24.wav
-323.17984,34.166767,-39.501472,-14.89487,-29.895927,-25.972248,-24.303617,-18.813148,-21.601173,-9.699466,-23.249115,-5.4966645,-19.163471,-8.670463,-7.7398486,-18.444344,4.519681,14.924695,20.525383,34.08944,21.49627,8.658067,-0.75739014,2.6735854,0.20238498,1.3346125,-4.705537,0.6762876,-5.06362,-2.0612454,-9.645782,-2.227153,-0.25508484,1.2486603,-2.559781,2.6501484,0.48130557,1.8036319,-4.1952863,4.4927034,happy,24,03-01-03-02-02-02-24.wav
-557.9401,85.56286,-5.8057747,5.5886154,-7.255597,-13.313857,-22.267267,-12.333583,-16.278381,-10.451204,-14.445027,-6.913223,-10.764955,-4.2132707,-5.440151,-13.030155,-6.1253633,-7.71631,-8.573876,-8.845548,-4.437738,-7.9262667,-2.7500772,-0.9285541,-1.0960376,6.830592,1.0729644,4.7725964,-1.0357127,-0.4107397,-3.427194,0.6650631,1.766252,7.430061,10.37158,11.79625,7.873759,2.7481072,-0.6765944,-1.509053,sad,24,03-01-04-01-01-01-24.wav
-567.28394,87.657196,-0.53673655,13.638777,-8.975049,-6.8658943,-17.919832,-13.804179,-11.162102,-5.1232314,-15.622047,-1.6976037,-10.0491085,-0.69431317,-4.2647386,-9.099531,-2.1413922,-8.951967,-6.6168437,-6.5060053,-6.3353133,-5.5021505,-5.7193966,-2.1247387,-5.6170416,-2.7999654,-4.2785606,-1.4972606,-4.614338,4.4932833,7.0395226,15.126093,17.253069,19.145075,13.905909,6.7398586,2.632332,-1.1588382,-0.6577185,2.1666448,sad,24,03-01-04-01-01-02-24.wav
-510.07248,82.82892,-18.725365,6.9135303,-25.937191,-13.364846,-24.646944,-29.856558,-19.842228,-17.551252,-17.328457,-3.2637455,-16.399435,-7.8841014,1.4375899,-20.335426,-8.131988,-4.9051447,-9.662431,-10.780845,-7.5773826,-6.994947,-6.700085,-4.6230664,0.24117444,1.6181355,-1.1418208,7.7810388,3.3613348,6.487001,6.1332445,9.760554,10.230292,15.499794,13.172037,9.573891,1.7211072,-0.04641114,-3.7036905,-2.3428187,sad,24,03-01-04-01-02-01-24.wav
-519.125,76.96091,-0.4159547,12.559803,-17.715866,-10.217023,-20.643354,-8.681358,-17.863708,-13.980523,-7.5661874,-6.933083,-7.607485,-7.4381714,-0.5609636,-13.41043,-5.8449254,-6.0676613,-11.475014,-9.384846,-5.277685,-7.817387,-7.640856,-5.6915054,-6.264099,-3.3196537,-7.360532,0.18478994,-0.3005553,4.4603996,4.3756833,9.129699,8.880455,10.232735,6.6838965,4.278431,1.4513807,0.061627157,-5.198277,-0.6166859,sad,24,03-01-04-01-02-02-24.wav
-450.15088,68.20194,-40.600185,-0.07141739,-21.016792,-29.297634,-21.44498,-29.848467,-25.81236,3.855904,-17.87333,-10.798414,5.4238935,-15.728177,-1.3825538,-4.994147,-9.663195,7.1386,4.3241305,8.148805,7.6020665,6.4165454,2.3841577,12.84454,6.073644,10.376289,5.440256,-2.5845158,-3.0187094,-3.5853379,-1.8617826,-0.497389,-6.300464,-1.1029418,-1.7021339,1.072548,-0.2842683,-0.15122694,-4.4017286,2.379306,sad,24,03-01-04-02-01-01-24.wav
-453.82593,85.242386,-23.97086,4.2788844,-19.477758,-25.507915,-8.566987,-21.83888,-17.043024,-0.7955089,-14.897142,-3.5492628,0.5731211,-12.870015,3.2836885,-9.608246,-4.7087183,2.2626133,-3.8225384,4.7077885,1.7813659,1.4513227,3.0138307,7.0973454,0.09676407,5.7439938,0.7599018,7.672446,3.679331,4.4713583,1.8167973,0.39239943,-0.91126305,2.4640408,0.19430333,2.1503863,-1.2799426,1.9130507,-1.1225687,0.16639362,sad,24,03-01-04-02-01-02-24.wav
-472.88553,61.384926,-11.840075,0.7631866,-13.910207,-15.385262,-22.051397,-22.37824,-20.894688,-2.3918066,-22.126194,-6.103079,-1.2465719,-15.270725,-2.2630954,-11.829762,-9.089503,-0.9827821,-7.3884935,-0.7777739,1.273555,1.1682107,-1.2038358,6.432763,0.8058543,5.5538673,4.3785233,6.4963202,5.082115,2.9724524,-1.3431474,-1.8978909,-4.8426847,-1.2279407,-3.6920254,-1.4559444,-2.4824321,-1.693938,-4.0808754,-1.3287269,sad,24,03-01-04-02-02-01-24.wav
-553.37897,64.16072,-2.492364,-2.7017875,-16.51007,-12.026913,-15.400403,-15.719465,-20.925928,-6.237981,-14.869373,-4.99599,-5.207007,-10.353233,-2.0711532,-9.960853,-5.1538253,-1.321854,-6.4610744,-1.2107711,-4.458165,-1.7264888,-3.5189304,1.533759,-0.11317591,10.6838455,7.9905934,16.97799,9.267192,7.128668,1.3872827,-1.467502,-1.6379007,0.08913619,-0.26551342,-1.4622762,-4.777858,-1.7879851,-4.2479935,-0.91000855,sad,24,03-01-04-02-02-02-24.wav
-346.29987,64.69746,-37.779636,1.0203058,-27.993599,-24.11613,-9.119402,-22.01504,-16.01229,-3.9235165,-19.872046,4.3453183,-10.212418,-12.196574,2.857151,-15.208796,-6.652348,-8.056351,-10.365801,-1.7171441,-3.855862,-1.9273068,-0.8324152,-4.726445,-2.337704,4.9088387,5.74104,16.561058,14.528332,12.294696,7.1697087,3.0745044,0.6594302,2.5574136,1.4069849,3.1455166,-1.013959,-0.032796327,-4.226808,-0.5821746,angry,24,03-01-05-01-01-01-24.wav
-315.71616,60.828655,-38.461597,-1.0100458,-24.384682,-24.419312,-15.605998,-16.785942,-20.077494,-4.6384234,-15.977391,0.9576396,-6.5876603,-11.9278555,-0.4393026,-13.095523,-7.690882,-7.4472637,-10.6212015,-0.82302177,-5.054184,1.5179925,6.1751156,7.831303,9.506568,14.722331,8.61241,11.485286,7.4611163,9.343532,6.68774,1.3659089,-1.3929299,0.43549505,-1.5700889,2.7767813,-2.2489395,-5.636662,-3.3270617,1.9743915,angry,24,03-01-05-01-01-02-24.wav
-357.90717,65.84562,-34.56326,8.012562,-22.728716,-23.665955,-14.884949,-26.587563,-18.933739,-6.3818736,-14.673547,4.0187783,-7.007381,-12.085834,1.1619977,-12.550504,-5.083538,-5.4370923,-10.14396,-5.7330723,-6.5350795,-8.731551,-6.2315884,-6.8799453,-8.290297,2.7283287,0.3085569,12.931034,9.563276,10.504017,7.669588,7.74597,8.692944,11.129034,6.9688263,2.6391206,-4.560686,-4.900104,-2.9484036,5.00398,angry,24,03-01-05-01-02-01-24.wav
-343.9333,57.492958,-34.976677,-5.2816367,-20.497746,-30.430086,-14.849804,-22.34684,-21.632854,-3.188543,-14.976235,2.0827372,-11.903882,-10.206748,-2.7018478,-11.731337,-4.7608457,-6.145918,-13.291409,-4.253791,-9.088319,-9.026762,-4.0142374,-2.118148,1.6071187,11.365838,4.3314037,17.215687,8.412645,11.987335,10.186887,6.386578,1.4997447,0.87422097,-1.8743671,2.161051,0.09164911,-0.44883054,-4.406716,-4.1019683,angry,24,03-01-05-01-02-02-24.wav
-280.47403,47.41867,-35.233604,1.748928,-37.632534,-25.788782,-7.5357957,-21.96546,-15.924184,-7.605163,-21.620281,7.496763,-16.105358,-10.276179,0.4616906,-13.620634,-6.8562446,-9.51884,-12.266733,-4.6810927,-1.6201278,6.765842,9.701814,14.31768,16.112383,19.193075,6.7369676,8.13304,-1.9872557,1.4673884,-0.15080729,2.4473367,-0.522838,-1.0067143,-2.0186532,2.669872,0.6251046,-2.3313272,-5.1646857,-2.3715558,angry,24,03-01-05-02-01-01-24.wav
-309.0157,50.764084,-40.51846,-0.071100235,-30.125265,-26.61128,-10.210533,-20.0473,-20.14441,-3.1876428,-23.507812,6.781981,-9.500369,-13.906233,0.07244065,-17.387749,-7.605339,-7.022151,-8.720666,0.82242525,-1.0004662,0.57001525,1.4265553,8.56872,13.437902,20.014992,14.178086,9.680898,0.43798816,0.83884054,2.2614663,4.163152,-0.568088,-1.6819162,-4.6752887,3.1838224,0.520794,-0.18714811,-4.7801867,0.59629273,angry,24,03-01-05-02-01-02-24.wav
-343.47217,59.413677,-23.716488,-4.2090945,-24.432877,-19.482403,-17.677443,-22.956135,-18.418064,-5.6617007,-14.615783,7.5488997,-10.18719,-6.239229,-2.7840388,-12.066466,-2.2703803,-6.03872,-10.627478,-2.2347267,-9.282233,-7.238391,-1.6541246,-0.83611137,-2.9089456,6.6207495,4.60723,15.876601,12.929257,14.607577,8.883237,3.4015326,-2.7899773,1.5477726,1.5261787,5.1136622,-0.92685246,-3.1001253,-4.013831,0.4098126,angry,24,03-01-05-02-02-01-24.wav
-381.8436,35.774853,-28.097635,0.20313425,-31.36698,-15.877402,-12.02861,-19.390707,-14.231506,-6.530466,-14.277039,4.9698343,-10.2266,-10.703678,0.19476081,-11.944021,-4.092068,-5.63842,-13.025772,-3.6310577,-7.330616,-0.7944373,-1.9317713,1.4553128,5.359613,12.403706,9.131633,15.003544,8.388761,8.989305,2.535655,-0.13592286,-1.5802674,0.992234,-0.8090638,1.9947165,-3.5952232,-4.6848693,-5.0424194,-1.5150068,angry,24,03-01-05-02-02-02-24.wav
-350.9674,47.27502,-23.711292,-5.900155,-22.917538,-16.825876,-19.094885,-22.915884,-10.208319,-11.468237,-17.858414,1.4705936,-14.582223,-5.4243593,-5.582071,-11.089846,-4.9641895,1.8533552,7.1987405,10.667024,14.748769,13.9010105,8.841045,11.883848,5.799932,5.370591,-3.8121126,0.18773207,-5.001366,-3.1502604,-6.229491,-5.1199675,-5.888322,-1.5033488,-0.033018198,1.2042156,-2.6036036,-0.71666354,-0.8036873,4.0896463,fearful,24,03-01-06-01-01-01-24.wav
-347.89926,41.549133,-36.477493,-9.143016,-28.703398,-22.318531,-18.349783,-22.641895,-14.8347025,-10.393559,-16.55648,-4.0166545,-12.683486,-11.287236,2.6867857,-3.7866983,7.8683715,9.257415,7.579304,11.131944,13.397683,9.782917,6.311927,6.3875813,-2.158914,-1.4548045,-4.021283,-0.9891787,-3.7782924,-1.4105922,-7.5703483,-3.1504579,-2.7456162,3.1591089,0.11662248,1.5505762,-0.54554707,1.280553,-1.3010433,0.075334,fearful,24,03-01-06-01-01-02-24.wav
-354.6905,34.00466,-15.611326,-6.684775,-26.893679,-18.799643,-23.199633,-14.424848,-20.696096,-9.386613,-19.332031,-7.1676497,-13.397341,-13.652431,-5.339577,-12.821759,-12.851163,-2.9213617,-6.282828,7.2001767,18.841236,19.645105,18.09704,19.52484,6.1560388,2.5574281,-6.761235,4.740297,-0.70119023,0.43072686,-6.206514,-3.951774,-4.2957425,1.1303399,-3.495407,-2.613643,-2.8259938,-2.9613552,-4.8888745,-0.6026204,fearful,24,03-01-06-01-02-01-24.wav
-359.2812,40.831673,-20.313313,-4.5162272,-25.76423,-14.612923,-17.897894,-20.254292,-14.5257015,-10.28724,-17.214865,-4.8792553,-13.236877,-7.6454597,-4.9451427,-10.65332,-11.693261,-2.82685,-3.9925203,9.99306,22.258135,24.600796,22.22015,19.449738,5.712254,5.0510507,1.5299499,6.218984,-1.0597788,0.31554574,-7.6896667,-1.2128937,-2.521635,-1.3695381,-4.4545465,-2.4273043,-3.7093015,-1.167176,-4.039194,-1.2973738,fearful,24,03-01-06-01-02-02-24.wav
-283.89096,26.16995,-62.648186,-23.745398,-26.020315,-38.64451,-28.559687,-35.558067,-20.119713,-0.4462518,0.6025639,27.688776,20.225157,19.782246,8.493384,-10.934079,-8.664653,-1.4238969,-8.153635,-7.043715,2.6035445,9.403706,5.9321303,0.1154026,-3.6337287,3.9340222,-4.540032,-1.283651,-0.41969204,0.5411753,-3.7712815,2.2171705,2.4983163,2.024144,0.0914141,0.26401538,-4.00151,-0.3177567,-3.2415435,-0.72227734,fearful,24,03-01-06-02-01-01-24.wav
-345.71408,29.416069,-34.977848,-20.026155,-25.52068,-29.660604,-17.947456,-22.01226,-19.23992,-9.176643,-14.165854,6.15636,12.471767,22.966663,26.583767,5.5676637,-8.790723,-3.668161,-9.216525,-3.9977956,-0.03149591,-6.433964,-4.081715,1.1564968,-0.98233336,3.5969126,-1.2500361,3.8997395,2.299579,2.261162,-3.0170507,-0.70367014,0.52151906,4.622588,-0.13348314,0.5938592,-2.3354428,-2.5360332,0.029307678,4.429203,fearful,24,03-01-06-02-01-02-24.wav
-297.02936,6.1905866,-54.142826,-26.066101,-26.81817,-30.973902,-35.958405,-33.427544,-27.285788,4.7908235,3.1656456,29.69609,25.757957,23.408789,7.425086,-14.230817,-7.3787374,6.3243475,-3.8085387,-7.530467,-7.426795,-0.41566125,5.386225,4.7880206,-1.9396433,0.33553094,-2.3894618,1.4243865,-3.5662112,-1.8673401,-2.1973052,-0.6301565,0.41900763,3.742397,1.0744816,3.1968138,-0.08623286,-1.3196653,-3.4819925,3.2112827,fearful,24,03-01-06-02-02-01-24.wav
-281.39038,4.0182486,-52.886375,-35.846004,-27.049957,-29.989618,-34.26553,-28.249325,-25.919586,7.4179916,11.310596,39.674847,28.000736,14.811491,-8.675096,-23.853136,-7.648026,3.8697374,-13.705848,-18.346119,0.84419787,19.48214,12.274102,-0.49481827,-2.3738718,3.0308633,-6.176005,-6.1498804,-0.865101,1.7531098,-6.0690937,3.085885,7.794463,4.746882,1.6222831,0.6248486,-5.244424,2.1065025,-3.2444704,-1.3020018,fearful,24,03-01-06-02-02-02-24.wav
-457.05948,96.43035,-40.08861,3.345908,-28.48031,-21.907307,-18.544199,-21.954187,-21.466427,-8.730604,-14.028871,-5.619949,-10.838398,-7.8081007,-3.000161,-12.8256445,-9.465656,-9.14098,-12.115815,-8.2790365,-9.076415,-8.54047,-8.390131,-5.9425607,-9.008147,-1.9763995,-3.9701905,3.1569483,0.2893387,3.051753,-1.0986712,3.4206095,3.4693534,5.4500494,7.045908,7.8312645,6.265179,5.2669683,1.1241169,-0.27592906,disgust,24,03-01-07-01-01-01-24.wav
-417.9412,85.90667,-34.817474,4.227401,-25.000107,-23.145842,-16.915148,-22.087633,-13.735106,-3.9372807,-16.804548,-5.250335,-8.701976,-11.510663,-3.0840025,-10.24735,-12.279801,-6.062703,-11.657911,-6.7685184,-7.5095687,-4.539152,-6.241674,-2.4765449,-5.7012577,1.5393233,3.056701,7.8949103,6.86227,5.2709904,0.88444877,0.24612388,-1.7245405,4.9659824,6.468195,5.2190714,0.47209796,-0.94419646,-2.0990508,1.5459012,disgust,24,03-01-07-01-01-02-24.wav
-434.14798,66.65772,-38.65479,8.518587,-32.71123,-20.120012,-24.753622,-29.671951,-15.632456,-11.892699,-19.168379,0.97548854,-12.3767185,-12.056442,-0.61210763,-16.35576,-6.3656554,-4.8956456,-11.216846,-3.7677956,-8.259416,-5.9809804,-10.6609,-6.774323,-7.857714,-1.0471065,-0.38457972,13.3704605,9.358489,14.87721,4.9691377,4.184984,2.197959,6.993267,5.2789183,6.818458,5.046391,2.952779,1.8674241,3.9393218,disgust,24,03-01-07-01-02-01-24.wav
-413.08957,84.61763,-35.97018,-0.69325143,-24.835907,-21.514832,-24.731588,-25.778782,-24.203775,-2.153679,-12.598285,-9.816921,-1.6123441,-13.172208,-8.123397,-10.348019,-9.899595,-3.4505625,-11.964635,-6.214107,-9.070895,-6.729739,-7.11589,-7.7497764,-8.507157,-5.137406,-4.8090844,-0.9255607,0.2342088,2.718574,4.8357444,5.005434,6.3564935,7.17954,4.462415,3.930746,0.9143354,0.5737227,0.08958452,1.0311793,disgust,24,03-01-07-01-02-02-24.wav
-473.5657,90.524,-18.264389,-4.167734,-32.858067,-13.446024,-19.964094,-23.758036,-15.184936,2.1421132,-14.010672,0.3932409,-6.2398834,-6.8445835,-0.0036359353,-9.527632,-7.267954,-4.14294,-9.23408,-4.467324,-5.4309278,-4.1234465,-4.98695,-1.063792,-3.873116,1.4771469,-2.492543,-0.09222994,-3.1901958,-3.6278663,-2.4070704,-0.9433818,-3.2626684,-0.26326966,-1.6526693,-0.51593053,0.1245637,-0.07479539,-2.1094928,-0.8720215,disgust,24,03-01-07-02-01-01-24.wav
-358.26138,47.864704,-37.4073,-6.9613037,-27.627985,-17.673248,-21.414583,-15.273909,-9.488745,-2.880376,-15.643184,-0.41361833,-5.953915,-11.85132,-3.8464882,-11.147921,-4.524072,-3.0893207,-5.100375,4.3859587,-1.3101119,0.7718834,0.69392437,3.559113,7.308491,12.556369,9.240297,11.221334,-0.018659817,0.052486334,0.998777,2.5969036,1.8492483,2.381707,-4.1575775,0.02389809,-2.5890722,1.2932941,-0.65700555,0.8121262,disgust,24,03-01-07-02-01-02-24.wav
-361.98663,52.999706,-41.895565,-11.840949,-27.572027,-21.85437,-29.972418,-25.721786,-16.336761,-7.80429,-16.325378,-1.675041,-15.250485,-9.0714655,-8.789297,-14.464046,-12.574097,-10.412073,-9.492476,-1.4523888,1.9559377,3.890142,4.3729196,4.8936357,-0.007534208,2.2516057,1.7976651,8.353848,7.277456,7.0252175,3.9205143,2.9577854,-3.4135592,0.19525616,-0.94715285,1.9039605,-2.1911964,-5.3834805,-5.705697,0.50914854,disgust,24,03-01-07-02-02-01-24.wav
-369.7464,38.49956,-30.382315,-6.9809203,-26.768309,-25.67015,-29.06895,-24.29945,-19.643103,-7.804252,-13.101592,-5.962068,-13.233097,-12.309652,-9.688135,-10.173756,-10.327785,-9.197724,-12.66283,-10.906572,-10.505965,-4.2043877,-4.4006133,11.992456,12.416455,22.838669,17.906721,17.25109,8.2059965,1.9170653,-0.062894784,1.7410054,0.37075746,4.0672474,0.18673442,-1.4132496,-3.708745,-2.0520272,-3.5293767,-0.6941152,disgust,24,03-01-07-02-02-02-24.wav
-469.31796,63.26942,-12.7597065,-5.2300425,-22.683245,-14.079196,-19.608906,-20.511684,-17.22959,-14.961971,-15.724271,-10.397406,-19.453701,-6.923987,-3.9303901,-8.542805,-4.2916937,4.3458934,4.642809,7.6767216,5.042127,1.0390306,2.0343423,2.829844,2.5490587,7.9884896,0.5918645,3.0745192,-2.215991,-1.4069762,-1.434122,1.0794573,-0.33474377,0.61123633,-4.905743,0.37478873,-3.856142,-2.4658892,-2.3681226,-1.684035,surprised,24,03-01-08-01-01-01-24.wav
-354.31287,76.95143,-28.689697,-16.048817,-28.689054,-19.835772,-28.187405,-27.48695,-14.046215,-11.833834,-21.879576,-7.339301,-15.713697,-1.5581324,5.511421,0.7902826,4.4980326,0.19807126,-1.9361155,-1.6578349,-1.9590274,3.3119192,0.28925842,2.6679957,1.2594687,1.6299671,-0.7517504,3.7657278,0.95849234,6.294038,1.0678475,5.9598274,3.4480305,2.5538468,-0.7361425,2.2272456,-2.4623969,-0.6394719,-3.4057863,-0.24933296,surprised,24,03-01-08-01-01-02-24.wav
-378.09207,57.908257,-22.847559,-4.4333553,-24.197357,-12.844731,-26.295937,-18.861872,-17.19832,-11.897934,-16.394535,-0.7365084,-17.422483,-4.215694,-3.726331,-13.110528,-5.8233194,-1.818472,-4.4831824,0.8959438,2.3213632,3.1477513,8.214591,7.6148777,2.755523,-1.9797996,-4.6617513,9.260723,5.693365,8.613617,-0.68721074,0.87691516,0.9775627,3.9478765,2.5264137,2.8018005,0.11255618,-3.1539235,-6.2568235,-4.512819,surprised,24,03-01-08-01-02-01-24.wav
-379.4029,49.42657,-35.550583,-9.766071,-33.12131,-18.214817,-30.294674,-29.891895,-14.5973425,-15.094072,-18.654428,-6.387516,-14.939863,3.566964,8.752135,-2.6128597,-0.2763263,-1.7565819,-6.203396,0.9616141,1.7009637,3.1897795,0.8505952,3.6464775,-3.890308,-1.3545883,2.2388475,11.585393,3.7772624,-0.5865228,-4.247715,1.2084488,1.6115808,0.57936394,-4.5522437,-4.1610374,-4.5769076,-2.7931592,-1.4486859,-0.09192819,surprised,24,03-01-08-01-02-02-24.wav
-353.7361,76.23784,-24.748829,-16.524841,-28.407404,-27.665731,-19.943722,-21.519035,-17.735188,-8.86567,-17.917217,7.7707872,-5.187429,-3.8037682,3.571199,-10.185423,-3.029203,-4.48142,-2.3773818,-2.9275537,-3.3188922,2.2841215,5.76609,6.7321825,2.7368078,10.354817,3.7156327,7.7512846,3.7070012,0.4843173,-2.430093,-0.60110056,-0.6795714,0.3656598,-1.4409986,1.9316841,-4.0694456,-1.8147227,-2.625589,-0.51533633,surprised,24,03-01-08-02-01-01-24.wav
-355.3017,59.300747,-29.407688,-11.246214,-25.807941,-30.993492,-21.65958,-21.504171,-15.797348,-2.131036,-13.319643,6.700563,-7.4531646,-4.649748,2.33363,-10.276162,2.4050148,-1.1760714,-7.544407,3.8255384,-0.54287523,6.2843523,3.3299084,3.0129874,-0.26618633,2.9172146,0.5326288,6.210846,0.770762,1.5733957,1.6470534,2.1273148,-1.9113374,-0.27154326,-2.8513856,0.92169404,-2.5444639,-1.2625722,-2.6798801,-1.0158672,surprised,24,03-01-08-02-01-02-24.wav
-298.38153,37.45791,-11.157033,-5.3022037,-26.78601,-11.192875,-18.19838,-14.259335,-5.2175694,-15.425637,-11.821607,-6.010079,-18.55974,-3.5861385,-5.4972744,-6.1415315,-2.0183764,3.7502232,-0.48576167,5.8055415,12.807497,7.2658567,9.776959,10.965002,4.189234,7.377822,0.7400533,2.16575,-1.9924643,-0.16183472,-1.3733767,2.6017587,-3.4521961,-1.4737529,-3.9144738,2.271396,0.28614855,1.6763989,-2.4647443,2.806774,surprised,24,03-01-08-02-02-01-24.wav
-334.69617,48.646236,-7.757564,-16.080269,-15.253641,-17.113094,-22.364098,-13.272084,-25.015165,-9.681613,-18.04425,-11.465287,-11.850766,-5.2506485,0.9375798,0.06298285,3.1323152,12.408472,0.39391494,3.1914966,3.6276572,3.020503,4.790839,7.3648963,3.7474306,4.037286,0.030129157,4.5782256,-0.149538,4.2566085,0.32336968,1.658141,-1.3606224,0.5045208,-0.5221231,1.8219022,-1.0705036,-0.5767852,-3.2885013,0.36518216,surprised,24,03-01-08-02-02-02-24.wav
